{"SCRUSDT": 10178413.6348, "AEVOUSDT": 11016148.05042, "NEARUSDT": 108968213.68, "VOXELUSDT": 3977112.8103, "ZROUSDT": 26684294.38193, "TRBUSDT": 28446217.0851, "HOTUSDT": 6476726.007556, "ICPUSDT": 26147136.341, "FXSUSDT": 5731799.31311, "RVNUSDT": 3903051.18158, "DYMUSDT": 8588042.31597, "DUSDT": 7411765.32571, "RUNEUSDT": 54976790.953, "SAFEUSDT": 4321991.2289, "RAYSOLUSDT": 20467159.0138, "1INCHUSDT": 9457822.7778, "XLMUSDT": 113374665.49657, "LISTAUSDT": 8156819.1067, "BBUSDT": 10996958.13239, "ONEUSDT": 10248518.36813, "MUBARAKUSDT": 191784015.7622, "AIUSDT": 13630657.61811, "AI16ZUSDT": 124997867.92473, "EIGENUSDT": 75177005.43661, "POLUSDT": 23870781.86502, "LUMIAUSDT": 10313484.9353, "SCRTUSDT": 3083340.6405, "AVAUSDT": 8816066.5819, "ZRXUSDT": 8173576.31438, "EPICUSDT": 23023479.98658, "TNSRUSDT": 10137200.84628, "LEVERUSDT": 4977483.1287862, "API3USDT": 5081348.43083, "BTCUSDT_250328": 30593901.0303, "KNCUSDT": 4017708.3846, "TRXUSDT": 118985392.8655, "LAYERUSDT": 106553481.71321, "AXLUSDT": 7667990.31689, "ZETAUSDT": 5653841.0896, "GHSTUSDT": 1882613.699, "TONUSDT": 49387274.12737, "BROCCOLI714USDT": 21336200.61806, "PIXELUSDT": 8638541.34316, "SWARMSUSDT": 104738518.3861, "VICUSDT": 11532013.2413, "FORMUSDT": 43918766.95504, "BRETTUSDT": 13688244.36797, "STORJUSDT": 7811718.4407, "COMPUSDT": 14946705.80637, "MOVRUSDT": 4559075.88708, "BCHUSDT": 91182038.74733, "SUSDT": 56284729.7019, "NFPUSDT": 5820322.7446, "LDOUSDT": 81247793.3155, "VANAUSDT": 43106419.67789, "SUNUSDT": 4038918.541534, "ACHUSDT": 12800521.965632, "XRPUSDT": 1838053168.416, "MAVUSDT": 4205459.0672, "VANRYUSDT": 10136236.32677, "BLURUSDT": 11351294.30365, "ALICEUSDT": 7437027.9112, "UMAUSDT": 5878017.73, "HBARUSDT": 170084663.6109, "IPUSDT": 154964021.035724, "ORCAUSDT": 6020921.2036, "FLOWUSDT": 14814804.4441, "AVAXUSDT": 226440373.729, "XMRUSDT": 18456300.35741, "RONINUSDT": 4976090.11751, "TAOUSDT": 112442784.10012, "ORDIUSDT": 103367759.116, "ETHWUSDT": 3523127.0674, "C98USDT": 7420792.3483, "ZILUSDT": 8519916.8149, "ENAUSDT": 370235352.3246, "OPUSDT": 82872101.8364, "DFUSDT": 11351052.90409, "ANKRUSDT": 4834244.08388, "JOEUSDT": 3774934.37562, "UNIUSDT": 89699297.996, "LINKUSDT": 334501473.19601, "AIXBTUSDT": 77932792.20538, "BRUSDT": 15224104.8172, "ONDOUSDT": 190329185.10389, "SANDUSDT": 51952724.06955, "KOMAUSDT": 8420754.77392, "BNBUSDT": 459260311.055, "OGNUSDT": 4844443.8133, "ARUSDT": 29958003.2685, "THEUSDT": 33002709.87134, "BIOUSDT": 25739673.7111, "GLMUSDT": 9880122.74722, "AUCTIONUSDT": 16927211.7188, "DIAUSDT": 2823625.8829, "CHZUSDT": 18878184.21561, "CGPTUSDT": 16624490.05939, "WOOUSDT": 5589900.61552, "BIDUSDT": 6310884.98587, "MEUSDT": 30022207.2737, "YGGUSDT": 6566846.069, "1000SHIBUSDT": 130733680.721392, "QNTUSDT": 9335231.974, "HMSTRUSDT": 15230851.703254, "CTSIUSDT": 4252133.9377, "CAKEUSDT": 21384507.682, "HIGHUSDT": 5237145.22748, "IMXUSDT": 13180469.0425, "VELODROMEUSDT": 5406671.50721, "DEGENUSDT": 10648994.225908, "VETUSDT": 29518531.687082, "SAGAUSDT": 20138073.32714, "DOTUSDT": 132062126.3416, "FIOUSDT": 3024443.90922, "SPELLUSDT": 11241148.8827196, "ARBUSDT": 82197852.46035, "AXSUSDT": 17656978.291, "CHESSUSDT": 3705135.0162, "1MBABYDOGEUSDT": 30908415.1822346, "SUSHIUSDT": 20000434.7139, "HIFIUSDT": 3533513.089, "WUSDT": 17063665.928362, "TUTUSDT": 48828677.20421, "QTUMUSDT": 8692242.0686, "ALPHAUSDT": 4479710.0162, "HFTUSDT": 3807281.19485, "BATUSDT": 7498230.97576, "KAITOUSDT": 146612477.27305, "XTZUSDT": 11984380.8011, "MBOXUSDT": 5238285.0933, "GRASSUSDT": 22148417.68789, "1000CHEEMSUSDT": 20572537.4443626, "AEROUSDT": 7524507.44011, "SHELLUSDT": 55175053.5813, "KMNOUSDT": 4170170.44464, "SEIUSDT": 56099358.6867, "XVGUSDT": 8266724.403629, "ZEREBROUSDT": 37985132.7205, "MOODENGUSDT": 33469532.18002, "APTUSDT": 114092348.82769, "EDUUSDT": 4436335.4815, "ARKMUSDT": 38746893.8162, "MANAUSDT": 18730832.1887, "NOTUSDT": 41971685.005147, "GPSUSDT": 23951760.7046, "LRCUSDT": 5778660.01684, "OMUSDT": 58689656.544867, "ALCHUSDT": 50687989.45454, "1000CATUSDT": 20856026.37113, "IOTAUSDT": 20954132.21068, "CELOUSDT": 9001892.649, "HIVEUSDT": 14709057.24268, "BICOUSDT": 3238097.7545, "MYROUSDT": 5982027.6635, "ONTUSDT": 7141660.7952, "SLERFUSDT": 3235421.0313, "CKBUSDT": 6849584.70047, "STRKUSDT": 19561972.3098, "CETUSUSDT": 12483415.67845, "ADAUSDT": 490002987.6964, "TURBOUSDT": 36666081.2909042, "FIDAUSDT": 8381588.67947, "BTCUSDT": 14403072504.9993, "DOGSUSDT": 34542344.0431493, "FLMUSDT": 5871888.1424, "ENSUSDT": 39891031.1969, "MKRUSDT": 33552200.7938, "KAIAUSDT": 5717149.617, "KDAUSDT": 5690209.0209, "EGLDUSDT": 10962920.8543, "VIDTUSDT": 5553435.2024, "SPXUSDT": 33486761.9397, "1000XECUSDT": 3548685.55442, "PHBUSDT": 5882073.123, "FILUSDT": 118512564.8912, "POLYXUSDT": 5760322.54836, "DUSKUSDT": 3969102.04469, "PORTALUSDT": 6780584.36383, "PIPPINUSDT": 21119749.87652, "UXLINKUSDT": 28608032.1804, "ETHUSDT_250627": 7667737.01242, "PENGUUSDT": 94156812.001258, "SUPERUSDT": 10045095.6363, "NEOUSDT": 14710519.80972, "BNXUSDT": 7301508.20419, "KASUSDT": 17751988.19689, "DEXEUSDT": 13623032.16812, "IOSTUSDT": 5376137.183022, "THETAUSDT": 19520110.56025, "USDCUSDT": 3855540.21831, "FARTCOINUSDT": 265906834.21427, "ZENUSDT": 38900274.349, "CRVUSDT": 106669822.1145, "COMBOUSDT": 2771419.87572, "ALGOUSDT": 61626621.81101, "BROCCOLIF3BUSDT": 12014936.496167, "ATAUSDT": 5790510.6942, "ARCUSDT": 157264712.4913, "BELUSDT": 7107387.7199, "1000BONKUSDT": 82636587.103669, "BANANAS31USDT": 25781925.858899, "PLUMEUSDT": 8945462.5968, "GALAUSDT": 88412681.92154, "SKLUSDT": 6798326.86876, "USUALUSDT": 53233010.2568, "ZKUSDT": 17323267.12065, "LPTUSDT": 11594098.2174, "RAREUSDT": 5925912.59954, "USTCUSDT": 5720209.20679, "PYTHUSDT": 17579433.6263, "GMXUSDT": 6580321.38453, "CATIUSDT": 9553152.0947, "VVVUSDT": 16957577.13948, "DOGEUSDT": 1054784597.18187, "AKTUSDT": 3443121.7227, "CFXUSDT": 19941253.69069, "VINEUSDT": 74095018.03869, "SUIUSDT": 628598685.11342, "1000WHYUSDT": 4551846.5911721, "RSRUSDT": 19994493.719388, "NILUSDT": 71836967.36671, "GRTUSDT": 19530931.29403, "JTOUSDT": 34007740.6345, "PENDLEUSDT": 35188779.8496, "MORPHOUSDT": 20331544.15037, "1000XUSDT": 4472404.12009, "MASKUSDT": 16189308.5, "COSUSDT": 2345699.850869, "SOLVUSDT": 51863124.0002, "BEAMXUSDT": 11659349.269945, "IOTXUSDT": 5948593.77102, "SNXUSDT": 14384561.6921, "GOATUSDT": 46281706.972, "ILVUSDT": 4604215.9809, "LUNA2USDT": 11180946.4138, "AAVEUSDT": 209832569.311, "RPLUSDT": 3736103.9432, "METISUSDT": 4398340.115, "POWRUSDT": 5295929.1044, "NMRUSDT": 4852095.1651, "FLUXUSDT": 2924232.7397, "DRIFTUSDT": 9699823.1817, "ANIMEUSDT": 26143668.5275, "ZECUSDT": 7325406.76634, "ACTUSDT": 89575155.83878, "WLDUSDT": 199005172.0098, "BANANAUSDT": 11367010.4444, "ROSEUSDT": 9405358.77496, "DEGOUSDT": 3838806.76182, "NEIROUSDT": 185071708.2407997, "SSVUSDT": 12686413.95267, "AVAAIUSDT": 32309938.21524, "STXUSDT": 26448627.4119, "BTCDOMUSDT": 7501770.1131, "COWUSDT": 24828492.5103, "IOUSDT": 35516892.22299, "DASHUSDT": 6346932.38969, "1000RATSUSDT": 16490005.35098, "GRIFFAINUSDT": 73990988.46432, "PHAUSDT": 7375707.87385, "BERAUSDT": 113354026.9197, "ARPAUSDT": 4558382.17435, "1000LUNCUSDT": 12862511.74181, "LQTYUSDT": 6149202.34144, "ARKUSDT": 6703987.1356, "MOVEUSDT": 82835614.0824, "ENJUSDT": 7305762.09704, "ETHUSDT_250328": 14922516.95222, "STEEMUSDT": 5241404.95834, "NEIROETHUSDT": 16133303.09649, "REDUSDT": 120928607.4659, "FETUSDT": 82757240.2291, "BOMEUSDT": 51679761.146078, "HIPPOUSDT": 6744274.30214, "BIGTIMEUSDT": 13680742.74287, "GASUSDT": 5509339.5329, "YFIUSDT": 7750683.433, "MTLUSDT": 4005169.525, "VTHOUSDT": 9810584.946256, "SONICUSDT": 14082999.00503, "MINAUSDT": 7966247.7683, "ETCUSDT": 74124955.29718, "AGLDUSDT": 22875992.6488, "1000FLOKIUSDT": 46699017.65881, "EOSUSDT": 62407975.4422, "SWELLUSDT": 4848573.7167, "DYDXUSDT": 42316172.9337, "SXPUSDT": 8971570.20784, "SOLUSDT": 2694723663.521, "ICXUSDT": 4680087.2499, "ALTUSDT": 10559076.22295, "PONKEUSDT": 6671304.79666,