{"AXSUSDT": 17466655.767, "BATUSDT": 3431137.22857, "1000000MOGUSDT": 32308332.97287, "BSWUSDT": 3843618.85468, "LQTYUSDT": 8400637.43708, "CAKEUSDT": 7902096.3365, "RDNTUSDT": 19700679.43114, "MBOXUSDT": 7748869.1359, "MEMEUSDT": 27724330.274409, "DASHUSDT": 3653219.60431, "THETAUSDT": 16328037.92781, "ETHUSDT": 6057108558.06383, "RLCUSDT": 3486475.37573, "TIAUSDT": 224766757.5652, "SNXUSDT": 10627738.4541, "BTCUSDT": 14354067671.9537, "STMXUSDT": 9046817.51749, "DYDXUSDT": 57659959.441, "QTUMUSDT": 3729455.939, "BLURUSDT": 27472820.4923, "AUCTIONUSDT": 9589680.49368, "CATIUSDT": 79227103.5003, "COSUSDT": 4900074.549024, "TOKENUSDT": 9184353.81652, "ARKUSDT": 18811304.6091, "SCRUSDT": 46647998.7608, "MANAUSDT": 14236600.2384, "AEVOUSDT": 19011565.76194, "MASKUSDT": 17833731.6726, "GHSTUSDT": 4665123.177, "RSRUSDT": 11841579.75151, "LOKAUSDT": 3729146.7736, "MANTAUSDT": 17571969.35697, "RUNEUSDT": 58172258.481, "STRKUSDT": 41607217.949, "REZUSDT": 18079433.60825, "LTCUSDT": 90463214.98777, "BIGTIMEUSDT": 74493680.44867, "ARPAUSDT": 8640925.08463, "NKNUSDT": 3140635.70137, "IDUSDT": 7961784.03724, "XVGUSDT": 2924009.2200162, "POPCATUSDT": 193349637.0825, "HIGHUSDT": 8955984.33684, "LDOUSDT": 30460334.5692, "FLMUSDT": 6258808.5565, "IOUSDT": 60723894.561, "LISTAUSDT": 18066532.1476, "ONTUSDT": 4800732.75644, "SUNUSDT": 23380337.384299, "REIUSDT": 5697003.93732, "ENSUSDT": 27882112.4222, "1000WHYUSDT": 12951397.7527812, "KAVAUSDT": 8857843.91561, "ANKRUSDT": 4371177.23932, "CHRUSDT": 8026792.0072, "PORTALUSDT": 11101561.49624, "GASUSDT": 6789842.1436, "KSMUSDT": 5852724.7391, "LRCUSDT": 4948935.29756, "ASTRUSDT": 6352715.34787, "MTLUSDT": 4550901.9648, "COMBOUSDT": 2639108.97934, "RVNUSDT": 4501612.68749, "ATAUSDT": 4368827.5656, "ACXUSDT": 69625766.91153, "EOSUSDT": 38063239.2865, "FETUSDT": 153072505.338, "BNBUSDT": 327752657.8254, "API3USDT": 9501132.24641, "DIAUSDT": 21084231.5431, "ICXUSDT": 3380880.2588, "SAFEUSDT": 17079291.5831, "BTCUSDT_250328": 17657839.1784, "TNSRUSDT": 15484234.17741, "AKTUSDT": 19133146.9015, "SEIUSDT": 116470402.083, "LITUSDT": 5377918.5073, "ARKMUSDT": 46315344.3296, "C98USDT": 5792495.4292, "AGLDUSDT": 4732422.9171, "BONDUSDT": 5422196.2117, "CHESSUSDT": 6831526.1361, "PYTHUSDT": 17457481.8653, "AAVEUSDT": 125887982.516, "FTMUSDT": 179797770.8863, "1000BONKUSDT": 107086270.486607, "BAKEUSDT": 12626570.2774, "JUPUSDT": 41652822.4926, "EDUUSDT": 7715724.8436, "UNIUSDT": 73515991.635, "MEWUSDT": 80030702.75306, "FIDAUSDT": 25975190.8308, "ORBSUSDT": 4769872.69954, "PONKEUSDT": 28984932.25766, "CKBUSDT": 20392041.823841, "BELUSDT": 7529309.0512, "DRIFTUSDT": 50418913.0216, "RAREUSDT": 26189454.2971, "REEFUSDT": 42390842.624474, "OMGUSDT": 3548671.98373, "SYNUSDT": 8945542.9705, "NEIROETHUSDT": 149234112.3717, "NEIROUSDT": 773503518.6876149, "ACEUSDT": 11130403.677618, "POWRUSDT": 3993049.7995, "AIUSDT": 14930783.99208, "ALGOUSDT": 11151473.20337, "BNTUSDT": 2164171.5085, "BCHUSDT": 80330373.88491, "SPELLUSDT": 5195345.3463227, "DENTUSDT": 3348995.081037, "EIGENUSDT": 129540058.3758, "1INCHUSDT": 12412088.499, "SLERFUSDT": 20836065.2376, "NEARUSDT": 120066113.708, "MORPHOUSDT": 75094940.17006, "ZROUSDT": 51249076.45488, "MKRUSDT": 38848232.3669, "METISUSDT": 6375182.5902, "BANANAUSDT": 22036084.0564, "AVAXUSDT": 167346552.018, "BLZUSDT": 5506168.93064, "ACTUSDT": 356053961.54053, "STEEMUSDT": 1720954.39935, "ICPUSDT": 28238094.268, "1000XECUSDT": 3677437.94846, "SCRTUSDT": 30185120.0135, "ALICEUSDT": 8331434.1795, "ILVUSDT": 5249628.7877, "ZRXUSDT": 5948381.74411, "HMSTRUSDT": 58763483.974639, "UMAUSDT": 13026724.588, "SYSUSDT": 5681330.96752, "OPUSDT": 77075462.08561, "OXTUSDT": 2507136.19727, "1000SATSUSDT": 154322029.8034281, "DYMUSDT": 20199218.31134, "SKLUSDT": 4611061.78381, "CELRUSDT": 3953754.50474, "COTIUSDT": 13105891.37105, "COWUSDT": 44337435.7071, "BEAMXUSDT": 15543258.666356, "MAGICUSDT": 6007477.11405, "SUPERUSDT": 24089367.279, "RPLUSDT": 5394403.8871, "VANRYUSDT": 10673224.944, "EGLDUSDT": 7899223.6092, "1000CHEEMSUSDT": 14944782.3873711, "ENAUSDT": 157035388.6673, "JOEUSDT": 3107849.7893, "OMNIUSDT": 14008762.02315, "ETHUSDT_250328": 7642947.99962, "DEFIUSDT": 992665.2378, "MINAUSDT": 14118073.1313, "NEOUSDT": 12133844.97096, "MYROUSDT": 23492132.1803, "CFXUSDT": 26455716.11242, "ETHUSDT_241227": 11427062.57066, "CHZUSDT": 21733521.34526, "WUSDT": 30126600.81983, "GOATUSDT": 379474787.8497, "BNXUSDT": 22739891.63605, "STORJUSDT": 13265418.104, "YFIUSDT": 5155840.357, "NFPUSDT": 7575430.77547, "WOOUSDT": 10221161.5494, "WAXPUSDT": 2651992.17469, "ALPHAUSDT": 4006200.0567, "ARUSDT": 33286131.8647, "ADAUSDT": 120874400.2442, "BBUSDT": 22770703.9379, "COMPUSDT": 8482875.81005, "1000LUNCUSDT": 21085775.46667, "TRUUSDT": 8495154.51458, "KEYUSDT": 5780867.0343924, "AERGOUSDT": 5157053.8746, "DUSKUSDT": 6688119.16116, "FXSUSDT": 3587315.20228, "ZETAUSDT": 29094415.4962, "HFTUSDT": 2378433.89017, "OMUSDT": 29006581.627688, "BALUSDT": 3480398.3678, "JTOUSDT": 38185449.8449, "ARBUSDT": 71716824.77546, "XVSUSDT": 3122907.4997, "OGNUSDT": 4673437.478, "DARUSDT": 12515896.76536, "RENDERUSDT": 40626676.609, "NOTUSDT": 115966794.027048, "NMRUSDT": 4542948.8285, "LUNA2USDT": 11260811.0108, "ONGUSDT": 3312503.25127, "CETUSUSDT": 41398153.49946, "BTCUSDT_241227": 23173086.4076, "VETUSDT": 10303372.877805, "FLUXUSDT": 5104044.849, "1000PEPEUSDT": 803965111.2793725, "XTZUSDT": 6460777.5311, "ETHWUSDT": 6431832.5623, "TAOUSDT": 120573701.82752, "ONEUSDT": 5799572.64231, "GLMUSDT": 5153951.55943, "HIFIUSDT": 6593694.1633, "USTCUSDT": 10389215.11755, "TURBOUSDT": 120050687.6312935, "VOXELUSDT": 6277279.6283, "XAIUSDT": 23154719.1578, "1000FLOKIUSDT": 106553058.11367, "ALPACAUSDT": 11069662.44337, "JASMYUSDT": 31792570.241067, "TRXUSDT": 56783389.6267, "TROYUSDT": 50219435.984757, "PEOPLEUSDT": 143456475.77189, "GUSDT": 4800598.46261, "ONDOUSDT": 51134427.1866, "XLMUSDT": 16140907.62148, "LSKUSDT": 2278890.2734, "LINKUSDT": 121210176.74963, "IOTAUSDT": 5977621.16068, "USDCUSDT": 918294.840811, "1000XUSDT": 27076329.16402, "PHBUSDT": 10673236.4011, "MOVRUSDT": 5014551.7512, "BADGERUSDT": 3049083.1306, "RENUSDT": 4156171.24951, "BSVUSDT": 6715181.082, "HOOKUSDT": 6923408.89755, "SANDUSDT": 23270243.0197, "STXUSDT": 59443453.0072, "VIDTUSDT": 18098308.57385, "QNTUSDT": 5432951.397, "PIXELUSDT": 22135021.4307, "CELOUSDT": 24901299.9079, "SSVUSDT": 11401715.18365, "SXPUSDT": 13104153.08096, "FILUSDT": 87785080.4806, "BANUSDT": 119597678.8696, "DOGEUSDT": 411402854.14523, "SOLUSDT": 2161046261.375, "GMXUSDT": 6053315.98631, "1MBABYDOGEUSDT": 90886747.8502691, "LEVERUSDT": 7188136.178938, "RONINUSDT": 4716903.22454, "SFPUSDT": 3378957.1698, "ZKUSDT": 27374537.49768, "ZENUSDT": 6502044.5115, "TONUSDT": 98655594.98329, "LOOMUSDT": 5763121.82087, "ROSEUSDT": 13130960.8544, "IMXUSDT": 20529269.6758, "WLDUSDT": 290722456.0669, "DOGSUSDT": 161669449.3769017, "BANDUSDT": 4154736.83386, "LPTUSDT": 10698223.2278, "MOODENGUSDT": 400933287.05522, "THEUSDT": 237781019.12793, "AXLUSDT": 13412349.6843, "CYBERUSDT": 7781271.071, "SWELLUSDT": 30730147.19461, "TRBUSDT": 45490385.899, "GRTUSDT": 19772530.68752, "BICOUSDT": 3508909.3614, "ACHUSDT": 7064748.481218, "IOSTUSDT": 4083271.045592, "LINAUSDT": 10007134.30952, "POLUSDT": 32016329.0413, "POLYXUSDT": 7147425.22206, "KASUSDT": 16479191.12993, "SANTOSUSDT": 18890941.0347, "DODOXUSDT": 3912346.708326, "PENDLEUSDT": 52767088.3505, "ALTUSDT": 23829447.85409, "UXLINKUSDT": 39522085.0864, "ORCAUSDT": 38059395.565, "PNUTUSDT": 1036920126.6589, "BRETTUSDT": 13538297.1557, "HBARUSDT": 15269523.30549, "ETHFIUSDT": 44085025.24942, "NULSUSDT": 4352098.9347, "CHILLGUYUSDT": 102835472.2803, "HOTUSDT": 6536694.219739, "XMRUSDT": 12016168.15275, "CTSIUSDT": 5182283.9203, "APEUSDT": 56532053.0767, "GALAUSDT": 65821917.53177, "TLMUSDT": 4884385.447577, "KNCUSDT": 3810865.7176, "YGGUSDT": 16525301.8349, "XEMUSDT": 4483521.1258, "RIFUSDT": 3842923.89127, "ZILUSDT": 6342363.9575, "MAVIAUSDT": 8387651.26751,