{"ILVUSDT": 6181416.0374, "NEARUSDT": 120181067.926, "UNIUSDT": 135139837.446, "OMGUSDT": 2046972.14004, "CETUSUSDT": 19495931.46484, "STRKUSDT": 25976362.68592, "DASHUSDT": 10758654.56575, "FIDAUSDT": 11254064.87184, "APEUSDT": 64252461.2473, "FARTCOINUSDT": 268811597.53746, "NEIROUSDT": 255957463.3955664, "DEXEUSDT": 25947237.02913, "FLOWUSDT": 23491718.0893, "RONINUSDT": 7782277.94333, "LPTUSDT": 16556473.1168, "AEROUSDT": 10748185.49949, "ASTRUSDT": 8343974.246171, "QNTUSDT": 12791757.427, "CATIUSDT": 11813858.1154, "ARKMUSDT": 49399775.7182, "MOODENGUSDT": 70783131.86029, "SWARMSUSDT": 161702198.2423, "CELRUSDT": 7463968.31035, "DUSKUSDT": 5715499.1704, "ARBUSDT": 114375229.76167, "HIPPOUSDT": 14027219.7232, "AGLDUSDT": 28352713.3489, "BEAMXUSDT": 15149190.707266, "XRPUSDT": 2270412411.02626, "NKNUSDT": 3585765.89045, "WAXPUSDT": 4632623.55329, "TRUUSDT": 8335670.84491, "MAGICUSDT": 8328996.4498, "XVGUSDT": 14891311.0387342, "ETHWUSDT": 4795220.0985, "STGUSDT": 10916758.3355, "SONICUSDT": 19685970.18248, "BRETTUSDT": 20117723.74122, "SCRUSDT": 17203284.7764, "POWRUSDT": 9306558.4579, "BSVUSDT": 5026456.229, "LITUSDT": 6394166.8588, "HIFIUSDT": 5375154.1385, "ENSUSDT": 74308843.7876, "ONGUSDT": 5363864.75666, "AVAUSDT": 11092939.95945, "RAREUSDT": 6522619.7823, "GASUSDT": 8274009.9133, "ARPAUSDT": 6077956.53394, "STXUSDT": 38889473.6203, "ARCUSDT": 181055894.63602, "MINAUSDT": 10417370.1594, "RUNEUSDT": 70651026.593, "VANAUSDT": 43106419.67789, "BAKEUSDT": 11903357.0084, "TSTUSDT": 322626637.7009, "WIFUSDT": 420441876.71435, "MASKUSDT": 23094466.601, "DOGEUSDT": 1447537738.02187, "CGPTUSDT": 23625807.67188, "GRASSUSDT": 27631036.36447, "YGGUSDT": 8587239.626, "OGNUSDT": 7254868.9468, "VANRYUSDT": 11435806.32937, "NEOUSDT": 21095347.54629, "AKTUSDT": 4177607.8466, "ETHUSDT_250328": 15530892.16712, "LEVERUSDT": 6594313.4452417, "BICOUSDT": 5062351.3244, "SAFEUSDT": 5465334.9823, "COWUSDT": 36503674.1674, "BTCUSDT": 14403072504.9993, "AEVOUSDT": 14196194.98735, "CKBUSDT": 9507261.556532, "1000000MOGUSDT": 19267799.8669, "GTCUSDT": 7817216.1671, "XAIUSDT": 16469130.03142, "CYBERUSDT": 6427174.1446, "BANDUSDT": 5577188.01676, "BELUSDT": 8125723.1427, "ORDIUSDT": 122001745.954, "HBARUSDT": 220170195.87019, "SFPUSDT": 4552864.0848, "REIUSDT": 2701016.66739, "DYDXUSDT": 55170607.2584, "VOXELUSDT": 5227173.3228, "JTOUSDT": 42812026.594, "LINAUSDT": 8096131.6905, "PHBUSDT": 8973106.2816, "AUCTIONUSDT": 14901526.44634, "BTCUSDT_250627": 15375635.1104, "IMXUSDT": 15625898.8294, "VINEUSDT": 165052932.91936, "ETCUSDT": 96334270.98496, "ACEUSDT": 6564188.897013, "QTUMUSDT": 11192753.1102, "ZROUSDT": 31448550.06669, "PYTHUSDT": 24821264.07498, "USTCUSDT": 7952441.745748, "SOLVUSDT": 56245890.134, "INJUSDT": 79246643.4047, "LQTYUSDT": 8993803.32615, "BANUSDT": 78966665.0947, "SUSDT": 45403562.6269, "SUPERUSDT": 12793486.9811, "PORTALUSDT": 9871458.11124, "VIRTUALUSDT": 153073852.8839, "PROMUSDT": 6233317.4293, "HMSTRUSDT": 15470715.389013, "JASMYUSDT": 43150438.92057, "1000XUSDT": 6249483.34481, "IOTAUSDT": 29415219.52614, "DOTUSDT": 169075136.2109, "SLERFUSDT": 5111342.1777, "FILUSDT": 149539852.6963, "RPLUSDT": 4523749.3089, "XTZUSDT": 24874759.1527, "JUPUSDT": 71834881.5037, "SEIUSDT": 77255170.1766, "APTUSDT": 138948507.23389, "ACXUSDT": 7626810.03979, "EDUUSDT": 5332186.9512, "ONDOUSDT": 202283203.58515, "1000XECUSDT": 5769390.89903, "OMNIUSDT": 10632193.06362, "1000PEPEUSDT": 943310694.9666944, "MTLUSDT": 6136777.726, "GPSUSDT": 20489353.6366, "CFXUSDT": 25641225.72469, "1000LUNCUSDT": 20357067.08322, "SYNUSDT": 6453662.7893, "REZUSDT": 9230638.19468, "ALPHAUSDT": 6433858.70262, "DOGSUSDT": 42842633.3566338, "IPUSDT": 440060999.09211, "DEGOUSDT": 3429705.40361, "MKRUSDT": 37654284.1641, "TONUSDT": 54499117.91469, "YFIUSDT": 11541003.128, "ALTUSDT": 14587694.43604, "TURBOUSDT": 58973862.6552173, "HIVEUSDT": 22066973.19441, "MBOXUSDT": 7151893.9476, "ALICEUSDT": 9181942.8353, "GRTUSDT": 24962674.83163, "DRIFTUSDT": 15151100.1665, "NEIROETHUSDT": 20931069.08416, "VETUSDT": 41752097.620763, "TWTUSDT": 6524053.2958, "AIUSDT": 20526576.97529, "BTCDOMUSDT": 8870159.4479, "HOTUSDT": 9479539.351885, "LTCUSDT": 316498165.93384, "MOVRUSDT": 6433955.96914, "ZRXUSDT": 14558258.19491, "USUALUSDT": 113811921.7718, "COTIUSDT": 11167867.01704, "PENDLEUSDT": 43239497.4162, "LOKAUSDT": 3227938.232, "BIGTIMEUSDT": 22423814.40828, "TAOUSDT": 129924973.74069, "BNXUSDT": 8696835.52014, "ETHUSDT": 8679677888.80398, "ANKRUSDT": 7050048.25127, "STEEMUSDT": 8264933.40516, "MEMEUSDT": 25304378.607507, "TNSRUSDT": 12131305.46195, "AVAXUSDT": 256062306.237, "FXSUSDT": 7523416.80043, "MORPHOUSDT": 50584507.70154, "LUNA2USDT": 16416323.9824, "DUSDT": 10897641.78739, "RLCUSDT": 5858789.93128, "KMNOUSDT": 5560494.0588, "SPELLUSDT": 11139814.59272, "FIOUSDT": 5015560.52078, "RENDERUSDT": 51249668.8534, "COOKIEUSDT": 35069653.9462, "TRBUSDT": 33848989.8809, "TUSDT": 4443931.5032, "THETAUSDT": 32335736.29235, "GLMUSDT": 10905927.73334, "OXTUSDT": 4070763.89593, "TROYUSDT": 17332596.337942, "METISUSDT": 5859033.9041, "EIGENUSDT": 100374759.06788, "KASUSDT": 20698770.36861, "ZILUSDT": 11530141.8076, "1000SATSUSDT": 66270220.8613204, "STORJUSDT": 11924335.2074, "AVAAIUSDT": 39400143.45223, "CHZUSDT": 25486865.94716, "BERAUSDT": 229681000.286, "XVSUSDT": 7562747.0917, "ACTUSDT": 175950170.40965, "IDUSDT": 10282255.8437, "ENJUSDT": 8691888.69662, "VELODROMEUSDT": 5848351.0408, "QUICKUSDT": 2247217.01412, "GOATUSDT": 99146424.129, "GMTUSDT": 46509011.78005, "GRIFFAINUSDT": 93755968.95255, "CTSIUSDT": 5653035.9498, "SYSUSDT": 3054750.34926, "SSVUSDT": 18192228.31041, "POPCATUSDT": 135077723.0698, "KAIAUSDT": 8302650.5952, "ETHUSDT_250627": 7667737.01242, "AI16ZUSDT": 190241618.72018, "ARKUSDT": 9553744.0658, "MANTAUSDT": 13917502.71628, "LDOUSDT": 108928908.5623, "ZKUSDT": 24693368.58481, "CELOUSDT": 12925409.983, "HFTUSDT": 4138058.26302, "LINKUSDT": 374852182.10975, "ZETAUSDT": 7353667.0006, "OPUSDT": 101347067.55548, "NMRUSDT": 6209594.3083, "HOOKUSDT": 6159539.89428, "BTCUSDT_250328": 30289900.2715, "DFUSDT": 10691793.64082, "SUNUSDT": 6689449.315537, "JOEUSDT": 4774885.88878, "ZEREBROUSDT": 40524343.4558, "BADGERUSDT": 6040053.3454, "ALCHUSDT": 37742093.11636, "1MBABYDOGEUSDT": 53213974.6059019, "DYMUSDT": 9937517.7936, "XMRUSDT": 21833263.12195, "ONEUSDT": 16116454.52191, "BCHUSDT": 95712791.80609, "ORCAUSDT": 8196855.2981, "PEOPLEUSDT": 50538668.66124, "VIDTUSDT": 7384594.84255, "ONTUSDT": 10947469.04127, "BATUSDT": 11449339.50828, "BIOUSDT": 39672449.5431, "AERGOUSDT": 9840854.316, "LSKUSDT": 4471252.875, "CAKEUSDT": 20784512.1296, "UMAUSDT": 6989677.673, "ENAUSDT": 400618914.814, "LAYERUSDT": 92320765.4212, "EGLDUSDT": 13557792.3956, "RDNTUSDT": 7967567.70413, "1000BONKUSDT": 147640869.394977, "USDCUSDT": 5144499.512828, "RSRUSDT": 24481199.068285, "NOTUSDT": 45829881.228388, "MYROUSDT": 8817201.42265, "1000FLOKIUSDT": 83200769.26203, "SANDUSDT": 78478869.33696, "MEUSDT": 46825411.9273, "API3USDT": 7040489.35842, "IOSTUSDT": 6665414.257505, "AXLUSDT": 9408964.14426, "KAITOUSDT": 859284187.6043, "KSMUSDT": 12061440.3292, "WOOUSDT": 7755948.22371, "DODOXUSDT": 4311040.79621, "ETHFIUSDT": 69943370.81159, "FLUXUSDT": 4328958.6759, "PERPUSDT": 4402736.79864, "ICXUSDT": 7284188.3762, "HIGHUSDT": 6982184.54383, "MOVEUSDT": 114589827.3287, "LUMIAUSDT": 11095250.438, "GMXUSDT": 8317801.3485, "DIAUSDT": 3928394.0747, "PONKEUSDT": 10621448.1427, "GALAUSDT": 124164771.69236, "ADAUSDT": 549711386.3194, "ATOMUSDT": 60880879.89491, "MEWUSDT": 15138671.806455, "SAGAUSDT": 27013709.20895, "COSUSDT": 3998360.343166, "SXPUSDT": 15214585.55552, "1000CATUSDT": 29096155.43049, "BOMEUSDT": 67507031.016895, "POLUSDT": 31733673.00083, "RVNUSDT": 5459324.27057, "KAVAUSDT": 14518832.07955, "ANIMEUSDT": 49530334.6222, "SHELLUSDT": 41266698.8073, "WUSDT": 24522674.435769, "COMPUSDT": 18757649.86665, "AAVEUSDT": 230334032.691, "SOLUSDT": 2710200220.524, "PNUTUSDT": 353316612.09488, "IOUSDT": 50522921.22068,