{"LSKUSDT": 2227102.7729, "BCHUSDT": 76978674.18335, "EDUUSDT": 7513807.8111, "XEMUSDT": 4443698.6769, "ORDIUSDT": 212440046.6804, "UXLINKUSDT": 47834762.815, "PENDLEUSDT": 49504809.3842, "1000000MOGUSDT": 33786769.49747, "MANAUSDT": 13189809.53, "NOTUSDT": 120905544.56098, "RIFUSDT": 3787267.14526, "POPCATUSDT": 169870545.0848, "QUICKUSDT": 3799857.9101, "CKBUSDT": 15141528.279828, "SFPUSDT": 3153058.4994, "LINAUSDT": 9606604.60845, "APEUSDT": 35078217.0348, "USDCUSDT": 816740.408581, "BANANAUSDT": 23550690.1623, "GHSTUSDT": 4044856.286, "ORBSUSDT": 4184121.87616, "CYBERUSDT": 6935081.7447, "USTCUSDT": 7588137.36954, "SYNUSDT": 8930609.5916, "BADGERUSDT": 2725003.1705, "1000BONKUSDT": 79515200.985029, "HFTUSDT": 2176236.80391, "MTLUSDT": 4064844.7949, "ZETAUSDT": 25042089.8913, "JTOUSDT": 35491979.13, "1000PEPEUSDT": 702100335.0387862, "DOTUSDT": 67795576.1227, "TOKENUSDT": 9191514.44576, "PEOPLEUSDT": 142510201.76269, "BNBUSDT": 312270580.9246, "RDNTUSDT": 15162895.22022, "BBUSDT": 23786085.0885, "ARPAUSDT": 6832239.0154, "1000CATUSDT": 65371972.59554, "LDOUSDT": 29923102.4302, "KEYUSDT": 5977550.9671611, "OMNIUSDT": 12233641.90091, "LUNA2USDT": 8428837.806, "NEIROETHUSDT": 173475692.82231, "WOOUSDT": 7791563.40474, "FXSUSDT": 3446260.84434, "BELUSDT": 6434644.1597, "GALAUSDT": 61622217.34481, "RONINUSDT": 4024184.89626, "DIAUSDT": 33830083.5034, "MAGICUSDT": 5246923.81234, "SUNUSDT": 29778155.383149, "AKTUSDT": 56247608.6686, "DYDXUSDT": 41378917.7255, "FTMUSDT": 152940064.3903, "FIOUSDT": 8821161.72654, "IDUSDT": 5644982.48871, "ALTUSDT": 22307763.45053, "ENAUSDT": 130774839.9655, "CHESSUSDT": 5662173.5212, "TLMUSDT": 4409623.581147, "ASTRUSDT": 5995112.641286, "LINKUSDT": 110843434.41286, "SNXUSDT": 9863273.9958, "MAVIAUSDT": 7558275.88155, "BICOUSDT": 3297340.0308, "BATUSDT": 3378595.60859, "QNTUSDT": 4714331.425, "RVNUSDT": 3843549.48072, "LITUSDT": 5044577.0718, "AERGOUSDT": 4343042.6541, "ETCUSDT": 43316237.3936, "DEGENUSDT": 15408197.786388, "SKLUSDT": 3989130.81872, "BANUSDT": 113815300.5312, "LQTYUSDT": 7546818.02603, "HIGHUSDT": 8933303.71749, "OGNUSDT": 4112130.7233, "TUSDT": 4173401.06032, "ENSUSDT": 27465954.8787, "REEFUSDT": 52459150.230345, "ADAUSDT": 112869233.3467, "MBOXUSDT": 7485389.7551, "ILVUSDT": 4851754.2556, "SSVUSDT": 10900962.39273, "ETHWUSDT": 2432691.0971, "IOTAUSDT": 5417247.30114, "RENUSDT": 4156171.24951, "FILUSDT": 84356891.3427, "TRXUSDT": 54436395.76333, "ZKUSDT": 26132491.83575, "LOOMUSDT": 5038243.06103, "GASUSDT": 5790014.7921, "ETHUSDT_241227": 10972164.35174, "ETHUSDT": 5530067659.02683, "CETUSUSDT": 63448590.94007, "XLMUSDT": 15972229.33597, "GMXUSDT": 5320678.63131, "VETUSDT": 9174518.848583, "POLYXUSDT": 7073255.62021, "BIGTIMEUSDT": 46730786.10053, "WAXPUSDT": 2499539.26978, "MINAUSDT": 11117462.0077, "TROYUSDT": 50219435.984757, "GOATUSDT": 430529102.0834, "VANRYUSDT": 9554671.30272, "TNSRUSDT": 14208632.64192, "BNXUSDT": 26159635.82758, "MASKUSDT": 13827164.5232, "AEVOUSDT": 18837069.48052, "AXSUSDT": 16222787.3, "HOTUSDT": 6085471.026817, "ZROUSDT": 51707482.1244, "ETHUSDT_250328": 6644467.40993, "BTCUSDT_250328": 15060351.0098, "LRCUSDT": 4290270.1624, "REZUSDT": 18332539.813, "KDAUSDT": 5202497.6641, "COSUSDT": 3828875.692697, "BONDUSDT": 5051473.0315, "AVAXUSDT": 157234764.91, "BAKEUSDT": 12711333.9517, "XRPUSDT": 287185085.21189, "LTCUSDT": 88307190.71691, "XVSUSDT": 3031816.3719, "1000FLOKIUSDT": 95594873.39424, "TIAUSDT": 175920367.3303, "STXUSDT": 52967621.9953, "LOKAUSDT": 2981610.3695, "ARUSDT": 30875653.1676, "NEIROUSDT": 840951271.1818354, "BTCUSDT": 13394677570.4442, "FIDAUSDT": 21807158.2606, "BEAMXUSDT": 14399509.740444, "OXTUSDT": 2126379.76935, "INJUSDT": 80485803.0938, "ACHUSDT": 5742874.281713, "EGLDUSDT": 7328461.9976, "SAFEUSDT": 23375666.7, "1MBABYDOGEUSDT": 107959410.5581913, "CHZUSDT": 13143604.32691, "SUSHIUSDT": 12149858.5337, "NFPUSDT": 7496558.76484, "GUSDT": 4657090.47073, "AIUSDT": 14959838.59696, "STRKUSDT": 35683200.07883, "CRVUSDT": 68405620.0859, "1000XUSDT": 50878278.30543, "DOGSUSDT": 159549828.3836219, "GMTUSDT": 22514870.45476, "DOGEUSDT": 312680427.74522, "TWTUSDT": 3593174.8602, "AMBUSDT": 5570503.446766, "THETAUSDT": 15886956.67848, "METISUSDT": 5345759.8387, "CATIUSDT": 99294888.7403, "SANTOSUSDT": 32662774.3783, "MOODENGUSDT": 672805158.54199, "POWRUSDT": 3576426.0344, "YFIUSDT": 4868658.035, "OMUSDT": 21961429.382938, "AAVEUSDT": 107581895.548, "ICPUSDT": 25335690.749, "BNTUSDT": 2093561.52035, "POLUSDT": 29995349.4017, "XVGUSDT": 2670528.6426414, "DARUSDT": 11363029.72259, "ALPHAUSDT": 3838120.02625, "GLMUSDT": 5104807.83244, "1000RATSUSDT": 56741741.60225, "QTUMUSDT": 3644645.3473, "MYROUSDT": 16231548.51102, "MEWUSDT": 79843546.756234, "STGUSDT": 4739324.4534, "AUCTIONUSDT": 9517541.99622, "RLCUSDT": 3266896.40694, "COWUSDT": 64716076.0129, "PIXELUSDT": 21484236.9578, "LEVERUSDT": 6618824.1735269, "GTCUSDT": 6419121.049, "ROSEUSDT": 11414464.86426, "COMPUSDT": 7981179.26009, "1000SATSUSDT": 173154702.9737158, "NTRNUSDT": 3135760.5098, "MANTAUSDT": 16122150.00341, "PNUTUSDT": 682829097.24781, "WLDUSDT": 235608957.2822, "HBARUSDT": 14383386.89122, "UMAUSDT": 12024932.019, "ANKRUSDT": 4112111.68462, "DASHUSDT": 3642549.3649, "ATOMUSDT": 44790226.61363, "ETHFIUSDT": 43995536.46896, "DEFIUSDT": 925047.0854, "KNCUSDT": 3480706.0692, "NMRUSDT": 4178571.3094, "CAKEUSDT": 6839137.6453, "STORJUSDT": 11734226.9414, "PERPUSDT": 3406029.54689, "PONKEUSDT": 34380403.06172, "UNIUSDT": 60954805.185, "GRTUSDT": 17256659.01485, "HOOKUSDT": 6923408.89755, "ALICEUSDT": 7644805.6939, "KAVAUSDT": 6921161.89486, "ACEUSDT": 11210264.350742, "DUSKUSDT": 6017875.70405, "SOLUSDT": 2107370703.744, "LISTAUSDT": 19310480.9564, "RENDERUSDT": 35195094.059, "ONTUSDT": 4679014.58635, "COMBOUSDT": 2582766.31164, "SYSUSDT": 5681330.96752, "DENTUSDT": 3162362.411607, "AXLUSDT": 8402268.74647, "KSMUSDT": 4985803.7897, "CTSIUSDT": 4520179.7614, "PHBUSDT": 9186730.6026, "NEOUSDT": 11684562.34965, "IMXUSDT": 18592741.2647, "ALGOUSDT": 10335215.78041, "SCRUSDT": 44850405.2468, "OMGUSDT": 3058971.36536, "ENJUSDT": 5356853.61588, "FLOWUSDT": 8879890.1155, "SUIUSDT": 499288874.40271, "ALPACAUSDT": 10899294.28197, "SEIUSDT": 85566493.353, "KLAYUSDT": 3171784.60183, "SANDUSDT": 21189777.1586, "BOMEUSDT": 115273983.975852, "APTUSDT": 114086674.7891, "LPTUSDT": 10228158.4869, "XTZUSDT": 6132847.0752, "ATAUSDT": 3988605.3077, "STEEMUSDT": 1582354.78408, "HMSTRUSDT": 66891049.494881, "1INCHUSDT": 10302035.6439, "DYMUSDT": 18730925.8388, "BLURUSDT": 22781949.4461, "UNFIUSDT": 6929412.0259, "API3USDT": 7937283.24225, "YGGUSDT": 15992599.9199, "REIUSDT": 4669140.84705, "MKRUSDT": 34783954.9762, "BTCUSDT_241227": 18291492.9377, "JOEUSDT": 2836643.49829, "ONEUSDT": 5221935.32452, "VIDTUSDT": 21971157.22928, "TRUUSDT": 7367213.36075, "WIFUSDT": 511350518.03662, "DODOXUSDT": 2929727.38594, "DRIFTUSDT": 137919676.7548, "CELOUSDT": 14528923.5234, "WUSDT": 16840365.77467, "CFXUSDT": 22601095.30958, "STMXUSDT": 9663827.7948, "NULSUSDT": 3731213.3523, "CELRUSDT": 3781269.41375, "JUPUSDT": 33514649.5451, "SXPUSDT": 6383045.37506, "MAVUSDT": 5282154.596, "ARKUSDT": 4825208.0624, "1000SHIBUSDT": 116080580.282426, "MOVRUSDT": 4408645.84946, "XMRUSDT": 10817567.69389, "FLMUSDT": 6057436.4203, "ONGUSDT": 3079362.64614, "RUNEUSDT": 51534494.389, "SPELLUSDT": 4620878.0487569, "ARBUSDT": 64358112.43689, "JASMYUSDT": 31741808.032929, "AGLDUSDT": 4050693.0977, "HIFIUSDT": 5514044.4623, "XAIUSDT": 20905485.094, "PORTALUSDT": 9990957.24642, "BSVUSDT": 5217588.272, "IOTXUSDT": 4780540.03736, "ACTUSDT": 540286160.04997, "TONUSDT": 94845683.20493, "ZRXUSDT": 5546259.9833, "ZENUSDT": 6432732.9221, "NEARUSDT": 109029064.154, "ARKMUSDT": 37161257.0021, "ICXUSDT": 3044449.1457, "TAOUSDT": 76848094.58226, "BRETTUSDT": 12063540.04739, "HIPPOUSDT": 132195609.49584, "COTIUSDT": 9704526.58093, "C98USDT": 5262615.4381, "EIGENUSDT": 117951431.0379, "VOXELUSDT": 6621444.8832, "IOUSDT": 62158624.2026, "TRBUSDT": 43401582.8079,