{"AUCTIONUSDT": 12700600.21914, "BSWUSDT": 3787326.45918, "ILVUSDT": 6361682.7898, "DASHUSDT": 5525574.67988, "PHAUSDT": 68024613.29051, "BTCDOMUSDT": 5639360.5156, "GMXUSDT": 7055821.48026, "PENGUUSDT": 270759268.0906, "YFIUSDT": 7742503.442, "ARUSDT": 35350554.4987, "HOOKUSDT": 8411403.22475, "RVNUSDT": 6287929.72415, "ETHUSDT_250328": 11113026.15935, "ONGUSDT": 5642459.10639, "SUNUSDT": 16262947.577272, "NMRUSDT": 5360923.0933, "REIUSDT": 5068014.85995, "OMGUSDT": 3608364.69611, "TIAUSDT": 213287850.8348, "LSKUSDT": 3622330.6568, "LQTYUSDT": 9077325.9932, "ASTRUSDT": 6793576.42291, "LOOMUSDT": 3776388.37657, "BTCUSDT_250328": 21132100.6906, "STEEMUSDT": 2516099.23972, "MAVIAUSDT": 7025991.28165, "BCHUSDT": 119693881.54819, "C98USDT": 6798485.6218, "COMBOUSDT": 3785391.21914, "POPCATUSDT": 184830525.0858, "TAOUSDT": 126124633.36458, "RENDERUSDT": 47065896.7863, "ORCAUSDT": 22295316.3615, "ZECUSDT": 25005856.07307, "XVGUSDT": 4413378.7076185, "SWELLUSDT": 13369379.73914, "DFUSDT": 29332886.57215, "QUICKUSDT": 3799857.9101, "NOTUSDT": 80373631.998487, "BTCUSDT": 14795216327.4512, "AEROUSDT": 11801244.14106, "XRPUSDT": 455998971.34349, "XAIUSDT": 25883135.719, "KNCUSDT": 4976549.879, "EGLDUSDT": 11136087.4713, "CFXUSDT": 30277975.6905, "ICXUSDT": 4599783.7098, "UXLINKUSDT": 42418956.7016, "STRKUSDT": 35141265.04279, "OPUSDT": 90397728.4608, "ALPHAUSDT": 10572965.82191, "MEWUSDT": 61643975.215079, "CELOUSDT": 27661534.3253, "JUPUSDT": 51056646.8247, "EDUUSDT": 7739867.4267, "PONKEUSDT": 16392801.26511, "KDAUSDT": 6978709.8448, "AI16ZUSDT": 168732411.29498, "BANDUSDT": 5404741.51122, "KASUSDT": 22505812.53686, "PHBUSDT": 12584843.6245, "KAIAUSDT": 15836106.8511, "YGGUSDT": 16269564.8461, "MANAUSDT": 21212493.8044, "AIUSDT": 16365685.12378, "RUNEUSDT": 60086895.103, "KAVAUSDT": 10885895.28237, "COTIUSDT": 11873431.25332, "ZETAUSDT": 25491041.5512, "MOVRUSDT": 6281318.96511, "BNXUSDT": 15622856.09481, "ENJUSDT": 7478542.42647, "1000CATUSDT": 40224399.49121, "NKNUSDT": 3990142.48619, "GRASSUSDT": 58395426.23052, "RIFUSDT": 4137709.28506, "FARTCOINUSDT": 171821621.56073, "TURBOUSDT": 131171538.5008794, "BIOUSDT": 268780052.6008, "NFPUSDT": 9524452.66531, "KOMAUSDT": 28568328.49552, "ATAUSDT": 5693875.9753, "ZENUSDT": 8252286.451, "DYMUSDT": 18730925.8388, "BEAMXUSDT": 17932333.005148, "THETAUSDT": 23520710.28228, "DOTUSDT": 114089386.1747, "WUSDT": 39073434.789247, "AXLUSDT": 16607718.29751, "ETHWUSDT": 9604689.9514, "SANTOSUSDT": 11202677.7652, "OGNUSDT": 7010073.3514, "BANANAUSDT": 20307272.6353, "AGLDUSDT": 16127837.9499, "GASUSDT": 9879480.4673, "RAREUSDT": 15261947.48894, "JTOUSDT": 43593806.5729, "COWUSDT": 56175910.0108, "FETUSDT": 136692007.4267, "FIOUSDT": 9018405.37953, "STORJUSDT": 18010787.9324, "1MBABYDOGEUSDT": 86646754.0558371, "1000XUSDT": 17864824.90818, "WLDUSDT": 340274035.0453, "SEIUSDT": 122214405.1754, "USUALUSDT": 402583250.0833, "HIFIUSDT": 7463678.0361, "APEUSDT": 104793712.9495, "VIDTUSDT": 13218719.82008, "DOGSUSDT": 93414772.9679485, "SLERFUSDT": 8900089.2767, "MOCAUSDT": 153233360.938, "TLMUSDT": 5991543.382832, "SCRTUSDT": 12508492.3468, "1000PEPEUSDT": 1065911319.1737117, "CHILLGUYUSDT": 106503996.0804, "DEGOUSDT": 5814163.2142, "BANUSDT": 89618041.5037, "GRIFFAINUSDT": 47723477.38398, "SPELLUSDT": 5900817.0978137, "DEGENUSDT": 27818540.053744, "ADAUSDT": 197002939.5556, "ZROUSDT": 43632842.26519, "VANRYUSDT": 12728510.32205, "PERPUSDT": 5387897.29844, "MEUSDT": 117398720.3257, "SUSHIUSDT": 22861115.3872, "ICPUSDT": 31956543.566, "XLMUSDT": 24125531.11824, "STXUSDT": 70975650.6683, "HIVEUSDT": 63187933.7257, "MASKUSDT": 32368248.5767, "MAVUSDT": 6502431.83889, "IDUSDT": 14745865.93733, "GMTUSDT": 31448614.19065, "TONUSDT": 70702235.42885, "1000SHIBUSDT": 255337707.897311, "PNUTUSDT": 556542221.32973, "TNSRUSDT": 18302677.86113, "CETUSUSDT": 35947303.71766, "VELODROMEUSDT": 32397190.38204, "FTMUSDT": 180712362.2462, "QTUMUSDT": 5062116.7364, "OXTUSDT": 3912152.10541, "ARKMUSDT": 61201972.6563, "USDCUSDT": 2321742.693465, "ACXUSDT": 32011213.85531, "HFTUSDT": 3403623.93749, "VETUSDT": 13274352.686065, "BATUSDT": 6185693.21062, "LUNA2USDT": 16408778.2653, "DEXEUSDT": 29515103.44699, "XEMUSDT": 1663440.3562, "PENDLEUSDT": 51057508.8518, "VOXELUSDT": 4869085.4382, "SUPERUSDT": 20699365.2725, "API3USDT": 12017847.14118, "BNTUSDT": 2708364.99556, "AVAUSDT": 34024132.93732, "1000XECUSDT": 6339556.45606, "BELUSDT": 7167910.6004, "LPTUSDT": 13729358.9905, "INJUSDT": 77099995.961, "ARPAUSDT": 6832239.0154, "COMPUSDT": 10344118.1202, "ALGOUSDT": 18409699.96152, "TRUUSDT": 9710291.15659, "WIFUSDT": 555187181.99927, "FXSUSDT": 5382615.31241, "1000WHYUSDT": 10526521.6145688, "CGPTUSDT": 27458405.83409, "ACTUSDT": 265067226.18994, "DENTUSDT": 5097021.206524, "ENAUSDT": 282161139.55, "NEARUSDT": 131823265.782, "FIDAUSDT": 19576988.333, "UNIUSDT": 132720920.961, "OMUSDT": 44560274.298693, "ORDIUSDT": 199721881.8717, "WOOUSDT": 12629344.74499, "MEMEUSDT": 40361559.144741, "BAKEUSDT": 12538507.5091, "DIAUSDT": 13625096.8869, "FLMUSDT": 7716716.4214, "CRVUSDT": 70520163.7829, "ORBSUSDT": 3707404.64649, "FLOWUSDT": 13583156.5674, "TOKENUSDT": 9868444.60189, "TROYUSDT": 57633332.489703, "ATOMUSDT": 52778355.95454, "AERGOUSDT": 6005204.4355, "MAGICUSDT": 8162547.03772, "ETCUSDT": 65054555.3205, "BLURUSDT": 26209369.3973, "CATIUSDT": 47785586.4747, "1000RATSUSDT": 42489156.60302, "COOKIEUSDT": 106682618.7784, "ARKUSDT": 18654363.4896, "AAVEUSDT": 147050375.984, "DOGEUSDT": 1478463329.92144, "LISTAUSDT": 14988665.7683, "PIXELUSDT": 21934935.37144, "BIGTIMEUSDT": 51329331.24633, "LEVERUSDT": 6713535.1184876, "AKTUSDT": 7900240.413, "KSMUSDT": 8383249.4986, "XVSUSDT": 5123102.704, "LITUSDT": 7796757.9445, "BALUSDT": 3938627.6242, "ONDOUSDT": 81181016.44714, "OMNIUSDT": 15072824.12948, "CTSIUSDT": 6302265.1319, "LRCUSDT": 6529837.26898, "AVAXUSDT": 214506359.383, "IOTAUSDT": 9392996.53804, "JASMYUSDT": 36052642.945664, "RLCUSDT": 5741545.79182, "NTRNUSDT": 4246942.3211, "PEOPLEUSDT": 116184413.29638, "ROSEUSDT": 15519639.38568, "EIGENUSDT": 121426585.44903, "CHRUSDT": 8446283.9854, "GRTUSDT": 25334423.46016, "VANAUSDT": 117548272.13224, "SANDUSDT": 34287757.5489, "RDNTUSDT": 15503968.77104, "MTLUSDT": 6590760.8061, "HIPPOUSDT": 42873449.33339, "XTZUSDT": 9171822.5332, "RONINUSDT": 6854615.25735, "ZEREBROUSDT": 44025176.3343, "CHESSUSDT": 5652753.9565, "VIRTUALUSDT": 213402453.82393, "SNXUSDT": 13665730.7207, "STGUSDT": 8114473.8155, "JOEUSDT": 4206079.20601, "LDOUSDT": 48428345.799, "1000BONKUSDT": 157423124.945883, "MBOXUSDT": 7470055.8513, "ARBUSDT": 102535762.74676, "BBUSDT": 22135563.1191, "MORPHOUSDT": 75094940.17006, "AEVOUSDT": 17509749.46121, "BADGERUSDT": 5096208.5155, "XMRUSDT": 13785646.60834, "IOSTUSDT": 4984373.148724, "SONICUSDT": 87361125.50586, "CAKEUSDT": 10335453.1446, "ALTUSDT": 24570897.75686, "CHZUSDT": 34227596.67869, "1000LUNCUSDT": 25478229.75911, "NULSUSDT": 3469215.0596, "ZRXUSDT": 9745912.11087, "ENSUSDT": 43416467.0464, "LOKAUSDT": 3596458.7187, "MOVEUSDT": 304719591.9937, "SWARMSUSDT": 111196872.5171, "SFPUSDT": 3648420.1815, "AXSUSDT": 28096543.212, "CKBUSDT": 19112852.53842, "1000CHEEMSUSDT": 30581705.6860028, "CYBERUSDT": 8184028.7218, "MINAUSDT": 16241976.7376, "RSRUSDT": 12797349.697149, "METISUSDT": 8337269.4952, "SYNUSDT": 8973481.9933, "NEOUSDT": 16240713.19637, "1000000MOGUSDT": 25561145.16076, "LTCUSDT": 125080217.48371, "SOLUSDT": 2325656977.561, "ACHUSDT": 9173830.485442, "ZILUSDT": 10143531.54703, "GLMUSDT": 9019658.20626, "NEIROUSDT": 577625827.9374402, "TRXUSDT": 73284810.50663, "1INCHUSDT": 13203239.3438, "POLUSDT": 34276219.1407, "DARUSDT": 9864732.42611, "MYROUSDT": 24359662.63727, "TUSDT": 4677854.90784, "POLYXUSDT": 10857138.16935, "STMXUSDT": 9489040.68781, "1000SATSUSDT": 115304368.1357719, "HOTUSDT": 9479539.351885, "SAGAUSDT": 73190170.65123, "ALICEUSDT": 9808909.0658, "SPXUSDT": 29200663.5379, "FILUSDT": 119695863.9339, "BOMEUSDT": 126172210.63409, "USTCUSDT": 12877030.505103,