{"CRVUSDT": 67868698.441, "HMSTRUSDT": 61263162.218704, "ZILUSDT": 5565189.449, "GOATUSDT": 352132293.861, "KNCUSDT": 3427194.1287, "LUNA2USDT": 8101482.4785, "LDOUSDT": 30460334.5692, "LOOMUSDT": 5038243.06103, "BTCUSDT_250328": 14601895.2129, "ETHUSDT_241227": 10429194.93669, "IOSTUSDT": 3589875.778535, "DASHUSDT": 3647298.02878, "DRIFTUSDT": 105155358.752, "1000FLOKIUSDT": 94374592.04738, "ALICEUSDT": 7502086.4149, "ARPAUSDT": 5656107.05298, "LINAUSDT": 9889528.99703, "PEOPLEUSDT": 137185362.30984, "XVGUSDT": 2626391.806131, "HOTUSDT": 5370702.776257, "ZKUSDT": 26132491.83575, "1INCHUSDT": 9780042.7422, "QNTUSDT": 4634469.614, "BICOUSDT": 3275568.0043, "KSMUSDT": 4876785.5844, "AEVOUSDT": 18837069.48052, "UMAUSDT": 11892704.412, "ADAUSDT": 110582343.8458, "FILUSDT": 82228014.5358, "GRTUSDT": 17256659.01485, "ASTRUSDT": 5921666.82835, "USDCUSDT": 806047.945464, "KDAUSDT": 4759050.1361, "MOVRUSDT": 4323637.57127, "ALPACAUSDT": 10500654.55283, "MANTAUSDT": 16116609.38426, "DEFIUSDT": 918012.1571, "MASKUSDT": 12991005.6139, "HBARUSDT": 13760915.22099, "POLYXUSDT": 7073255.62021, "XLMUSDT": 15972229.33597, "DODOXUSDT": 2693897.829619, "OPUSDT": 73631355.97406, "CHRUSDT": 7039359.5433, "UXLINKUSDT": 47834762.815, "MEMEUSDT": 20363142.678209, "ACEUSDT": 11210264.350742, "ENSUSDT": 27465954.8787, "API3USDT": 7937283.24225, "OXTUSDT": 2026422.72899, "ZETAUSDT": 24230042.7357, "1000PEPEUSDT": 702100335.0387862, "TUSDT": 4112315.40059, "TAOUSDT": 67137230.67539, "IOUSDT": 62158624.2026, "ARBUSDT": 64358112.43689, "WAXPUSDT": 2499539.26978, "POLUSDT": 29757156.4759, "CATIUSDT": 79227103.5003, "BTCUSDT_241227": 18062912.2936, "LISTAUSDT": 19366083.7667, "YGGUSDT": 15992599.9199, "AGLDUSDT": 3864564.4829, "LINKUSDT": 110463264.55678, "UNFIUSDT": 7818394.9558, "RENUSDT": 4040834.42815, "1000RATSUSDT": 57599481.14276, "MEWUSDT": 84351950.083057, "VIDTUSDT": 26307289.90082, "MANAUSDT": 13248584.4882, "BOMEUSDT": 115273983.975852, "BADGERUSDT": 2720403.995, "SCRUSDT": 40953579.013, "SUIUSDT": 457413223.73969, "GASUSDT": 5790014.7921, "ROSEUSDT": 10876740.04214, "BBUSDT": 24480566.796, "XRPUSDT": 287185085.21189, "RVNUSDT": 3818539.1792, "1000000MOGUSDT": 12126645.20537, "SSVUSDT": 10638525.3928, "SWELLUSDT": 43780263.19214, "APEUSDT": 33829745.6394, "TOKENUSDT": 9026208.529, "CKBUSDT": 14058220.394943, "ANKRUSDT": 4107936.36582, "WOOUSDT": 6908291.66628, "TRXUSDT": 53283048.46286, "AVAXUSDT": 156324301.443, "BONDUSDT": 5422196.2117, "COMPUSDT": 7981179.26009, "BALUSDT": 3135968.6104, "SUNUSDT": 29778155.383149, "XAIUSDT": 20905485.094, "EDUUSDT": 7462143.0302, "BATUSDT": 3378595.60859, "SANTOSUSDT": 53677123.0693, "MINAUSDT": 11117462.0077, "REIUSDT": 4013291.43535, "VANRYUSDT": 9343571.34914, "RDNTUSDT": 13136395.15784, "USTCUSDT": 7008199.66719, "AAVEUSDT": 106300805.509, "BIGTIMEUSDT": 38253693.20909, "AERGOUSDT": 4120458.6336, "ETCUSDT": 42681853.86941, "ETHFIUSDT": 43995536.46896, "ETHWUSDT": 2370460.2778, "KASUSDT": 15043648.86294, "KLAYUSDT": 3847666.94446, "FIDAUSDT": 20821753.0511, "REEFUSDT": 51568165.281884, "INJUSDT": 80485803.0938, "CHESSUSDT": 5643476.3344, "PENDLEUSDT": 48608817.1974, "OMUSDT": 21837134.460887, "HOOKUSDT": 6921736.06243, "NTRNUSDT": 2982286.6849, "NEIROUSDT": 833968010.9464473, "IMXUSDT": 16777133.4923, "ZECUSDT": 14238842.99885, "RONINUSDT": 4024184.89626, "JTOUSDT": 35491979.13, "POWRUSDT": 3520411.7726, "OGNUSDT": 3961465.8666, "KAVAUSDT": 6326471.57904, "ONTUSDT": 4594319.88378, "QUICKUSDT": 3145559.06895, "EIGENUSDT": 129540058.3758, "GMTUSDT": 22239746.65348, "AUCTIONUSDT": 9304017.48418, "DIAUSDT": 36972327.658, "OMNIUSDT": 12118048.77906, "FLMUSDT": 6046504.9368, "KEYUSDT": 5288650.825531, "STEEMUSDT": 1582354.78408, "RLCUSDT": 3112584.36735, "QTUMUSDT": 3589992.5066, "POPCATUSDT": 151290278.4585, "RIFUSDT": 3842923.89127, "STRKUSDT": 35130261.93602, "1000LUNCUSDT": 19304730.43664, "XVSUSDT": 2981179.4699, "LOKAUSDT": 2669757.8698, "BELUSDT": 5790006.6895, "DYMUSDT": 18969937.70677, "BNBUSDT": 303360703.096, "JOEUSDT": 2786393.7979, "FIOUSDT": 7839023.78023, "VOXELUSDT": 5826831.8297, "PYTHUSDT": 13874441.6898, "1000CATUSDT": 64136284.45196, "BANANAUSDT": 22036084.0564, "SPELLUSDT": 4620878.0487569, "BEAMXUSDT": 13829186.623742, "AXLUSDT": 7536992.3769, "WIFUSDT": 511350518.03662, "IDUSDT": 5577452.83509, "PERPUSDT": 3259510.04615, "CTSIUSDT": 4407681.5743, "BTCUSDT": 13034447010.34392, "XMRUSDT": 10572215.99199, "UNIUSDT": 59566588.501, "YFIUSDT": 4868658.035, "PORTALUSDT": 9785851.73327, "AMBUSDT": 5570503.446766, "DENTUSDT": 3147899.136479, "CHZUSDT": 12678114.54754, "STGUSDT": 4739324.4534, "1MBABYDOGEUSDT": 117235316.0644013, "TIAUSDT": 171882999.7555, "NEARUSDT": 109029064.154, "FLOWUSDT": 8710453.652, "VETUSDT": 9044628.603275, "FTMUSDT": 146173973.0819, "ZENUSDT": 6502044.5115, "LSKUSDT": 2227102.7729, "GALAUSDT": 61294791.14171, "BNTUSDT": 2093561.52035, "SAGAUSDT": 115041827.33336, "BTCDOMUSDT": 2340369.0826, "NOTUSDT": 120905544.56098, "THETAUSDT": 15839861.20538, "SKLUSDT": 3975759.21992, "BLURUSDT": 22349202.7529, "SUPERUSDT": 22252860.4578, "ARKMUSDT": 32312729.8623, "MAVIAUSDT": 7555473.91481, "NEOUSDT": 11570288.04901, "LQTYUSDT": 7016616.08606, "ORBSUSDT": 4154640.993928, "WUSDT": 16973607.19808, "ARKUSDT": 4825208.0624, "APTUSDT": 107254648.4598, "ONEUSDT": 5060740.40291, "SYSUSDT": 5664992.2547, "REZUSDT": 19641723.04757, "DOGEUSDT": 305944574.54456, "DOGSUSDT": 159000055.8046442, "FETUSDT": 119481578.007, "XTZUSDT": 5979221.3858, "SEIUSDT": 75665149.6294, "TRUUSDT": 7330163.96694, "ILVUSDT": 4674833.556, "1000BONKUSDT": 77197155.868586, "SXPUSDT": 5847867.29627, "NFPUSDT": 7496558.76484, "DUSKUSDT": 5813537.33189, "FLUXUSDT": 4637078.0658, "CYBERUSDT": 6873954.4054, "ZRXUSDT": 5477113.0068, "ALGOUSDT": 9972502.71164, "GHSTUSDT": 3534338.472, "BSWUSDT": 3076779.38291, "XEMUSDT": 4483521.1258, "RPLUSDT": 3776829.0433, "ENJUSDT": 5208026.55528, "COWUSDT": 174641957.9629, "WLDUSDT": 234223246.2658, "TURBOUSDT": 64239743.203197, "MAVUSDT": 5176441.39902, "TLMUSDT": 4195123.876398, "AIUSDT": 14966313.64489, "NULSUSDT": 3731213.3523, "BCHUSDT": 78321790.31545, "METISUSDT": 5124163.3515, "STXUSDT": 52720073.2985, "COMBOUSDT": 2582766.31164, "RSRUSDT": 10422389.585874, "HIFIUSDT": 5514044.4623, "HIGHUSDT": 8955984.33684, "ETHUSDT_250328": 6564635.35197, "IOTXUSDT": 4745092.75736, "BRETTUSDT": 11823707.57256, "1000SATSUSDT": 177429071.7999196, "JASMYUSDT": 31741808.032929, "SYNUSDT": 8930609.5916, "TNSRUSDT": 14208632.64192, "LRCUSDT": 4285691.74883, "CELRUSDT": 3733581.68877, "ALTUSDT": 21942904.9709, "ORDIUSDT": 212440046.6804, "GRASSUSDT": 37224030.08015, "JUPUSDT": 34242799.2355, "TONUSDT": 94497703.97385, "RENDERUSDT": 34437963.4371, "TWTUSDT": 3582599.0012, "STMXUSDT": 9663827.7948, "CAKEUSDT": 6629818.8363, "ETHUSDT": 5523868083.81981, "CETUSUSDT": 142289351.29376, "SANDUSDT": 21189777.1586, "PIXELUSDT": 19611350.742, "FXSUSDT": 3446260.84434, "MBOXUSDT": 7161193.7393, "BLZUSDT": 4770315.22237, "IOTAUSDT": 5306643.25704, "EOSUSDT": 36769256.1474, "STORJUSDT": 11637469.437, "C98USDT": 5174449.7372, "ENAUSDT": 127020671.1228, "SUSHIUSDT": 12059247.7454, "1000SHIBUSDT": 114469623.826398, "ALPHAUSDT": 3712033.95094, "MYROUSDT": 16231548.51102, "NKNUSDT": 3031671.82793, "CELOUSDT": 13664154.6462, "EGLDUSDT": 7336249.2298, "BSVUSDT": 5272129.185, "ICPUSDT": 24702095.899, "DYDXUSDT": 40821754.9029, "MTLUSDT": 4064844.7949, "SNXUSDT": 9561048.6766, "BANDUSDT": 4048337.60075, "ZROUSDT": 52387539.52281, "1000XECUSDT": 3402509.11814, "BAKEUSDT": 12711333.9517, "RAREUSDT": 36955315.5509, "ARUSDT": 28698698.3273, "GLMUSDT": 5011729.03703, "NEIROETHUSDT": 174063202.8836, "LTCUSDT": 85955575.52176, "ONDOUSDT": 49681996.28705, "OMGUSDT": 3026638.08544, "ONGUSDT": 3040708.53553, "PHBUSDT": 8404793.393, "ATOMUSDT": 43884181.93712, "MOODENGUSDT": 410885500.49011, "LEVERUSDT": 5730308.9711283, "TRBUSDT": 43774735.6914, "COSUSDT": 3264089.822415, "HFTUSDT": 2136058.36094, "ICXUSDT": 3035226.7969, "ATAUSDT": 3965733.4527,