{"BTCUSDT_250627": 8089004.0054, "NKNUSDT": 4226661.62008, "LRCUSDT": 6384742.65239, "WAXPUSDT": 3587851.31571, "JOEUSDT": 3999243.19884, "DOTUSDT": 106839695.3362, "ICXUSDT": 4442203.9936, "JASMYUSDT": 36052642.945664, "BSVUSDT": 6971617.588, "BONDUSDT": 3712271.1911, "IOTXUSDT": 7064172.8761, "XVGUSDT": 4333203.2609072, "OMUSDT": 43082331.018633, "NEIROUSDT": 630903155.0646994, "DOGEUSDT": 1405681755.03605, "LINKUSDT": 168071707.94, "MOODENGUSDT": 284152492.91426, "POWRUSDT": 7479615.403, "ORBSUSDT": 3779634.57782, "AGLDUSDT": 15347742.7048, "BNTUSDT": 2750652.86475, "NFPUSDT": 9524452.66531, "SUPERUSDT": 21967097.1264, "BNXUSDT": 15968972.63102, "ETHWUSDT": 9857994.422, "CTSIUSDT": 6274194.8179, "1MBABYDOGEUSDT": 88156731.0058944, "ALTUSDT": 25970077.5645, "PEOPLEUSDT": 126292081.22302, "ACXUSDT": 36338281.49303, "ONGUSDT": 5642459.10639, "XEMUSDT": 2200219.6269, "LQTYUSDT": 8894199.93848, "SKLUSDT": 6469618.28698, "DEFIUSDT": 1225651.5481, "BANANAUSDT": 20951593.8272, "KASUSDT": 20876396.00875, "NEOUSDT": 16156018.92685, "AERGOUSDT": 5987317.5839, "AI16ZUSDT": 118865721.38267, "GUSDT": 5058027.58156, "UNIUSDT": 113840614.592, "LTCUSDT": 105690483.38193, "IMXUSDT": 20029473.5024, "HMSTRUSDT": 47073854.025627, "USTCUSDT": 12877030.505103, "IOTAUSDT": 8437540.11974, "HIGHUSDT": 8971036.08026, "WUSDT": 39964592.3715, "FXSUSDT": 5463712.65481, "LOKAUSDT": 3599251.8064, "TROYUSDT": 67237014.286861, "WIFUSDT": 559742692.81622, "LUNA2USDT": 16408778.2653, "DARUSDT": 10496987.09579, "XVSUSDT": 5179996.2481, "DYDXUSDT": 68443281.141, "CYBERUSDT": 8435723.8975, "DRIFTUSDT": 38022733.0362, "BIOUSDT": 206029102.1485, "DEGOUSDT": 6358680.42958, "XLMUSDT": 24125531.11824, "ALPHAUSDT": 10191865.3501, "BEAMXUSDT": 17932333.005148, "COMBOUSDT": 3787486.96336, "SXPUSDT": 20590940.20157, "APEUSDT": 101701167.1678, "ETHUSDT_250627": 5138178.10355, "AUCTIONUSDT": 12700600.21914, "1000LUNCUSDT": 25478229.75911, "MEUSDT": 153258452.5642, "ILVUSDT": 6508546.9665, "SEIUSDT": 125355831.6064, "BBUSDT": 22343449.0512, "WLDUSDT": 340274035.0453, "FILUSDT": 102663919.4178, "SUIUSDT": 869483950.04095, "MYROUSDT": 24699761.17407, "AXLUSDT": 16795444.54011, "RPLUSDT": 4708983.538, "VIRTUALUSDT": 192701663.88628, "DEGENUSDT": 27818540.053744, "BAKEUSDT": 12626570.2774, "TUSDT": 4621497.75734, "MOVEUSDT": 288500858.0582, "GMXUSDT": 7047094.60733, "ZKUSDT": 29904512.60044, "ALICEUSDT": 9958552.3753, "AXSUSDT": 27421999.678, "MAVIAUSDT": 7258367.42752, "VOXELUSDT": 4869085.4382, "RIFUSDT": 4432450.23289, "CHESSUSDT": 5662173.5212, "ARPAUSDT": 6739874.58119, "LUMIAUSDT": 16096939.2248, "1000WHYUSDT": 10276072.7408063, "ALGOUSDT": 17289069.9174, "METISUSDT": 8338389.6209, "OPUSDT": 89253275.88624, "1000FLOKIUSDT": 118736087.63282, "VETUSDT": 12966059.711881, "CHILLGUYUSDT": 106503996.0804, "NMRUSDT": 5418973.576, "NEIROETHUSDT": 89113362.4891, "MTLUSDT": 5851200.2181, "SAGAUSDT": 79839920.54844, "GASUSDT": 10338448.5634, "SFPUSDT": 3585381.3755, "C98USDT": 6798485.6218, "CHRUSDT": 8446283.9854, "JUPUSDT": 51895452.5164, "QTUMUSDT": 4650805.6436, "GRASSUSDT": 63452294.92137, "PNUTUSDT": 586848600.41964, "IOSTUSDT": 4932341.512512, "STEEMUSDT": 2328469.36793, "BRETTUSDT": 18216426.0837, "STORJUSDT": 15860978.6754, "XTZUSDT": 8914082.7677, "STXUSDT": 70691698.1108, "BALUSDT": 3914712.8665, "PENDLEUSDT": 52097253.4023, "MORPHOUSDT": 78157756.00862, "FARTCOINUSDT": 156394186.74818, "ANKRUSDT": 5035692.91616, "DENTUSDT": 4713748.180444, "TAOUSDT": 128761422.81893, "ALPACAUSDT": 9166901.32411, "THETAUSDT": 23903151.16849, "ASTRUSDT": 6428013.624212, "ZETAUSDT": 26495712.5258, "WOOUSDT": 12629344.74499, "MAGICUSDT": 7696456.20488, "LDOUSDT": 45378825.2798, "ETCUSDT": 62349229.09171, "MBOXUSDT": 7497059.5906, "ZILUSDT": 9281547.91036, "KOMAUSDT": 29617014.15622, "LINAUSDT": 10850964.93313, "VELODROMEUSDT": 36606344.49275, "MOCAUSDT": 158983681.1419, "TURBOUSDT": 131171538.5008794, "MAVUSDT": 6417760.64891, "ETHUSDT": 7113810256.06474, "TIAUSDT": 224766757.5652, "PYTHUSDT": 26283752.41435, "ROSEUSDT": 15534815.40475, "MANTAUSDT": 18363581.66199, "DODOXUSDT": 5435570.759784, "BATUSDT": 5191858.56158, "VANRYUSDT": 12728510.32205, "DEXEUSDT": 33608785.33678, "GALAUSDT": 92492937.6407, "VANAUSDT": 127871614.16264, "BTCUSDT_250328": 20260285.4223, "BCHUSDT": 113562715.49206, "COTIUSDT": 12563823.23153, "ETHFIUSDT": 66969268.50776, "BIGTIMEUSDT": 56047160.48563, "CFXUSDT": 30619905.37492, "SLERFUSDT": 8943706.5521, "HFTUSDT": 3338916.89964, "COSUSDT": 5456899.924812, "FLMUSDT": 7076467.3796, "POLYXUSDT": 9807857.1655, "RDNTUSDT": 16709376.31663, "MINAUSDT": 16241976.7376, "CATIUSDT": 49859064.9541, "TONUSDT": 73546514.29269, "ONEUSDT": 8178901.29582, "XAIUSDT": 26103691.91491, "SUSHIUSDT": 22861115.3872, "RSRUSDT": 12656403.612032, "NOTUSDT": 92438521.998308, "MEWUSDT": 71524919.795107, "NULSUSDT": 3559869.205, "YGGUSDT": 16525301.8349, "API3USDT": 12206597.19654, "1000SATSUSDT": 118314185.8592672, "CGPTUSDT": 28570053.26313, "DFUSDT": 33997413.50574, "TRBUSDT": 40497811.0761, "KDAUSDT": 6899620.6792, "CRVUSDT": 70520163.7829, "GHSTUSDT": 4313188.202, "LPTUSDT": 14252751.7848, "ACTUSDT": 255369592.3745, "ENAUSDT": 263793583.7589, "ZECUSDT": 23092537.92753, "STRKUSDT": 36095909.74008, "ENSUSDT": 41643155.6069, "PHBUSDT": 12773335.7372, "1000CATUSDT": 40224399.49121, "DOGSUSDT": 103553064.8243561, "CELRUSDT": 6079405.49319, "ONTUSDT": 6200693.17812, "LEVERUSDT": 6731718.1954772, "GMTUSDT": 31448614.19065, "EGLDUSDT": 11006944.5392, "JTOUSDT": 43593806.5729, "RAYSOLUSDT": 13106266.3547, "SPELLUSDT": 5874262.473638, "CELOUSDT": 28491973.8787, "KMNOUSDT": 6637908.64364, "DUSKUSDT": 6688119.16116, "CETUSUSDT": 35947303.71766, "REIUSDT": 5323526.87482, "SNXUSDT": 12936883.2876, "TOKENUSDT": 9915860.46543, "UXLINKUSDT": 42418956.7016, "GRIFFAINUSDT": 28994262.11804, "SWELLUSDT": 14929777.95246, "1000XUSDT": 18820037.40987, "BLURUSDT": 27494560.5197, "BLZUSDT": 7453962.09895, "YFIUSDT": 6510241.908, "AKTUSDT": 7900240.413, "AMBUSDT": 5598303.865146, "EDUUSDT": 8210100.5592, "1000XECUSDT": 6025958.13065, "QNTUSDT": 6189575.49, "NTRNUSDT": 4291176.7368, "SYSUSDT": 4556038.42679, "ETHUSDT_250328": 9985376.25323, "1000SHIBUSDT": 260800627.402853, "XMRUSDT": 13427034.87509, "BSWUSDT": 3819779.65852, "SCRTUSDT": 12508492.3468, "SOLUSDT": 2320385730.092, "LOOMUSDT": 4564377.22776, "BANDUSDT": 5404741.51122, "SAFEUSDT": 12676863.5282, "ICPUSDT": 30373923.603, "PIXELUSDT": 21934935.37144, "1INCHUSDT": 13203239.3438, "XRPUSDT": 455998971.34349, "PHAUSDT": 97488935.09197, "ORDIUSDT": 203429391.745, "KSMUSDT": 7670342.8571, "INJUSDT": 77099995.961, "NEARUSDT": 138577720.383, "SPXUSDT": 27813706.5748, "IOUSDT": 55688847.78021, "EOSUSDT": 46894174.3001, "ORCAUSDT": 22295316.3615, "BICOUSDT": 7195664.2197, "KNCUSDT": 4983284.2205, "1000RATSUSDT": 46753145.98379, "SANTOSUSDT": 11823179.8486, "ADAUSDT": 187929866.8002, "MEMEUSDT": 40844820.251928, "SCRUSDT": 43959948.7272, "RAREUSDT": 16236395.10307, "AIUSDT": 16078395.88794, "AIXBTUSDT": 80775372.192, "FIDAUSDT": 20677690.43098, "RLCUSDT": 5538939.95403, "OXTUSDT": 3912152.10541, "AEVOUSDT": 17902265.43371, "TNSRUSDT": 18302677.86113, "BNBUSDT": 406893971.8769, "SSVUSDT": 14198862.4004, "POPCATUSDT": 192147237.7387, "TWTUSDT": 6186969.2733, "KAVAUSDT": 10886707.22197, "RONINUSDT": 6742892.3736, "HOOKUSDT": 8506107.65105, "BOMEUSDT": 142589645.671191, "STMXUSDT": 9489040.68781, "KAIAUSDT": 15836106.8511, "PONKEUSDT": 16993521.13975, "COWUSDT": 56175910.0108, "BTCUSDT": 14702795800.1606, "DIAUSDT": 14182306.5056, "HIVEUSDT": 58103863.18108, "FETUSDT": 136692007.4267, "VIDTUSDT": 13909108.5437, "IDUSDT": 14745865.93733, "ACHUSDT": 9173830.485442, "ARUSDT": 36738381.9817, "1000BONKUSDT": 157423124.945883, "OGNUSDT": 6559761.3542, "ARKMUSDT": 62411154.1041, "ARKUSDT": 18654363.4896, "DASHUSDT": 4747114.97598, "AAVEUSDT": 132743124.017, "BANUSDT": 87203536.2562, "BTCDOMUSDT": 5262771.4239, "CHZUSDT": 32791547.69606, "PORTALUSDT": 13329061.80507, "ENJUSDT": 7478542.42647,