{"CELRUSDT": 3795453.96554, "ONTUSDT": 4594319.88378, "OMGUSDT": 3026638.08544, "EIGENUSDT": 117951431.0379, "BALUSDT": 3135968.6104, "NULSUSDT": 3731213.3523, "PHBUSDT": 9186730.6026, "TOKENUSDT": 9191514.44576, "SFPUSDT": 3153058.4994, "TIAUSDT": 174274970.2294, "RAREUSDT": 39221900.42138, "QNTUSDT": 4655463.015, "ALGOUSDT": 10335215.78041, "FILUSDT": 84356891.3427, "LRCUSDT": 4290270.1624, "1000PEPEUSDT": 702100335.0387862, "XAIUSDT": 20905485.094, "USTCUSDT": 7588137.36954, "RDNTUSDT": 14936901.99617, "BIGTIMEUSDT": 46421197.2538, "PENDLEUSDT": 49504809.3842, "ZKUSDT": 26132491.83575, "LISTAUSDT": 19366083.7667, "STGUSDT": 4739324.4534, "LUNA2USDT": 8554641.7381, "XMRUSDT": 10772672.10065, "MAGICUSDT": 5174099.08271, "CETUSUSDT": 113836092.80272, "NFPUSDT": 7496558.76484, "LINAUSDT": 9606604.60845, "ROSEUSDT": 11341073.46621, "CAKEUSDT": 6800931.0, "SPELLUSDT": 4620878.0487569, "COWUSDT": 91355734.9752, "1MBABYDOGEUSDT": 109670665.3648667, "JOEUSDT": 2808536.6129, "LQTYUSDT": 7402390.60371, "ZECUSDT": 13621441.37262, "1000FLOKIUSDT": 95594873.39424, "GHSTUSDT": 4044856.286, "BRETTUSDT": 12124204.15584, "ONEUSDT": 5185549.74446, "C98USDT": 5187763.5533, "BTCUSDT": 13034447010.34392, "SANDUSDT": 21347110.6586, "GUSDT": 4657090.47073, "LOKAUSDT": 2970177.9167, "1000LUNCUSDT": 19577147.62065, "HIGHUSDT": 8933303.71749, "OPUSDT": 73631355.97406, "MTLUSDT": 4064844.7949, "STORJUSDT": 11637469.437, "ARPAUSDT": 6536254.83306, "ICXUSDT": 3035226.7969, "NEOUSDT": 11570288.04901, "USDCUSDT": 816740.408581, "ETHFIUSDT": 43995536.46896, "BNBUSDT": 312270580.9246, "NMRUSDT": 4168654.7169, "GOATUSDT": 430529102.0834, "ORDIUSDT": 212440046.6804, "TRBUSDT": 43401582.8079, "HMSTRUSDT": 66891049.494881, "CKBUSDT": 14627346.237418, "HOTUSDT": 5885682.855069, "MANAUSDT": 13248584.4882, "SNXUSDT": 9863273.9958, "STMXUSDT": 9046817.51749, "KNCUSDT": 3427194.1287, "FLMUSDT": 6057436.4203, "SANTOSUSDT": 35523913.6281, "DODOXUSDT": 2911632.717851, "ALPHAUSDT": 3838120.02625, "UNIUSDT": 59992585.196, "BTCDOMUSDT": 2340369.0826, "STXUSDT": 52720073.2985, "SCRUSDT": 44850405.2468, "RSRUSDT": 11140175.000918, "STEEMUSDT": 1576548.17791, "1INCHUSDT": 10041601.1761, "SUNUSDT": 29778155.383149, "SWELLUSDT": 50785332.13532, "TLMUSDT": 4342422.928264, "GMXUSDT": 5320678.63131, "DEGENUSDT": 38498583.667837, "LITUSDT": 5044577.0718, "OGNUSDT": 4112130.7233, "DRIFTUSDT": 137919676.7548, "BLZUSDT": 4793878.09828, "ZROUSDT": 51736850.32319, "ALTUSDT": 22095302.1467, "OMNIUSDT": 12233641.90091, "SAFEUSDT": 23394488.8684, "XTZUSDT": 6006463.5001, "ZENUSDT": 6432732.9221, "HIFIUSDT": 5514044.4623, "ASTRUSDT": 5965560.511614, "KASUSDT": 15043648.86294, "SUIUSDT": 482067722.75927, "REEFUSDT": 52459150.230345, "ONGUSDT": 3040708.53553, "1000SATSUSDT": 173154702.9737158, "SXPUSDT": 6341728.02142, "DENTUSDT": 3147899.136479, "MINAUSDT": 11117462.0077, "DYDXUSDT": 41364341.3781, "AXSUSDT": 16344505.584, "DARUSDT": 11363029.72259, "GRASSUSDT": 64455966.02732, "RUNEUSDT": 51404264.847, "COMBOUSDT": 2582766.31164, "POLUSDT": 29995349.4017, "PNUTUSDT": 522196073.21345, "PEOPLEUSDT": 142510201.76269, "AXLUSDT": 8132220.19462, "SUSHIUSDT": 12130602.4723, "MYROUSDT": 16231548.51102, "ALPACAUSDT": 10819195.74223, "MEWUSDT": 79843546.756234, "MOODENGUSDT": 672805158.54199, "JTOUSDT": 35491979.13, "GMTUSDT": 22512106.47231, "1000CATUSDT": 64650695.406, "DYMUSDT": 18874258.24533, "BOMEUSDT": 115273983.975852, "KAVAUSDT": 6911458.86584, "ACHUSDT": 5742874.281713, "EDUUSDT": 7513807.8111, "API3USDT": 7937283.24225, "BTCUSDT_241227": 18062912.2936, "PORTALUSDT": 9831365.71189, "IOTAUSDT": 5409065.015, "WIFUSDT": 511350518.03662, "ATAUSDT": 3986631.6155, "ORBSUSDT": 4154640.993928, "APTUSDT": 113887205.7583, "CFXUSDT": 22334895.85748, "CYBERUSDT": 6935081.7447, "WAXPUSDT": 2488203.62631, "BICOUSDT": 3297340.0308, "SYSUSDT": 5664992.2547, "SSVUSDT": 10900962.39273, "LOOMUSDT": 4988800.9771, "ENJUSDT": 5217220.17297, "ETHUSDT": 5530067659.02683, "OXTUSDT": 2126379.76935, "FIDAUSDT": 21807158.2606, "KLAYUSDT": 3487644.97248, "NKNUSDT": 3073048.43416, "COMPUSDT": 7981179.26009, "1000XUSDT": 50878278.30543, "POWRUSDT": 3490943.2983, "YFIUSDT": 4868658.035, "IMXUSDT": 17940887.4074, "LEVERUSDT": 6094919.1627498, "BEAMXUSDT": 14399509.740444, "NTRNUSDT": 2994141.1654, "ICPUSDT": 25242987.949, "TNSRUSDT": 14208632.64192, "VANRYUSDT": 9554671.30272, "ACTUSDT": 540286160.04997, "GASUSDT": 5790014.7921, "SUPERUSDT": 23600812.5705, "MAVIAUSDT": 7558275.88155, "SKLUSDT": 3989130.81872, "DIAUSDT": 35879653.5041, "FXSUSDT": 3446260.84434, "UNFIUSDT": 6962985.5539, "BTCUSDT_250328": 14624727.8286, "ZRXUSDT": 5546259.9833, "BLURUSDT": 22657772.8129, "ILVUSDT": 4674833.556, "WUSDT": 16840365.77467, "IDUSDT": 5644982.48871, "BATUSDT": 3343066.01845, "LINKUSDT": 110613901.93349, "KDAUSDT": 5067135.8538, "BNTUSDT": 2093561.52035, "ETHWUSDT": 2370460.2778, "ACEUSDT": 11210264.350742, "ZILUSDT": 5608078.04175, "1000BONKUSDT": 79515200.985029, "METISUSDT": 5275481.9689, "POPCATUSDT": 161267492.4798, "LTCUSDT": 89570366.06088, "GLMUSDT": 5088871.10031, "BSWUSDT": 3286115.98405, "BBUSDT": 24211198.076, "IOTXUSDT": 4780540.03736, "ALICEUSDT": 7644805.6939, "TURBOUSDT": 57095869.940979, "DASHUSDT": 3642549.3649, "ARKUSDT": 4825208.0624, "TROYUSDT": 52316361.236472, "DUSKUSDT": 6017875.70405, "HIPPOUSDT": 132195609.49584, "PYTHUSDT": 13832504.3937, "1000RATSUSDT": 56741741.60225, "GTCUSDT": 6419121.049, "COSUSDT": 3742196.863345, "YGGUSDT": 15992599.9199, "WOOUSDT": 7484396.07667, "RENDERUSDT": 35195094.059, "AERGOUSDT": 4343042.6541, "VETUSDT": 9080279.737735, "ZETAUSDT": 25042089.8913, "RONINUSDT": 4024184.89626, "LDOUSDT": 29923102.4302, "BONDUSDT": 5422196.2117, "DOGSUSDT": 159549828.3836219, "SEIUSDT": 85566493.353, "BNXUSDT": 26159635.82758, "RPLUSDT": 4009585.7816, "NOTUSDT": 120905544.56098, "NEIROUSDT": 854127333.3588283, "IOSTUSDT": 3664710.2533, "SOLUSDT": 2107370703.744, "CHRUSDT": 7256081.517, "FIOUSDT": 8821161.72654, "HBARUSDT": 14197941.82679, "INJUSDT": 80485803.0938, "STRKUSDT": 35499650.52439, "ENAUSDT": 130618166.2335, "AUCTIONUSDT": 9380781.93208, "FTMUSDT": 151831555.3063, "APEUSDT": 35078217.0348, "VIDTUSDT": 23172490.72564, "MBOXUSDT": 7470055.8513, "CTSIUSDT": 4520179.7614, "MKRUSDT": 34223508.1207, "REZUSDT": 18462548.07848, "NEIROETHUSDT": 173475692.82231, "MASKUSDT": 13730739.3911, "ATOMUSDT": 44735911.63013, "PIXELUSDT": 20658579.4393, "BADGERUSDT": 2725003.1705, "UXLINKUSDT": 47834762.815, "BSVUSDT": 5217588.272, "BANANAUSDT": 23550690.1623, "XRPUSDT": 287185085.21189, "UMAUSDT": 11898060.348, "BELUSDT": 6006980.6275, "AIUSDT": 14959838.59696, "OMUSDT": 21961429.382938, "BANDUSDT": 4048337.60075, "KSMUSDT": 4985803.7897, "AEVOUSDT": 18837069.48052, "HOOKUSDT": 6923408.89755, "IOUSDT": 62158624.2026, "BCHUSDT": 76978674.18335, "ONDOUSDT": 49043704.85823, "POLYXUSDT": 7073255.62021, "COTIUSDT": 9663920.16358, "TRUUSDT": 7367213.36075, "ETHUSDT_250328": 6581479.23847, "RLCUSDT": 3173268.5761, "TRXUSDT": 54415153.54368, "TONUSDT": 94845683.20493, "ARKMUSDT": 37161257.0021, "AMBUSDT": 5570503.446766, "SYNUSDT": 8856318.124, "DOGEUSDT": 312680427.74522, "AAVEUSDT": 106882897.236, "LPTUSDT": 10228158.4869, "XLMUSDT": 15972229.33597, "GALAUSDT": 61622217.34481, "WLDUSDT": 235608957.2822, "GRTUSDT": 17256659.01485, "ARUSDT": 29995426.1915, "TWTUSDT": 3582599.0012, "HFTUSDT": 2176236.80391, "PERPUSDT": 3357990.2653, "1000000MOGUSDT": 41843262.77193, "ETHUSDT_241227": 10972164.35174, "CHZUSDT": 12942642.31707, "KEYUSDT": 5937844.3987728, "FLUXUSDT": 4637078.0658, "TAOUSDT": 76283471.95519, "QTUMUSDT": 3644645.3473, "BAKEUSDT": 12711333.9517, "ANKRUSDT": 4112111.68462, "JASMYUSDT": 31741808.032929, "MEMEUSDT": 20363142.678209, "1000SHIBUSDT": 116080580.282426, "PONKEUSDT": 34380403.06172, "MANTAUSDT": 16122150.00341, "VOXELUSDT": 6621444.8832, "NEARUSDT": 109029064.154, "EGLDUSDT": 7328461.9976, "AGLDUSDT": 4021841.6007, "RENUSDT": 4156171.24951, "AVAXUSDT": 157086862.329, "CRVUSDT": 67868698.441,