{"ARBUSDT": 68950845.64151, "MANTAUSDT": 16931077.31286, "LDOUSDT": 30460334.5692, "BATUSDT": 3431137.22857, "BBUSDT": 22770703.9379, "1000PEPEUSDT": 748919895.064952, "PNUTUSDT": 1119377428.29552, "OXTUSDT": 2282375.85361, "DYMUSDT": 18969937.70677, "LEVERUSDT": 7144790.2913133, "LQTYUSDT": 8365766.96924, "COMPUSDT": 7981179.26009, "ZROUSDT": 51249076.45488, "CHZUSDT": 14014397.02571, "HIPPOUSDT": 60777038.4419, "GRASSUSDT": 95177743.76503, "BANDUSDT": 4147167.14963, "NOTUSDT": 117118546.87545, "TUSDT": 4167927.53192, "KNCUSDT": 3575189.951, "AERGOUSDT": 4821354.5604, "FILUSDT": 87489044.6109, "BADGERUSDT": 2839741.4612, "RAREUSDT": 27557463.54603, "CAKEUSDT": 7902096.3365, "PYTHUSDT": 15958887.0084, "KAVAUSDT": 7414501.53105, "SPELLUSDT": 5195345.3463227, "DEGENUSDT": 41963148.351284, "ORBSUSDT": 4275030.949441, "AMBUSDT": 5499738.682195, "DEFIUSDT": 982327.6004, "SWELLUSDT": 36323503.53562, "ASTRUSDT": 6352715.34787, "BRETTUSDT": 12953533.37288, "ENAUSDT": 146131428.3513, "GMTUSDT": 24116776.54831, "OPUSDT": 74702023.78573, "TROYUSDT": 54515741.887671, "STGUSDT": 4800834.8348, "NEIROUSDT": 783091080.2152655, "DOTUSDT": 70686393.8236, "BALUSDT": 3287263.192, "XRPUSDT": 295096493.03407, "1000WHYUSDT": 5987239.1657586, "DRIFTUSDT": 57325283.2795, "JTOUSDT": 36002485.081, "ETHWUSDT": 3126920.218, "FLOWUSDT": 9328671.7879, "SUSHIUSDT": 12988802.0686, "BANANAUSDT": 23550690.1623, "KASUSDT": 15560748.23655, "METISUSDT": 6194934.5688, "ETHUSDT_241227": 11241397.26677, "ARKMUSDT": 42831872.1179, "REIUSDT": 5068014.85995, "HIGHUSDT": 8933303.71749, "WLDUSDT": 277774061.219, "ACTUSDT": 342572732.61877, "MASKUSDT": 15325227.9821, "CELOUSDT": 16387930.9461, "ZILUSDT": 6245877.35706, "AXSUSDT": 16872370.352, "XVGUSDT": 2873329.2752, "BONDUSDT": 5024726.55, "UNIUSDT": 69864424.961, "JOEUSDT": 3062739.6896, "MEWUSDT": 78896179.207292, "BTCDOMUSDT": 2620209.6759, "LSKUSDT": 2227102.7729, "1MBABYDOGEUSDT": 99277882.1166911, "GLMUSDT": 5104807.83244, "GASUSDT": 5991115.3863, "NULSUSDT": 4157032.6296, "BLURUSDT": 23257511.4354, "NFPUSDT": 7496558.76484, "ONDOUSDT": 49681996.28705, "CHRUSDT": 7932234.1166, "VETUSDT": 9717956.27084, "CHESSUSDT": 6519825.1042, "YFIUSDT": 4898590.899, "DASHUSDT": 3647298.02878, "COWUSDT": 54265748.5824, "BSVUSDT": 5490223.541, "BOMEUSDT": 121056033.349687, "HMSTRUSDT": 62522162.318118, "QUICKUSDT": 3799857.9101, "RVNUSDT": 4102368.22215, "ARUSDT": 30936281.2696, "CKBUSDT": 17274169.558461, "IOSTUSDT": 3984975.711586, "SUNUSDT": 24405355.545526, "LITUSDT": 5309591.5149, "THEUSDT": 275714405.28102, "API3USDT": 8698603.00706, "PORTALUSDT": 10845320.25934, "VANRYUSDT": 10335602.03003, "ATAUSDT": 4210910.5625, "ZRXUSDT": 5879853.94158, "KSMUSDT": 5569287.997, "CHILLGUYUSDT": 46198285.1779, "ICXUSDT": 3111967.9494, "MOVRUSDT": 4898852.20285, "CTSIUSDT": 4779571.201, "SUIUSDT": 631889529.60914, "SAGAUSDT": 109212841.24536, "IOUSDT": 62413093.4345, "1000BONKUSDT": 92945056.869189, "ENJUSDT": 5370280.25756, "MTLUSDT": 4293382.7316, "COTIUSDT": 10992065.4631, "1000000MOGUSDT": 32308332.97287, "USTCUSDT": 9301555.54144, "1000XUSDT": 25977567.32888, "DENTUSDT": 3216242.602275, "ATOMUSDT": 45463099.57852, "MORPHOUSDT": 27280989.95672, "VIDTUSDT": 20292378.99632, "MYROUSDT": 19611944.30477, "COMBOUSDT": 2588360.64639, "MAGICUSDT": 5605107.28448, "APTUSDT": 147922006.41084, "OGNUSDT": 4647971.5462, "AKTUSDT": 20565817.7741, "PIXELUSDT": 21782597.5541, "HFTUSDT": 2319339.7834, "IMXUSDT": 20105535.3951, "DODOXUSDT": 3636876.40953, "PERPUSDT": 3512822.95382, "LPTUSDT": 10698223.2278, "1000CHEEMSUSDT": 4003960.8720129, "SFPUSDT": 3153058.4994, "NKNUSDT": 3140635.70137, "DYDXUSDT": 49207597.9644, "TIAUSDT": 189776552.9185, "POLYXUSDT": 7147425.22206, "SYSUSDT": 5681330.96752, "RENUSDT": 4395173.78213, "BELUSDT": 7392384.656, "ONEUSDT": 5514681.81289, "STORJUSDT": 11903491.9009, "PEOPLEUSDT": 152947480.34467, "STRKUSDT": 37932931.73861, "FETUSDT": 154519594.455, "SKLUSDT": 4036672.53081, "GTCUSDT": 6502693.7949, "SCRUSDT": 46647998.7608, "APEUSDT": 43436030.0993, "CATIUSDT": 90190996.1235, "MKRUSDT": 37644509.1471, "MAVIAUSDT": 7558275.88155, "SEIUSDT": 105797157.434, "OMNIUSDT": 12621842.62321, "RIFUSDT": 3787267.14526, "IDUSDT": 6667645.67745, "1000RATSUSDT": 58365551.75783, "JUPUSDT": 36831718.9657, "TRUUSDT": 7965707.64353, "STEEMUSDT": 1617560.66959, "FIDAUSDT": 24228732.5828, "OMGUSDT": 3166942.36465, "ORDIUSDT": 218500010.7639, "DUSKUSDT": 6673994.64873, "ALICEUSDT": 8007554.4082, "BNTUSDT": 2137539.90405, "JASMYUSDT": 31741808.032929, "AUCTIONUSDT": 9517541.99622, "ZECUSDT": 14073603.17668, "SCRTUSDT": 94981738.1853, "BANUSDT": 136046658.9458, "DARUSDT": 12515896.76536, "TOKENUSDT": 9184353.81652, "BLZUSDT": 4936705.88911, "CETUSUSDT": 43937458.94933, "LINAUSDT": 9889528.99703, "LUNA2USDT": 9415357.7266, "BCHUSDT": 76978674.18335, "RENDERUSDT": 40626676.609, "SANTOSUSDT": 21625021.9042, "DOGSUSDT": 161669449.3769017, "SLERFUSDT": 24776898.5442, "UNFIUSDT": 5174487.7326, "AXLUSDT": 11432321.02987, "VOXELUSDT": 6490121.4069, "FIOUSDT": 9018405.37953, "USDCUSDT": 830595.386307, "GHSTUSDT": 4313188.202, "GUSDT": 4703633.39267, "RDNTUSDT": 17774292.22618, "ETHUSDT": 5659435689.68286, "THETAUSDT": 16307943.40987, "LOOMUSDT": 5173628.98617, "ACEUSDT": 11130403.677618, "UXLINKUSDT": 39879976.4996, "AAVEUSDT": 112352630.519, "DOGEUSDT": 347119911.67643, "TRBUSDT": 44657773.5602, "1000SATSUSDT": 162070647.9449098, "INJUSDT": 82886464.6257, "ARKUSDT": 14324183.1116, "ACHUSDT": 6697081.138005, "SXPUSDT": 8069518.04518, "GMXUSDT": 5537009.93957, "NTRNUSDT": 3135760.5098, "GOATUSDT": 409365770.5073, "ICPUSDT": 26998420.317, "TONUSDT": 98655594.98329, "C98USDT": 5666841.1814, "1INCHUSDT": 11272949.4979, "CRVUSDT": 67868698.441, "TNSRUSDT": 14208632.64192, "ONGUSDT": 3080400.38933, "HBARUSDT": 15066127.16455, "HOTUSDT": 6527826.815912, "XEMUSDT": 4483521.1258, "AEVOUSDT": 18837069.48052, "MOODENGUSDT": 474528484.67888, "EDUUSDT": 7692685.4385, "1000LUNCUSDT": 20050079.22178, "COSUSDT": 3987920.777155, "TAOUSDT": 101878927.41167, "NEIROETHUSDT": 166423460.6238, "NEOUSDT": 11785321.59067, "EGLDUSDT": 7734258.2627, "MANAUSDT": 13545564.3073, "WIFUSDT": 556637382.81436, "CFXUSDT": 23638127.29477, "XTZUSDT": 6364198.6588, "POWRUSDT": 3721471.1145, "HOOKUSDT": 7069393.20989, "1000XECUSDT": 3568022.81552, "WAXPUSDT": 2530932.27154, "ENSUSDT": 27882112.4222, "AVAXUSDT": 167346552.018, "1000FLOKIUSDT": 106453815.43027, "TWTUSDT": 4043598.4876, "SOLUSDT": 2161046261.375, "SUPERUSDT": 23600812.5705, "RONINUSDT": 4415417.79114, "FLMUSDT": 6258808.5565, "ARPAUSDT": 8444532.18482, "UMAUSDT": 12448427.466, "RPLUSDT": 4930237.8714, "1000CATUSDT": 63467660.94159, "FLUXUSDT": 4866253.8364, "ZKUSDT": 27237981.77204, "BTCUSDT_250328": 17482726.3954, "KEYUSDT": 6072333.99251, "AGLDUSDT": 4349025.1147, "ILVUSDT": 5054413.0485, "PONKEUSDT": 32478718.51411, "IOTAUSDT": 5802092.47393, "LOKAUSDT": 3402310.7347, "MEMEUSDT": 23546294.893566, "1000SHIBUSDT": 137196836.304113, "KDAUSDT": 5654739.4088, "ALGOUSDT": 10936414.97008, "REEFUSDT": 42390842.624474, "ALPACAUSDT": 11111204.44988, "XLMUSDT": 16129269.13805, "CELRUSDT": 3905803.52539, "MBOXUSDT": 7691641.6, "ALPHAUSDT": 3948619.10885, "BTCUSDT": 13998969371.3328, "DIAUSDT": 25535874.9786, "FTMUSDT": 160578191.0832, "POLUSDT": 31612578.9282, "REZUSDT": 18155755.22366, "TLMUSDT": 4884385.447577, "TRXUSDT": 54755986.54796, "NEARUSDT": 119921270.184, "AIUSDT": 14966313.64489, "STXUSDT": 56328815.4988, "MAVUSDT": 5549685.19487, "MINAUSDT": 12616093.2879, "XAIUSDT": 21722874.1072, "LRCUSDT": 4702599.52074, "WOOUSDT": 8882623.79022, "SYNUSDT": 8930609.5916, "ETHUSDT_250328": 7178987.63776, "NMRUSDT": 4542948.8285, "SAFEUSDT": 15260551.204, "BAKEUSDT": 12711333.9517, "RSRUSDT": 11546356.018001, "GRTUSDT": 18114661.16017, "QNTUSDT": 4993643.637, "ZENUSDT": 6502044.5115, "ETCUSDT": 44857831.63528, "ROSEUSDT": 12654498.33293, "BICOUSDT": 3380628.3024, "BEAMXUSDT": 15166571.981751, "ETHFIUSDT": 43995536.46896, "WUSDT": 19660188.63099,