{"GTCUSDT": 5043960.5372, "TNSRUSDT": 10137200.84628, "XMRUSDT": 18683642.16449, "OGNUSDT": 4912553.7859, "AAVEUSDT": 209904607.445, "MOVEUSDT": 81804140.3878, "1INCHUSDT": 9538109.6609, "SKLUSDT": 6851227.24891, "GPSUSDT": 24069120.9188, "ENSUSDT": 40820248.017, "NEOUSDT": 14710519.80972, "BTCUSDT": 14403072504.9993, "MKRUSDT": 33761723.5584, "MANAUSDT": 18906999.7429, "JASMYUSDT": 26452508.552379, "MOODENGUSDT": 33991325.35203, "CELOUSDT": 9173467.5739, "XTZUSDT": 12375694.5774, "1000RATSUSDT": 16490005.35098, "TRUMPUSDT": 739237196.27696, "SIRENUSDT": 17328427.84932, "1000XECUSDT": 3631249.7716, "REDUSDT": 113002145.6468, "STXUSDT": 26733099.8164, "REZUSDT": 9092253.04431, "DEGOUSDT": 3978415.34237, "RAYSOLUSDT": 20415610.90919, "CETUSUSDT": 12600351.03339, "NEIROUSDT": 189883511.555707, "USUALUSDT": 53233010.2568, "LSKUSDT": 2972228.3322, "LUNA2USDT": 11460285.5741, "ETHWUSDT": 3586278.07, "ETHFIUSDT": 52751363.3137, "AI16ZUSDT": 124997867.92473, "TWTUSDT": 5137282.3579, "BTCUSDT_250627": 17760108.6002, "ANKRUSDT": 4858276.27749, "VOXELUSDT": 3991657.3615, "XRPUSDT": 1844622589.1915, "ORCAUSDT": 6020921.2036, "ALPHAUSDT": 4664585.09503, "ONEUSDT": 10795841.39715, "FILUSDT": 119308056.9051, "DEGENUSDT": 10677130.736114, "ICPUSDT": 26523458.201, "UMAUSDT": 5878017.73, "GRIFFAINUSDT": 73990988.46432, "PLUMEUSDT": 2331912.3349, "OPUSDT": 83325740.35604, "SUNUSDT": 4148466.308982, "NOTUSDT": 43675119.911148, "DOGSUSDT": 34542344.0431493, "BEAMXUSDT": 12095187.511803, "SCRUSDT": 10299594.3603, "COWUSDT": 25415318.2541, "IOTAUSDT": 20967817.13095, "KAIAUSDT": 5830065.3412, "DYDXUSDT": 43162444.3654, "API3USDT": 5081348.43083, "MYROUSDT": 6026463.86738, "PIXELUSDT": 8659697.97843, "ALGOUSDT": 61915696.89695, "FETUSDT": 82958255.9784, "HOOKUSDT": 4129827.10922, "MUBARAKUSDT": 303828274.1505, "XAIUSDT": 11181892.21698, "KAVAUSDT": 12846754.78796, "ZECUSDT": 7325406.76634, "LUMIAUSDT": 10313484.9353, "GOATUSDT": 46586362.4506, "XVSUSDT": 5559606.0812, "SOLUSDT": 2694723663.521, "TONUSDT": 49877267.94688, "FLOWUSDT": 15119096.8584, "EGLDUSDT": 11006944.5392, "FLUXUSDT": 2924232.7397, "BAKEUSDT": 10379246.3593, "IMXUSDT": 12992446.4432, "TIAUSDT": 109963634.9177, "PHBUSDT": 5901801.4247, "STORJUSDT": 7811718.4407, "SCRTUSDT": 3164595.5141, "AMBUSDT": 2117523.593594, "ALTUSDT": 10745094.23194, "VIDTUSDT": 5553435.2024, "VANRYUSDT": 10136236.32677, "TUTUSDT": 51681947.90543, "LOKAUSDT": 2271685.8344, "VELODROMEUSDT": 5406671.50721, "SLERFUSDT": 3302007.9124, "ACTUSDT": 92109054.27604, "PERPUSDT": 2988511.90903, "QTUMUSDT": 8775914.8161, "BANANAS31USDT": 14203195.305867, "MELANIAUSDT": 40453136.97843, "APTUSDT": 115299521.47704, "NFPUSDT": 5842983.78721, "RPLUSDT": 3736103.9432, "NILUSDT": 791590801.58661, "CFXUSDT": 20173928.78973, "EIGENUSDT": 76938979.14742, "OMUSDT": 65618904.305886, "AEROUSDT": 7618781.8642, "ETCUSDT": 76542464.38071, "TLMUSDT": 3487604.78017, "QUICKUSDT": 2010839.68646, "JUPUSDT": 59638139.3933, "MOCAUSDT": 12941201.6352, "FXSUSDT": 5731799.31311, "SPELLUSDT": 10515525.2783885, "KOMAUSDT": 8731747.68046, "EOSUSDT": 63638083.7078, "IDUSDT": 9109515.18236, "HIGHUSDT": 5316194.00088, "SSVUSDT": 13123089.66499, "KMNOUSDT": 4222010.96083, "1000SHIBUSDT": 134176597.938398, "COTIUSDT": 9263848.39239, "HIPPOUSDT": 6778536.23637, "RLCUSDT": 5431532.90687, "ZILUSDT": 8757206.44947, "BICOUSDT": 3262688.8436, "AIUSDT": 13907121.58378, "KAITOUSDT": 166992432.20329, "IPUSDT": 127565526.554196, "ZEREBROUSDT": 37948936.5416, "TURBOUSDT": 37473707.3211423, "1000FLOKIUSDT": 46931603.02785, "CATIUSDT": 9704389.9232, "1000CATUSDT": 21693662.51879, "CHILLGUYUSDT": 36284504.8296, "DYMUSDT": 8588042.31597, "ORDIUSDT": 107199321.4747, "ZETAUSDT": 5653841.0896, "ANIMEUSDT": 26143668.5275, "BIDUSDT": 9592278.55241, "STEEMUSDT": 5241404.95834, "ACEUSDT": 4675657.985642, "ICXUSDT": 4680087.2499, "BROCCOLIF3BUSDT": 3655818.309394, "CGPTUSDT": 16961039.91519, "FARTCOINUSDT": 265906834.21427, "VVVUSDT": 16957577.13948, "MANTAUSDT": 12016180.02198, "MBOXUSDT": 5260644.2491, "PENGUUSDT": 94281504.508244, "1000000MOGUSDT": 12074645.29664, "ENJUSDT": 7305762.09704, "GMXUSDT": 6580321.38453, "HMSTRUSDT": 15338585.273971, "SANDUSDT": 54420955.28055, "TSTUSDT": 112079021.3166, "NMRUSDT": 4938130.4565, "ADAUSDT": 490002987.6964, "SYSUSDT": 2852588.82927, "ATAUSDT": 5820854.6738, "SWARMSUSDT": 110728274.8653, "AERGOUSDT": 6981473.8691, "BANDUSDT": 4470454.12524, "SUSHIUSDT": 20348785.4225, "GLMUSDT": 9903155.56422, "KNCUSDT": 4095675.9747, "HFTUSDT": 3819490.14973, "MEMEUSDT": 22806452.686413, "COSUSDT": 2345699.850869, "EPICUSDT": 23428043.52631, "AVAAIUSDT": 32309938.21524, "BIOUSDT": 27201181.4946, "ZENUSDT": 38900274.349, "XVGUSDT": 8517315.3611619, "COMBOUSDT": 2669792.40972, "CYBERUSDT": 5489836.617, "ARUSDT": 30321692.1719, "DIAUSDT": 2860015.6299, "YGGUSDT": 6583251.8927, "UNIUSDT": 90750981.158, "RAREUSDT": 5925912.59954, "1000SATSUSDT": 50408004.6907096, "IOUSDT": 35906760.19506, "IOTXUSDT": 6137141.02937, "USDCUSDT": 4004535.988242, "CHRUSDT": 6048105.0668, "BELUSDT": 7107387.7199, "DEFIUSDT": 1942882.4692, "STRKUSDT": 19632551.0463, "FIDAUSDT": 8416584.48647, "MINAUSDT": 7966247.7683, "AUCTIONUSDT": 16927211.7188, "ATOMUSDT": 54951454.24704, "AGLDUSDT": 23114176.11, "CELRUSDT": 4901682.72034, "DEXEUSDT": 13623032.16812, "HEIUSDT": 13528220.08737, "AEVOUSDT": 11121020.01324, "PIPPINUSDT": 23643990.62268, "VETUSDT": 29926629.681512, "ARPAUSDT": 4558382.17435, "RSRUSDT": 19207075.639504, "JTOUSDT": 34007740.6345, "KSMUSDT": 7030790.166, "LAYERUSDT": 104681355.62838, "ARKMUSDT": 38759134.3294, "SWELLUSDT": 4745656.32697, "BTCDOMUSDT": 7562467.1233, "WLDUSDT": 200310217.4472, "MASKUSDT": 16189308.5, "ROSEUSDT": 9509847.11434, "BIGTIMEUSDT": 13900673.73094, "AXLUSDT": 7675667.30658, "LDOUSDT": 81754787.0899, "JOEUSDT": 3891644.3846, "TUSDT": 3778552.98468, "GHSTUSDT": 1882613.699, "SXPUSDT": 9084489.61384, "GRASSUSDT": 22752850.89018, "SEIUSDT": 56811255.066, "NKNUSDT": 2539559.92294, "POPCATUSDT": 104506208.6033, "AIXBTUSDT": 79329943.46047, "PORTALUSDT": 6818538.38825, "THEUSDT": 33002709.87134, "SUPERUSDT": 9611658.2929, "1MBABYDOGEUSDT": 31797631.1884589, "VIRTUALUSDT": 88145783.58564, "FORMUSDT": 66703335.73994, "SNXUSDT": 14592974.3282, "DUSDT": 7633181.11768, "MORPHOUSDT": 21609242.59406, "CHZUSDT": 19233026.554, "1000CHEEMSUSDT": 20504636.2576729, "ARCUSDT": 156797282.85699, "QNTUSDT": 9843552.807, "YFIUSDT": 8114252.281, "APEUSDT": 49791737.0046, "DFUSDT": 11198664.6838, "PEOPLEUSDT": 38703078.7773, "MAVUSDT": 4257814.46747, "MEWUSDT": 10127852.281819, "CRVUSDT": 110875932.6722, "HIVEUSDT": 14755264.72077, "INJUSDT": 67144749.8953, "USTCUSDT": 5887780.475117, "MTLUSDT": 4095319.3912, "XLMUSDT": 113973854.41291, "POLUSDT": 23870781.86502, "ILVUSDT": 4633460.5865, "ALICEUSDT": 7437027.9112, "BANUSDT": 34959335.5452, "AKTUSDT": 3522399.5008, "C98USDT": 7458794.2593, "ETHUSDT_250328": 14922516.95222, "ARBUSDT": 83753180.65281, "KDAUSDT": 5690209.0209, "NTRNUSDT": 2680205.7168, "SFPUSDT": 3352255.4382, "NEARUSDT": 110241215.872, "EDUUSDT": 4436335.4815, "MEUSDT": 30381386.3794, "BBUSDT": 11056637.73562, "BOMEUSDT": 51757603.605936, "HBARUSDT": 171152806.04084, "SYNUSDT": 4287196.5046, "MOVRUSDT": 4673931.59406, "TOKENUSDT": 3645208.86107, "TRBUSDT": 28711364.9771, "ALCHUSDT": 50687989.45454, "NEIROETHUSDT": 16527238.1741, "BROCCOLI714USDT": 7305077.55484, "RVNUSDT": 4019459.1704, "COOKIEUSDT": 27091718.5337, "BSVUSDT": 3746875.334, "ENAUSDT": 373833510.4975, "ETHUSDT_250627": 7524704.21821, "BTCUSDT_250328": 31248471.197, "DOGEUSDT": 1054784597.18187, "1000PEPEUSDT": 769853593.082078, "BATUSDT": 7548495.00681, "RUNEUSDT": 55097505.651, "ONGUSDT": 3150865.5661, "WIFUSDT": 318906900.46775, "GALAUSDT": 89117482.03027, "THETAUSDT": 20268778.32558, "RDNTUSDT": 5189636.67428, "LQTYUSDT": 6638519.29321, "CKBUSDT": 7309805.715044, "POLYXUSDT": 5761442.21461, "SAFEUSDT": 4335445.5847, "CAKEUSDT": 21384507.682, "GRTUSDT": 19572685.16057, "1000BONKUSDT": 84515723.677753,