{"VELODROMEUSDT": 5615393.72583, "WOOUSDT": 5589900.61552, "ACEUSDT": 4693732.076909, "HIGHUSDT": 5454090.85557, "LDOUSDT": 83955037.5534, "QTUMUSDT": 9081171.9547, "BIDUSDT": 4033259.54156, "SAFEUSDT": 4345685.778, "BTCDOMUSDT": 7562467.1233, "GRIFFAINUSDT": 73990988.46432, "GLMUSDT": 10002654.08071, "ARBUSDT": 84851091.18695, "XVSUSDT": 5928632.8468, "TIAUSDT": 112790896.6534, "SYNUSDT": 4287571.777, "STORJUSDT": 7811718.4407, "SNXUSDT": 14794566.4192, "HBARUSDT": 172543592.18274, "BERAUSDT": 106594301.6947, "UNIUSDT": 91052632.488, "IOTXUSDT": 6335917.22646, "BTCUSDT_250328": 30593901.0303, "AERGOUSDT": 7189704.3157, "KNCUSDT": 4095675.9747, "SCRUSDT": 10306540.6812, "EDUUSDT": 4436335.4815, "CELRUSDT": 5074894.46659, "AIUSDT": 14196638.45692, "EOSUSDT": 63638083.7078, "LINKUSDT": 351438452.82718, "STEEMUSDT": 5140568.43168, "WLDUSDT": 200310217.4472, "USUALUSDT": 54290223.4467, "EGLDUSDT": 11006944.5392, "PORTALUSDT": 6909813.08124, "STRKUSDT": 19699629.22559, "CTSIUSDT": 4293659.8024, "VIRTUALUSDT": 88853916.76796, "SONICUSDT": 14082999.00503, "OPUSDT": 83563204.89547, "ZETAUSDT": 5653841.0896, "AGLDUSDT": 23344955.7546, "STXUSDT": 26733099.8164, "YGGUSDT": 6647837.9032, "NEOUSDT": 14710519.80972, "NEARUSDT": 110512752.659, "BANANAS31USDT": 9090637.524865, "BOMEUSDT": 51757603.605936, "SUIUSDT": 638157476.66781, "BNXUSDT": 7626636.3018, "CHZUSDT": 20746854.01136, "MBOXUSDT": 5333997.201, "DOTUSDT": 137371183.3473, "DYMUSDT": 8588042.31597, "KOMAUSDT": 8879309.1047, "FARTCOINUSDT": 261647312.24125, "STMXUSDT": 2660982.07252, "MEUSDT": 31747716.3895, "MORPHOUSDT": 22133360.98466, "RDNTUSDT": 5637311.54918, "FLOWUSDT": 15204063.3367, "ROSEUSDT": 9525644.50084, "NOTUSDT": 43675119.911148, "B3USDT": 16170378.39012, "ARKUSDT": 6965105.9239, "EPICUSDT": 24575615.93853, "RLCUSDT": 5348969.58405, "MOVEUSDT": 82835614.0824, "PYTHUSDT": 17761093.8711, "XRPUSDT": 1861412380.04722, "CETUSUSDT": 13487512.63266, "API3USDT": 5081348.43083, "MELANIAUSDT": 40490239.00554, "BNBUSDT": 459260311.055, "UMAUSDT": 5928296.042, "FETUSDT": 84238726.1065, "KMNOUSDT": 4222010.96083, "AAVEUSDT": 212072785.461, "XMRUSDT": 18817411.72921, "DEGOUSDT": 3991959.86197, "VANAUSDT": 43106419.67789, "SWELLUSDT": 4848573.7167, "ETCUSDT": 77274303.32506, "KSMUSDT": 7030790.166, "SIRENUSDT": 7812706.86131, "PIPPINUSDT": 24095129.84623, "LISTAUSDT": 8682434.0089, "JOEUSDT": 3891644.3846, "IDUSDT": 9144321.64938, "NMRUSDT": 4946756.9308, "ZEREBROUSDT": 37948936.5416, "KAITOUSDT": 259855406.43854, "KASUSDT": 18454972.3039, "TUTUSDT": 13102012.74982, "ENJUSDT": 7305762.09704, "1000SHIBUSDT": 138969974.533387, "POLUSDT": 23870781.86502, "ZECUSDT": 7514522.65274, "DUSKUSDT": 3990271.60234, "ICXUSDT": 4728127.4448, "NFPUSDT": 5862294.66654, "HEIUSDT": 14749312.94144, "ZKUSDT": 17436826.16476, "SSVUSDT": 13290858.30641, "ASTRUSDT": 5518435.534073, "PIXELUSDT": 8850135.34927, "INJUSDT": 67202392.6171, "COMPUSDT": 15373322.4282, "DFUSDT": 11351052.90409, "RAYSOLUSDT": 20204959.66179, "OGNUSDT": 4990149.0236, "ENAUSDT": 383866720.3495, "FIDAUSDT": 8789789.70253, "ACHUSDT": 12707785.16289, "ACXUSDT": 5666579.12817, "RAREUSDT": 5925912.59954, "MOODENGUSDT": 38959441.14342, "ETHWUSDT": 3639486.6616, "MYROUSDT": 6076170.33553, "ACTUSDT": 97180693.97622, "1000CATUSDT": 21693662.51879, "BIGTIMEUSDT": 13900673.73094, "BANDUSDT": 4539803.35612, "C98USDT": 7509482.4023, "CHESSUSDT": 3781103.3308, "COMBOUSDT": 2669792.40972, "ANIMEUSDT": 27521159.1529, "TUSDT": 3772061.38525, "RONINUSDT": 5070750.00341, "AVAXUSDT": 226440373.729, "TRXUSDT": 119927046.89399, "BICOUSDT": 3303174.355, "CKBUSDT": 7459458.81033, "LUMIAUSDT": 10419833.4208, "ARUSDT": 31679613.7391, "DEXEUSDT": 13636848.3637, "LEVERUSDT": 4977483.1287862, "GMTUSDT": 38716998.83072, "ALCHUSDT": 50432249.64667, "ETHFIUSDT": 53074541.26442, "AUCTIONUSDT": 16927211.7188, "FILUSDT": 121439246.8625, "1000RATSUSDT": 16772742.33704, "MANTAUSDT": 12016180.02198, "SXPUSDT": 9114172.01772, "PHBUSDT": 6078684.579, "SPELLUSDT": 10515525.2783885, "BRETTUSDT": 13828621.452, "STGUSDT": 6718386.5981, "RUNEUSDT": 55097505.651, "CFXUSDT": 20307213.12966, "IPUSDT": 154964021.035724, "GOATUSDT": 46586362.4506, "BELUSDT": 7107387.7199, "ZENUSDT": 38900274.349, "MEMEUSDT": 22806452.686413, "TRUMPUSDT": 739841390.4781, "DOGEUSDT": 1055140180.60693, "PENDLEUSDT": 35188779.8496, "OMNIUSDT": 8878654.27139, "COOKIEUSDT": 27091718.5337, "LTCUSDT": 287079948.76643, "AVAAIUSDT": 32578739.47956, "SUSDT": 54020238.422, "TSTUSDT": 112079021.3166, "SUNUSDT": 4148466.308982, "WIFUSDT": 319540558.53468, "JTOUSDT": 34007740.6345, "1MBABYDOGEUSDT": 32995529.9490553, "KAIAUSDT": 6513901.5251, "GMXUSDT": 6673000.76522, "IOUSDT": 36730605.90293, "FLMUSDT": 5938835.1938, "QNTUSDT": 10303820.838, "TNSRUSDT": 10253627.5312, "IOTAUSDT": 20994008.89161, "MUBARAKUSDT": 191784015.7622, "BIOUSDT": 27428208.7442, "HMSTRUSDT": 15338585.273971, "CRVUSDT": 110875932.6722, "ARPAUSDT": 4612112.97215, "LRCUSDT": 6006677.70157, "RIFUSDT": 3214253.00427, "METISUSDT": 4527837.7401, "AKTUSDT": 3557299.0657, "SPXUSDT": 33586501.3963, "DEFIUSDT": 1942882.4692, "NTRNUSDT": 2680205.7168, "UXLINKUSDT": 29298492.4615, "ATOMUSDT": 54951454.24704, "XTZUSDT": 12831841.4514, "AEVOUSDT": 11778012.22576, "SFPUSDT": 3352255.4382, "MEWUSDT": 10127852.281819, "DENTUSDT": 4922608.757452, "ONDOUSDT": 192914463.45128, "SLERFUSDT": 3302007.9124, "CHILLGUYUSDT": 36574378.364, "PHAUSDT": 7375707.87385, "FXSUSDT": 5731799.31311, "ETHUSDT_250328": 14922516.95222, "BCHUSDT": 91072531.84131, "BMTUSDT": 55610061.73, "1000FLOKIUSDT": 49860474.16999, "ALGOUSDT": 63648962.12191, "MAVUSDT": 4336247.73653, "AXSUSDT": 18041416.95, "THETAUSDT": 20690143.36125, "LINAUSDT": 7123581.29049, "THEUSDT": 33304387.04035, "CHRUSDT": 6129374.7905, "JUPUSDT": 57260556.4123, "ANKRUSDT": 4858276.27749, "BRUSDT": 15224104.8172, "AXLUSDT": 7905556.29254, "BLURUSDT": 11449873.93303, "PONKEUSDT": 6871224.68766, "SWARMSUSDT": 110728274.8653, "SOLVUSDT": 52056909.4666, "MINAUSDT": 8072451.3074, "LUNA2USDT": 11558735.4414, "ARCUSDT": 156797282.85699, "LPTUSDT": 11594098.2174, "ZROUSDT": 26684294.38193, "NKNUSDT": 2539559.92294, "GUSDT": 4720818.99804, "AVAUSDT": 9292304.79519, "NEIROETHUSDT": 16527238.1741, "KDAUSDT": 5820226.9787, "MOCAUSDT": 12941497.4341, "HOTUSDT": 6759279.943374, "ALTUSDT": 11157187.331, "MTLUSDT": 4095793.0004, "1000PEPEUSDT": 769853593.082078, "VOXELUSDT": 4038874.441, "APEUSDT": 50080987.2906, "ICPUSDT": 26599391.548, "WUSDT": 17063665.928362, "IOSTUSDT": 5376137.183022, "LAYERUSDT": 104681355.62838, "PNUTUSDT": 306831625.04626, "TRBUSDT": 28776608.7621, "AI16ZUSDT": 126165975.91014, "ALICEUSDT": 7437027.9112, "XLMUSDT": 117286806.98535, "SCRTUSDT": 3176682.7058, "MOVRUSDT": 4673931.59406, "SKLUSDT": 6900493.36879, "XAIUSDT": 11260783.57179, "HIVEUSDT": 14709057.24268, "BEAMXUSDT": 12095187.511803, "1000XUSDT": 4472404.12009, "RPLUSDT": 3753212.2458, "DRIFTUSDT": 9946748.2386, "1000000MOGUSDT": 12074645.29664, "SEIUSDT": 57914088.3491, "AMBUSDT": 2434994.682115, "VINEUSDT": 84006694.76039, "ETHUSDT": 7647282889.61602, "USTCUSDT": 5958434.755, "ORCAUSDT": 6020921.2036, "WAXPUSDT": 3243895.02826, "VIDTUSDT": 5892812.75036, "VVVUSDT": 23181432.56704, "TONUSDT": 49877267.94688, "PEOPLEUSDT": 38703078.7773, "USDCUSDT": 4004535.988242, "ALPHAUSDT": 4669585.15418, "BAKEUSDT": 10379246.3593, "1INCHUSDT": 9615128.8233, "VETUSDT": 29986014.931567, "PLUMEUSDT": 11123961.0298, "RENDERUSDT": 39692707.2863, "BROCCOLIF3BUSDT": 4113566.4948, "POWRUSDT": 5686957.3368, "COWUSDT": 25912695.9224, "ADAUSDT": 492570106.5396, "ETHUSDT_250627": 7524704.21821, "TRUUSDT": 6362000.51838, "PENGUUSDT": 94281504.508244, "MANAUSDT": 18906999.7429, "OMUSDT": 65618904.305886, "JASMYUSDT": 26897957.552594, "REZUSDT": 9092253.04431, "RSRUSDT": 19207075.639504, "SUPERUSDT": 9611658.2929, "ORDIUSDT": 109200175.3143, "MAGICUSDT": 6868223.86802, "POLYXUSDT": 5760322.54836, "COTIUSDT": 9263848.39239, "HOOKUSDT": 4176936.56356, "RVNUSDT": 4019459.1704,