{"1000WHYUSDT": 13382661.0421683, "AAVEUSDT": 124032162.55, "DOGEUSDT": 363083252.13716, "HFTUSDT": 2352499.25429, "JASMYUSDT": 31792570.241067, "AKTUSDT": 19133146.9015, "SXPUSDT": 11320952.62273, "MTLUSDT": 4445572.7265, "STGUSDT": 5088604.372, "SLERFUSDT": 17127626.0978, "IOTXUSDT": 5426430.8804, "ZRXUSDT": 5948381.74411, "XMRUSDT": 12016168.15275, "ORDIUSDT": 227346581.1237, "KSMUSDT": 5569287.997, "LTCUSDT": 90463214.98777, "KEYUSDT": 5979032.8543379, "1000LUNCUSDT": 21057421.63979, "BTCUSDT": 14354067671.9537, "COWUSDT": 44337435.7071, "DOGSUSDT": 161669449.3769017, "MANAUSDT": 13704518.9537, "STMXUSDT": 9271233.0737, "CYBERUSDT": 7216359.1418, "DYDXUSDT": 53719422.3433, "TOKENUSDT": 9184353.81652, "FIOUSDT": 9212560.35908, "CRVUSDT": 68405620.0859, "ASTRUSDT": 6378894.856518, "AERGOUSDT": 5130688.7375, "HIGHUSDT": 8933303.71749, "STORJUSDT": 12813175.1976, "GUSDT": 4800598.46261, "POPCATUSDT": 183091778.9742, "SUSHIUSDT": 13557851.1254, "C98USDT": 5666841.1814, "UXLINKUSDT": 39879976.4996, "ALTUSDT": 23281130.93089, "COTIUSDT": 12563823.23153, "TONUSDT": 99939650.90715, "GALAUSDT": 65704454.23607, "DEGENUSDT": 41410525.476496, "BANANAUSDT": 21923075.4779, "BADGERUSDT": 2968777.2809, "TRBUSDT": 45490385.899, "DRIFTUSDT": 50418913.0216, "SAFEUSDT": 15180487.9246, "REZUSDT": 18089539.86123, "AXSUSDT": 17403677.316, "NFPUSDT": 7496558.76484, "SNXUSDT": 10369098.5591, "1000SATSUSDT": 161799291.9081796, "ALGOUSDT": 10986628.12811, "SUPERUSDT": 23600812.5705, "APEUSDT": 50226142.2962, "XAIUSDT": 21920473.6676, "ONEUSDT": 5634202.90055, "POWRUSDT": 3733706.3278, "CELRUSDT": 3953754.50474, "OMUSDT": 25651821.997062, "PIXELUSDT": 21990321.6822, "THEUSDT": 348614106.51788, "BEAMXUSDT": 15282135.669538, "GHSTUSDT": 4625249.7012, "1000FLOKIUSDT": 106453815.43027, "GMXUSDT": 6053315.98631, "BAKEUSDT": 12711333.9517, "USTCUSDT": 9817921.83837, "CETUSUSDT": 41002872.35112, "RDNTUSDT": 19398985.86373, "RIFUSDT": 3787267.14526, "MAGICUSDT": 5605107.28448, "TWTUSDT": 5021326.034, "PNUTUSDT": 1119377428.29552, "TNSRUSDT": 14588235.51804, "BELUSDT": 7529309.0512, "RPLUSDT": 5394403.8871, "BATUSDT": 3431137.22857, "STRKUSDT": 40484920.91267, "EGLDUSDT": 7801587.3254, "POLYXUSDT": 7147425.22206, "BTCDOMUSDT": 2735694.5679, "IOSTUSDT": 4041943.012145, "GMTUSDT": 25977917.71617, "ADAUSDT": 120874400.2442, "BONDUSDT": 5422196.2117, "JUPUSDT": 40134653.8316, "TIAUSDT": 197918059.5959, "IOTAUSDT": 5915608.03651, "BRETTUSDT": 13396037.7029, "ALICEUSDT": 8007554.4082, "IDUSDT": 7161955.13314, "RENUSDT": 4372704.82615, "RUNEUSDT": 54445103.393, "ARPAUSDT": 8444532.18482, "FXSUSDT": 3524644.00185, "ZETAUSDT": 26495712.5258, "LUNA2USDT": 11120194.5837, "OMNIUSDT": 13160271.95258, "AXLUSDT": 12097317.51836, "PYTHUSDT": 16612643.8613, "MORPHOUSDT": 57335906.76134, "RVNUSDT": 4262534.20304, "YGGUSDT": 16525301.8349, "SKLUSDT": 4078167.02275, "FETUSDT": 153072505.338, "VETUSDT": 9916600.261927, "FLMUSDT": 6351209.9305, "OMGUSDT": 3360030.46884, "LOOMUSDT": 5357462.42809, "SANDUSDT": 23135941.3145, "ZECUSDT": 14238842.99885, "CAKEUSDT": 7902096.3365, "ONGUSDT": 3207748.44999, "SAGAUSDT": 109212841.24536, "RAREUSDT": 26189454.2971, "HOOKUSDT": 6923408.89755, "REIUSDT": 5697003.93732, "BLURUSDT": 26209369.3973, "TUSDT": 4173401.06032, "ICPUSDT": 28141581.756, "NEIROETHUSDT": 152404560.65073, "COMPUSDT": 8343808.51947, "1000PEPEUSDT": 777883696.1077493, "MBOXUSDT": 7748869.1359, "METISUSDT": 6357776.9343, "PEOPLEUSDT": 147896445.76975, "KAVAUSDT": 8820020.88722, "GTCUSDT": 6502693.7949, "DYMUSDT": 19799622.16124, "SPELLUSDT": 5221479.8791844, "SCRTUSDT": 49954275.3878, "WAXPUSDT": 2559152.8622, "JTOUSDT": 37297602.6591, "1INCHUSDT": 12228475.9787, "PORTALUSDT": 10882178.90386, "1000BONKUSDT": 92945056.869189, "DARUSDT": 12515896.76536, "SYSUSDT": 5681330.96752, "BSVUSDT": 6248326.234, "GRASSUSDT": 84331142.19656, "APTUSDT": 179798904.62251, "ZKUSDT": 27237981.77204, "MASKUSDT": 15576806.9654, "HOTUSDT": 6536694.219739, "ONDOUSDT": 49723066.39611, "1000XUSDT": 25977567.32888, "ONTUSDT": 4778621.72009, "ZROUSDT": 51249076.45488, "ILVUSDT": 5238076.752, "ETHFIUSDT": 44085025.24942, "AUCTIONUSDT": 9636331.39645, "TAOUSDT": 105277695.96206, "SEIUSDT": 109010962.769, "ATOMUSDT": 46000503.12057, "NOTUSDT": 115966794.027048, "CHESSUSDT": 6831526.1361, "CATIUSDT": 79755592.4962, "UMAUSDT": 13266469.274, "COMBOUSDT": 2590352.0608, "TRXUSDT": 56783389.6267, "SUIUSDT": 676818059.44973, "FLUXUSDT": 5039891.476, "DASHUSDT": 3647298.02878, "IMXUSDT": 20555222.5887, "HIFIUSDT": 5906700.1116, "ACEUSDT": 11130403.677618, "BNTUSDT": 2209900.57654, "NMRUSDT": 4542948.8285, "PERPUSDT": 3637979.10649, "ZENUSDT": 6502044.5115, "BTCUSDT_241227": 21803131.8779, "ETHUSDT_250328": 7642947.99962, "GOATUSDT": 395668094.5576, "BSWUSDT": 3843618.85468, "MINAUSDT": 14080187.5369, "AEVOUSDT": 18837069.48052, "SWELLUSDT": 29568930.56088, "1000000MOGUSDT": 30245652.83701, "IOUSDT": 60723894.561, "XLMUSDT": 16129269.13805, "COSUSDT": 4671418.656052, "MOVRUSDT": 5014551.7512, "FLOWUSDT": 9508704.4933, "1000CHEEMSUSDT": 14849372.698049, "XEMUSDT": 4483521.1258, "ARUSDT": 32859130.2497, "ENJUSDT": 5539333.67491, "AVAXUSDT": 167652357.105, "REEFUSDT": 42390842.624474, "MAVIAUSDT": 7876997.04551, "TURBOUSDT": 100023170.8771831, "LINAUSDT": 10007134.30952, "CELOUSDT": 22395399.4078, "EDUUSDT": 7692685.4385, "BCHUSDT": 79280265.1563, "OXTUSDT": 2420187.65787, "ARKMUSDT": 44592363.6152, "1000SHIBUSDT": 142045686.574164, "XVSUSDT": 3122907.4997, "LQTYUSDT": 8365766.96924, "ZILUSDT": 6296671.93461, "LDOUSDT": 30584975.6082, "BALUSDT": 3379959.3911, "ETHWUSDT": 5680835.789, "XVGUSDT": 2890338.2679039, "LRCUSDT": 4774827.95109, "VIDTUSDT": 19364670.13615, "TROYUSDT": 50219435.984757, "ACHUSDT": 6941795.983407, "ETCUSDT": 46597503.9646, "HIPPOUSDT": 61333901.98509, "SFPUSDT": 3378957.1698, "AGLDUSDT": 4628816.1604, "STEEMUSDT": 1689146.08608, "LEVERUSDT": 7144790.2913133, "WUSDT": 26954133.60667, "AMBUSDT": 5570503.446766, "QUICKUSDT": 4360612.04801, "BANDUSDT": 4154736.83386, "PHBUSDT": 10673236.4011, "DEFIUSDT": 987213.6138, "DUSKUSDT": 6688119.16116, "RONINUSDT": 4689690.47047, "CHZUSDT": 20006319.50146, "EIGENUSDT": 121426585.44903, "WOOUSDT": 9615096.10032, "ICXUSDT": 3317642.7103, "SUNUSDT": 24097982.327558, "MEMEUSDT": 24025622.576703, "GRTUSDT": 19332691.31699, "1000RATSUSDT": 58365551.75783, "NTRNUSDT": 3178490.5613, "TLMUSDT": 4949788.836569, "1000XECUSDT": 3568022.81552, "KDAUSDT": 6073845.5537, "ALPHAUSDT": 4006200.0567, "THETAUSDT": 16328037.92781, "ATAUSDT": 4223825.8364, "QNTUSDT": 5374916.11, "ENAUSDT": 154178974.0525, "LPTUSDT": 10698223.2278, "CTSIUSDT": 4929785.3834, "BNBUSDT": 324515503.2834, "LITUSDT": 5377918.5073, "BLZUSDT": 5093939.18248, "1MBABYDOGEUSDT": 90886747.8502691, "OPUSDT": 77435034.78002, "HBARUSDT": 15066127.16455, "AIUSDT": 14930783.99208, "DOTUSDT": 72039452.1283, "MYROUSDT": 20738622.65264, "BICOUSDT": 3396846.2613, "NEOUSDT": 12133844.97096, "RSRUSDT": 11841579.75151, "ETHUSDT_241227": 11427062.57066, "STXUSDT": 59601578.0781, "CHRUSDT": 8107467.5575, "NULSUSDT": 4360894.0487, "KNCUSDT": 3637119.6816, "BNXUSDT": 23143014.70201, "CFXUSDT": 26273797.41937, "VANRYUSDT": 10495326.38462, "FTMUSDT": 170853163.3002, "QTUMUSDT": 3704030.3511, "ARKUSDT": 17656014.0563, "PENDLEUSDT": 52767088.3505, "NKNUSDT": 3140635.70137, "ENSUSDT": 27882112.4222, "ORBSUSDT": 4730579.76073, "LISTAUSDT": 18066532.1476, "POLUSDT": 31866284.9605, "MANTAUSDT": 17032914.87997, "SOLUSDT": 2161046261.375, "FIDAUSDT": 24706896.1923, "SANTOSUSDT": 17734204.2194, "LINKUSDT": 121060104.92834, "KASUSDT": 16087677.56779, "DIAUSDT": 21510906.3494, "ETHUSDT": 5872949301.92433, "BANUSDT": 122081681.2507, "NEARUSDT": 120066113.708, "JOEUSDT": 3062739.6896, "NEIROUSDT": 773503518.6876149, "PONKEUSDT": 32037240.97271, "LSKUSDT": 2255018.9297, "MOODENGUSDT": 400933287.05522, "ANKRUSDT": 4371177.23932, "HMSTRUSDT": 61263162.218704, "SCRUSDT": 46647998.7608, "ROSEUSDT": 13032038.50298, "INJUSDT": 85595733.2586, "RLCUSDT": 3486475.37573,