{"DYMUSDT": 8853224.10367, "PENGUUSDT": 127514591.851253, "1000SHIBUSDT": 165461302.197112, "STMXUSDT": 7890788.19975, "LTCUSDT": 343662759.07125, "1000CATUSDT": 25351825.23801, "ATAUSDT": 7268332.3035, "1000BONKUSDT": 101971908.36748, "NULSUSDT": 2585519.1143, "API3USDT": 5863956.1665, "ICXUSDT": 6076915.9328, "BSVUSDT": 4633553.786, "CAKEUSDT": 20957094.9677, "LAYERUSDT": 92320765.4212, "NEIROUSDT": 242021879.7207246, "ALTUSDT": 13070878.35751, "GUSDT": 5309507.61272, "MANAUSDT": 22735344.1495, "STGUSDT": 9404374.3113, "SAGAUSDT": 24699111.13737, "COWUSDT": 32532545.9629, "PROMUSDT": 6604646.3632, "ONTUSDT": 8283234.13114, "SAFEUSDT": 4345685.778, "ZECUSDT": 9808755.30225, "HBARUSDT": 213853455.02119, "EDUUSDT": 4996726.8659, "SCRTUSDT": 3723824.8533, "TOKENUSDT": 5167072.58276, "GPSUSDT": 20489353.6366, "AEVOUSDT": 13510699.38053, "NMRUSDT": 5758002.1137, "STEEMUSDT": 7506235.26581, "AAVEUSDT": 245051528.473, "USUALUSDT": 74900785.3481, "BTCUSDT_250627": 16437291.0, "EOSUSDT": 68957928.3326, "LDOUSDT": 98009144.7641, "XVSUSDT": 6708807.0417, "DFUSDT": 10354543.61922, "CELOUSDT": 11321150.3311, "BIGTIMEUSDT": 19514371.56558, "SXPUSDT": 11940831.75729, "ACTUSDT": 145477231.03887, "FLOWUSDT": 20528532.9737, "TRBUSDT": 32477498.7233, "ATOMUSDT": 55631267.08261, "ARUSDT": 35066337.6497, "BATUSDT": 10111394.31218, "FXSUSDT": 6054219.65765, "ZETAUSDT": 6445767.6329, "NTRNUSDT": 2834321.9092, "SFPUSDT": 3914385.4973, "HIGHUSDT": 6381903.16963, "COMPUSDT": 17340805.33509, "1000000MOGUSDT": 16862613.14499, "ONEUSDT": 14077280.51295, "GHSTUSDT": 2214254.4333, "OMUSDT": 72373498.669584, "DENTUSDT": 5945426.745207, "RSRUSDT": 25577238.950884, "ORCAUSDT": 6488049.972, "ACXUSDT": 6257612.76171, "TWTUSDT": 6140104.9229, "MAGICUSDT": 7598084.21712, "HMSTRUSDT": 15960549.947393, "RPLUSDT": 4094986.2007, "ETHFIUSDT": 62032633.1497, "ILVUSDT": 5528008.7309, "1000CHEEMSUSDT": 20860090.0953345, "XTZUSDT": 18321187.0576, "JASMYUSDT": 35972157.912306, "DASHUSDT": 8195102.36573, "DEXEUSDT": 19347378.98587, "FLMUSDT": 7071876.5199, "GLMUSDT": 10905927.73334, "GMXUSDT": 7183687.91742, "BANDUSDT": 5313239.36927, "MKRUSDT": 36480973.7948, "GALAUSDT": 119131820.20652, "MANTAUSDT": 13216032.23306, "1000XUSDT": 4818369.10219, "AMBUSDT": 3799096.484496, "QTUMUSDT": 10764371.3024, "ICPUSDT": 32277345.22, "BANANAUSDT": 11455344.7799, "SUNUSDT": 5042527.510267, "POLUSDT": 26819358.92432, "KAITOUSDT": 732280309.40479, "CHILLGUYUSDT": 53023956.9715, "XAIUSDT": 14078657.48403, "YFIUSDT": 10226899.344, "VELODROMEUSDT": 5406671.50721, "FARTCOINUSDT": 266576288.21332, "IOTAUSDT": 27578270.20139, "1000PEPEUSDT": 839577595.062025, "VANAUSDT": 43106419.67789, "AXLUSDT": 8512430.76172, "GRASSUSDT": 26488055.91518, "MEWUSDT": 12666664.866252, "SANTOSUSDT": 4233881.5694, "FLUXUSDT": 3624299.6413, "RIFUSDT": 3566970.79472, "ALCHUSDT": 41011804.1424, "SYSUSDT": 2923745.67229, "GOATUSDT": 61885000.7123, "ZROUSDT": 27119924.92584, "SUIUSDT": 749132576.64195, "STXUSDT": 34369025.5665, "LRCUSDT": 6872546.44665, "JUPUSDT": 70700488.4716, "LPTUSDT": 14300949.5245, "LEVERUSDT": 5746177.3451243, "WAXPUSDT": 4053764.18073, "ALPACAUSDT": 4351789.6366, "OXTUSDT": 3780107.02139, "C98USDT": 8741830.7832, "UXLINKUSDT": 39017716.3653, "GASUSDT": 7101907.7588, "TUSDT": 4020952.91571, "RENDERUSDT": 49294689.3954, "MEMEUSDT": 24904758.734411, "TSTUSDT": 182561986.5024, "POWRUSDT": 7743846.9537, "NEIROETHUSDT": 20931069.08416, "BNBUSDT": 475216542.7269, "DEGENUSDT": 14522480.270714, "ARCUSDT": 166976626.48869, "GRTUSDT": 24312673.65378, "GRIFFAINUSDT": 85685976.77601, "RVNUSDT": 4694760.25329, "DEGOUSDT": 3838806.76182, "DOGEUSDT": 1304561623.18609, "PHBUSDT": 7516255.4317, "CGPTUSDT": 21078883.72058, "STRKUSDT": 23434026.59153, "BTCUSDT_250328": 30443964.9202, "VIDTUSDT": 6080563.22153, "AUCTIONUSDT": 16927211.7188, "APEUSDT": 59372564.0972, "FILUSDT": 135928265.8018, "IDUSDT": 9310151.34566, "ALGOUSDT": 75836356.56056, "BTCUSDT": 14403072504.9993, "LUMIAUSDT": 10796462.2878, "DOGSUSDT": 38923522.1251612, "NOTUSDT": 45829881.228388, "ZRXUSDT": 11120926.60188, "LOKAUSDT": 2789014.3958, "COMBOUSDT": 3002232.65524, "SOLUSDT": 2801626077.931, "ORDIUSDT": 121263374.3689, "ANIMEUSDT": 40578108.9012, "BANUSDT": 60981739.3348, "ZKUSDT": 20945084.02226, "ASTRUSDT": 6843860.756429, "BLURUSDT": 13829083.90106, "EGLDUSDT": 13260112.663, "VINEUSDT": 117530641.82116, "YGGUSDT": 8045844.4177, "ZEREBROUSDT": 40524343.4558, "JTOUSDT": 42046835.5751, "VETUSDT": 37856848.728437, "ANKRUSDT": 6413951.08612, "POLYXUSDT": 7263284.8083, "CATIUSDT": 10989621.6059, "TRUUSDT": 7331589.34192, "BBUSDT": 15734512.82539, "TAOUSDT": 129087964.36146, "1000FLOKIUSDT": 64378138.41803, "USTCUSDT": 6621165.233931, "AVAAIUSDT": 36620226.93344, "SYNUSDT": 5292647.5969, "1MBABYDOGEUSDT": 37863613.2840814, "PONKEUSDT": 8697815.27204, "KSMUSDT": 9189711.8538, "ENJUSDT": 7981384.02984, "AKTUSDT": 3557299.0657, "BEAMXUSDT": 13164504.603824, "MBOXUSDT": 6114654.3089, "HOTUSDT": 8501173.970124, "ACHUSDT": 12239698.870222, "TRUMPUSDT": 947925822.91027, "SSVUSDT": 16631570.55421, "SPXUSDT": 33869952.1247, "POPCATUSDT": 117285778.5241, "RLCUSDT": 5741545.79182, "AERGOUSDT": 9382989.4002, "PIXELUSDT": 11825589.08281, "QUICKUSDT": 2091945.82772, "FIDAUSDT": 10115880.2425, "BNTUSDT": 2918542.33343, "FIOUSDT": 4843264.02939, "MORPHOUSDT": 36605969.07366, "TROYUSDT": 11603294.489795, "RONINUSDT": 6041759.82675, "ARKMUSDT": 41916257.5599, "COSUSDT": 3009834.496734, "ALPHAUSDT": 5869965.30618, "CHESSUSDT": 4357398.714, "ENAUSDT": 414172586.1668, "MYROUSDT": 8016716.57284, "METISUSDT": 5174470.0108, "MOCAUSDT": 17020021.7565, "VTHOUSDT": 13744222.330478, "LQTYUSDT": 8427948.1545, "HEIUSDT": 18489261.93306, "PORTALUSDT": 8317437.94755, "SLERFUSDT": 4700914.059, "HIPPOUSDT": 9640558.0639, "ENSUSDT": 60561451.1838, "INJUSDT": 75033355.9891, "ZILUSDT": 10786614.15501, "MTLUSDT": 5238184.8607, "TRXUSDT": 129812108.96767, "ETHWUSDT": 4355878.7096, "1000SATSUSDT": 61221636.3915689, "CTSIUSDT": 5128165.5798, "VVVUSDT": 31416033.88784, "WIFUSDT": 387827391.06831, "BOMEUSDT": 60081200.890008, "VANRYUSDT": 10636669.22851, "NEARUSDT": 119988618.363, "COTIUSDT": 10417998.63413, "TNSRUSDT": 11570044.753, "KMNOUSDT": 5254193.31612, "GMTUSDT": 43521591.94358, "DRIFTUSDT": 10869991.2616, "SWELLUSDT": 6816610.43957, "REZUSDT": 9230638.19468, "HOOKUSDT": 5496426.20246, "LUNA2USDT": 12449121.2796, "KNCUSDT": 4617218.4941, "DODOXUSDT": 3600631.109335, "ONGUSDT": 4261420.68242, "LINAUSDT": 7387548.49856, "AVAUSDT": 11092939.95945, "STORJUSDT": 10408394.8919, "KASUSDT": 19707899.87786, "1INCHUSDT": 11572907.5281, "CKBUSDT": 8960795.113136, "PHAUSDT": 8419048.16955, "UMAUSDT": 6452600.117, "CETUSUSDT": 16901447.56216, "FETUSDT": 98018444.754, "RDNTUSDT": 7237251.4575, "MASKUSDT": 21062920.8398, "BELUSDT": 8070635.8747, "SWARMSUSDT": 142451505.4758, "LSKUSDT": 3697608.7818, "1000XECUSDT": 4759760.56961, "ADAUSDT": 530657017.5756, "KAIAUSDT": 7509760.3652, "BERAUSDT": 201633324.714, "XVGUSDT": 12081719.7046714, "KAVAUSDT": 13047186.96897, "AGLDUSDT": 26712079.799, "SNXUSDT": 17030520.0272, "SANDUSDT": 69033090.02805, "ARBUSDT": 106082083.15365, "MELANIAUSDT": 46495879.58723, "CHZUSDT": 22911433.58747, "IOSTUSDT": 5549813.465196, "BAKEUSDT": 10527588.4192, "BCHUSDT": 95301478.2501, "DYDXUSDT": 50539701.0993, "EIGENUSDT": 94650741.63919, "KOMAUSDT": 10367239.75974, "ONDOUSDT": 220580073.54745, "TONUSDT": 51521257.89753, "SPELLUSDT": 10606469.5078011, "ARKUSDT": 8810192.2469, "PNUTUSDT": 343146137.3616, "JOEUSDT": 4510164.57632, "REDUSDT": 29691739.8857, "ETHUSDT_250627": 8201994.95322, "PIPPINUSDT": 30223659.55886, "TLMUSDT": 4484908.673573, "RAYSOLUSDT": 20415610.90919, "AVAXUSDT": 248826571.785, "NEOUSDT": 19284078.9751, "MAVUSDT": 4727057.85986, "IOUSDT": 45931057.86584, "IOTXUSDT": 7216847.44465, "CRVUSDT": 141638730.7646, "HIVEUSDT": 18723413.4011, "HIFIUSDT": 4259575.7079, "CELRUSDT": 6532703.88906, "BIOUSDT": 33994202.2458, "SOLVUSDT": 56245890.134, "QNTUSDT": 12242655.518,