{"GUSDT": 4800598.46261, "LISTAUSDT": 18066532.1476, "OMUSDT": 21961429.382938, "MEMEUSDT": 22860113.037089, "LQTYUSDT": 7957155.57848, "VANRYUSDT": 9747077.63179, "SXPUSDT": 7568828.49706, "SUPERUSDT": 23434622.8919, "RAREUSDT": 29672208.59084, "GOATUSDT": 430529102.0834, "QUICKUSDT": 3524346.50846, "ALGOUSDT": 10781013.08526, "POWRUSDT": 3611420.8462, "DOTUSDT": 69672560.4986, "ARKUSDT": 5436044.5259, "ONEUSDT": 5411459.92326, "KEYUSDT": 5979032.8543379, "BEAMXUSDT": 14893344.238102, "IOSTUSDT": 3895905.949693, "XTZUSDT": 6132847.0752, "C98USDT": 5587992.6857, "GALAUSDT": 64475955.25738, "TUSDT": 4173401.06032, "ETHUSDT": 5530067659.02683, "IDUSDT": 5730098.25745, "HBARUSDT": 14534000.61902, "CATIUSDT": 99294888.7403, "GMTUSDT": 23639456.05114, "SCRTUSDT": 16367990.305, "XMRUSDT": 11522901.97932, "SAGAUSDT": 102763807.01757, "LOKAUSDT": 3320540.4513, "LITUSDT": 5097301.623, "RPLUSDT": 4827170.6016, "CYBERUSDT": 7034185.8247, "LUNA2USDT": 8828911.4698, "XVSUSDT": 3122907.4997, "TAOUSDT": 93603317.51439, "TRXUSDT": 54755548.38829, "IMXUSDT": 19397075.209, "WOOUSDT": 8539229.29607, "LINAUSDT": 9606604.60845, "COMBOUSDT": 2590352.0608, "BTCDOMUSDT": 2344026.5556, "STXUSDT": 53053922.0284, "BNTUSDT": 2112130.39875, "PNUTUSDT": 1246797489.02594, "MOODENGUSDT": 607359621.36178, "XRPUSDT": 287185085.21189, "BADGERUSDT": 2821253.5315, "ETCUSDT": 43316237.3936, "ATAUSDT": 4210910.5625, "BTCUSDT_241227": 19263320.3836, "NTRNUSDT": 3135760.5098, "FLUXUSDT": 4725623.4389, "ZKUSDT": 26132491.83575, "ZETAUSDT": 24491425.6043, "EIGENUSDT": 115886889.92113, "BNBUSDT": 318190968.4354, "NEARUSDT": 115366148.664, "DIAUSDT": 29454412.1287, "NFPUSDT": 7499943.7265, "DOGSUSDT": 159549828.3836219, "MAVUSDT": 5282154.596, "SKLUSDT": 3989130.81872, "AVAXUSDT": 165513436.862, "YFIUSDT": 4898590.899, "ICPUSDT": 26399873.35, "GTCUSDT": 6419121.049, "FLOWUSDT": 8879890.1155, "MANTAUSDT": 16122150.00341, "ENSUSDT": 27465954.8787, "ATOMUSDT": 45184567.80887, "ONDOUSDT": 49043704.85823, "OMNIUSDT": 12233641.90091, "PORTALUSDT": 10845320.25934, "TONUSDT": 98655594.98329, "EGLDUSDT": 7513389.5773, "ENAUSDT": 134194792.542, "API3USDT": 8454870.71578, "1000RATSUSDT": 57599481.14276, "RONINUSDT": 4334053.75173, "ETHUSDT_241227": 10972164.35174, "1000BONKUSDT": 80199529.719269, "1000FLOKIUSDT": 97966011.5457, "NKNUSDT": 3096237.53587, "BICOUSDT": 3380628.3024, "BALUSDT": 3194750.1993, "NOTUSDT": 117118546.87545, "SANDUSDT": 21401081.1061, "KSMUSDT": 5183504.8317, "MOVRUSDT": 4827208.88505, "ONTUSDT": 4679014.58635, "MKRUSDT": 34783954.9762, "ORBSUSDT": 4154640.993928, "NEIROUSDT": 833968010.9464473, "CELOUSDT": 15204884.5067, "BSWUSDT": 3515832.48271, "SUSHIUSDT": 12829662.9853, "AXLUSDT": 9788466.52469, "RIFUSDT": 3787267.14526, "OXTUSDT": 2250971.6891, "RUNEUSDT": 51883519.504, "DYMUSDT": 18612812.07276, "BRETTUSDT": 12953533.37288, "IOUSDT": 62158624.2026, "FIDAUSDT": 22685529.3026, "IOTXUSDT": 5188226.47327, "MAGICUSDT": 5459873.92922, "REEFUSDT": 43327473.509032, "METISUSDT": 5615279.8845, "UNFIUSDT": 6018364.0951, "UNIUSDT": 68541214.869, "USTCUSDT": 8617668.29858, "PHBUSDT": 10262932.4493, "DRIFTUSDT": 64095023.0913, "ZROUSDT": 49406634.2614, "THETAUSDT": 15906214.46421, "BOMEUSDT": 117145860.980469, "DASHUSDT": 3647298.02878, "VIDTUSDT": 20465593.65161, "LSKUSDT": 2227102.7729, "CTSIUSDT": 4726907.8132, "ALICEUSDT": 8078153.6137, "BTCUSDT_250328": 15621728.2235, "AKTUSDT": 22743808.7702, "SUIUSDT": 581616648.07547, "STORJUSDT": 11734226.9414, "SWELLUSDT": 34613518.37553, "DOGEUSDT": 317397832.51219, "CHZUSDT": 13577176.13428, "ETHUSDT_250328": 7042079.87092, "XVGUSDT": 2728971.5052868, "SNXUSDT": 9937446.9674, "GRTUSDT": 17491519.54326, "BAKEUSDT": 12626570.2774, "GMXUSDT": 5320678.63131, "FILUSDT": 85688425.3184, "ALPACAUSDT": 10899294.28197, "JASMYUSDT": 31792570.241067, "TURBOUSDT": 64344154.9563599, "STMXUSDT": 9663827.7948, "AIUSDT": 14959838.59696, "GASUSDT": 5798970.4841, "POLYXUSDT": 7073255.62021, "ANKRUSDT": 4112111.68462, "LINKUSDT": 112962206.68373, "SUNUSDT": 24598384.3596, "JOEUSDT": 2986490.4752, "RSRUSDT": 11546356.018001, "RVNUSDT": 3877514.91246, "OPUSDT": 74702023.78573, "PERPUSDT": 3534435.60312, "COWUSDT": 56175910.0108, "VETUSDT": 9312492.667427, "AXSUSDT": 16619385.304, "EDUUSDT": 7715724.8436, "TRUUSDT": 7399965.2637, "ONGUSDT": 3080400.38933, "SSVUSDT": 11401715.18365, "RDNTUSDT": 17422810.60954, "DENTUSDT": 3162362.411607, "SANTOSUSDT": 19117019.739, "DODOXUSDT": 3636876.40953, "KDAUSDT": 5297174.6908, "1000CATUSDT": 65371972.59554, "AAVEUSDT": 112352630.519, "OMGUSDT": 3130774.56239, "CFXUSDT": 23331995.86598, "HIGHUSDT": 8955984.33684, "RENUSDT": 4372704.82615, "ACEUSDT": 11210264.350742, "BSVUSDT": 5272129.185, "MTLUSDT": 4085751.3006, "ARBUSDT": 64705458.63196, "SCRUSDT": 44850405.2468, "NEOUSDT": 11764914.90684, "WUSDT": 18226217.59192, "IOTAUSDT": 5511520.22342, "OGNUSDT": 4238313.5818, "AUCTIONUSDT": 9636331.39645, "FTMUSDT": 157133107.3405, "ALPHAUSDT": 3948619.10885, "ZRXUSDT": 5546259.9833, "DYDXUSDT": 44291688.5549, "STGUSDT": 4741183.9499, "LOOMUSDT": 4988800.9771, "USDCUSDT": 816740.408581, "STRKUSDT": 35683200.07883, "PENDLEUSDT": 50728355.1482, "ENJUSDT": 5356853.61588, "VOXELUSDT": 6490121.4069, "NULSUSDT": 3845487.9482, "CKBUSDT": 16156733.121584, "ORDIUSDT": 212440046.6804, "BANUSDT": 113815300.5312, "APTUSDT": 135094049.4283, "1000SHIBUSDT": 117746960.381248, "PEOPLEUSDT": 142510201.76269, "APEUSDT": 41106706.6901, "ACTUSDT": 372242281.70868, "LPTUSDT": 10259763.5618, "BANDUSDT": 4055618.0827, "ICXUSDT": 3044449.1457, "FXSUSDT": 3524644.00185, "DARUSDT": 12515896.76536, "JTOUSDT": 35565235.1656, "MINAUSDT": 11611232.4526, "ASTRUSDT": 6040596.740932, "FIOUSDT": 8821161.72654, "SPELLUSDT": 5128178.0821377, "PYTHUSDT": 14815160.5639, "COTIUSDT": 10992065.4631, "AEVOUSDT": 19011565.76194, "ROSEUSDT": 11799028.86701, "DEFIUSDT": 952441.5043, "1INCHUSDT": 10456911.6413, "BCHUSDT": 78321790.31545, "UMAUSDT": 12109251.132, "MYROUSDT": 18323463.48425, "KASUSDT": 15043648.86294, "POPCATUSDT": 181828817.5685, "1000SATSUSDT": 167732319.0270534, "SFPUSDT": 3153058.4994, "GLMUSDT": 5104807.83244, "COSUSDT": 3947600.312266, "PONKEUSDT": 34380403.06172, "ADAUSDT": 115378154.098, "BELUSDT": 7018227.1123, "MBOXUSDT": 7656027.2258, "DEGENUSDT": 55826345.278139, "1000LUNCUSDT": 19577147.62065, "ZILUSDT": 5904360.50748, "ARKMUSDT": 38572899.1117, "RLCUSDT": 3476320.71485, "BANANAUSDT": 24427251.2882, "GRASSUSDT": 70120433.58322, "SOLUSDT": 2107370703.744, "WIFUSDT": 548046549.69138, "LTCUSDT": 89570366.06088, "LEVERUSDT": 6897555.5723284, "UXLINKUSDT": 39522085.0864, "DUSKUSDT": 6423115.20758, "STEEMUSDT": 1599673.15194, "CAKEUSDT": 7665479.3102, "AGLDUSDT": 4255212.8549, "COMPUSDT": 8343808.51947, "AMBUSDT": 5499738.682195, "ALTUSDT": 22095302.1467, "ETHFIUSDT": 44085025.24942, "REZUSDT": 18155755.22366, "HOTUSDT": 6391719.888773, "FETUSDT": 146958838.5783, "BONDUSDT": 5024726.55, "ZENUSDT": 6502044.5115, "TROYUSDT": 93352751.479927, "MAVIAUSDT": 7558275.88155, "HFTUSDT": 2240499.3428, "QNTUSDT": 4809829.269, "ARPAUSDT": 8112267.76647, "LDOUSDT": 30460334.5692, "TIAUSDT": 179446646.6617, "ACHUSDT": 6421021.098445, "XEMUSDT": 4483521.1258, "SAFEUSDT": 20142637.4851, "INJUSDT": 80485803.0938, "AERGOUSDT": 4620641.7528, "YGGUSDT": 16179200.1791, "EOSUSDT": 36769256.1474, "1000XUSDT": 44817406.05321, "WAXPUSDT": 2499539.26978, "1MBABYDOGEUSDT": 101217414.1368666, "CHRUSDT": 7899471.5473, "TOKENUSDT": 9184353.81652, "NMRUSDT": 4529277.0511, "BTCUSDT": 13034447010.34392, "SYSUSDT": 5664992.2547, "HOOKUSDT": 6923408.89755, "CRVUSDT": 67868698.441, "CELRUSDT": 3905803.52539, "ZECUSDT": 14238842.99885, "SYNUSDT": 8930609.5916, "MASKUSDT": 14386510.4925, "XAIUSDT": 20905485.094, "TRBUSDT": 43401582.8079, "LRCUSDT": 4325871.35665, "MANAUSDT": 13279288.5443, "TWTUSDT": 3790428.7977, "1000000MOGUSDT": 33786769.49747, "CHESSUSDT": 6247342.0917, "1000XECUSDT": 3475243.60013, "REIUSDT": 4983503.80355, "BLZUSDT": 4936705.88911, "GHSTUSDT": 4313188.202,