{"CRVUSDT": 67868698.441, "EIGENUSDT": 117951431.0379, "PYTHUSDT": 15221474.2811, "FETUSDT": 150211556.2539, "TONUSDT": 98655594.98329, "PERPUSDT": 3512822.95382, "DODOXUSDT": 3714747.11119, "TUSDT": 4173401.06032, "ZRXUSDT": 5827625.98596, "SYSUSDT": 5681330.96752, "BCHUSDT": 76978674.18335, "FILUSDT": 87489044.6109, "1000CATUSDT": 64650695.406, "GRTUSDT": 17492374.43204, "IOTXUSDT": 5199444.08682, "BTCUSDT_241227": 19554594.0113, "AUCTIONUSDT": 9517541.99622, "BLURUSDT": 22989398.0717, "1000WHYUSDT": 37761421.467308, "HOOKUSDT": 6923408.89755, "BNXUSDT": 24961180.39938, "ONTUSDT": 4699973.26304, "HIPPOUSDT": 66141277.74032, "BADGERUSDT": 2968777.2809, "LSKUSDT": 2227102.7729, "ETHWUSDT": 2622769.2527, "TRXUSDT": 54755986.54796, "ALTUSDT": 22095302.1467, "XAIUSDT": 21215528.1558, "CELRUSDT": 3923027.67158, "CAKEUSDT": 7795751.1443, "MAVIAUSDT": 7736045.37749, "GASUSDT": 5904435.5203, "GLMUSDT": 5104807.83244, "API3USDT": 8513324.74028, "CHRUSDT": 7899471.5473, "MYROUSDT": 18835325.46485, "QNTUSDT": 4813492.094, "HMSTRUSDT": 66845001.834946, "FTMUSDT": 160578191.0832, "XEMUSDT": 4483521.1258, "FLMUSDT": 6258808.5565, "MKRUSDT": 36499397.7765, "ATOMUSDT": 45309954.20821, "AGLDUSDT": 4307847.5043, "LTCUSDT": 89570366.06088, "STORJUSDT": 12813175.1976, "1MBABYDOGEUSDT": 100079420.5135291, "ZKUSDT": 26132491.83575, "ENAUSDT": 137076874.5158, "MBOXUSDT": 7656027.2258, "DOGEUSDT": 317900309.40537, "ZENUSDT": 6502044.5115, "WAXPUSDT": 2524308.89751, "KDAUSDT": 5494972.1785, "CKBUSDT": 16765652.562205, "XLMUSDT": 16129269.13805, "1000RATSUSDT": 58210747.04639, "LINAUSDT": 9889528.99703, "LINKUSDT": 115712624.54723, "DIAUSDT": 29224091.1917, "HBARUSDT": 14699016.42783, "DOGSUSDT": 166863449.4404571, "HFTUSDT": 2263067.65097, "NMRUSDT": 4542948.8285, "OGNUSDT": 4321229.1759, "ICXUSDT": 3151690.807, "SUSHIUSDT": 12922340.7886, "GHSTUSDT": 4249606.139, "AVAXUSDT": 167276307.404, "ROSEUSDT": 12484632.18906, "DYMUSDT": 18729330.79841, "PORTALUSDT": 10845320.25934, "SANTOSUSDT": 21625021.9042, "NTRNUSDT": 3135760.5098, "GALAUSDT": 64475955.25738, "VETUSDT": 9424773.141472, "MAVUSDT": 5549685.19487, "CTSIUSDT": 4682171.6721, "JOEUSDT": 3022454.44907, "COMBOUSDT": 2588360.64639, "CFXUSDT": 23523825.65335, "ACHUSDT": 6681530.456688, "BALUSDT": 3262431.1121, "DEFIUSDT": 982327.6004, "ANKRUSDT": 4289562.211, "DYDXUSDT": 47471824.1287, "PENDLEUSDT": 51487883.6852, "SANDUSDT": 21654956.4349, "AIUSDT": 14930783.99208, "UXLINKUSDT": 39522085.0864, "SCRUSDT": 46647998.7608, "SUIUSDT": 592847068.30203, "OXTUSDT": 2282375.85361, "ZECUSDT": 13621441.37262, "XVGUSDT": 2757999.105527, "ETHFIUSDT": 44085025.24942, "ADAUSDT": 119423734.7694, "USDCUSDT": 830595.386307, "LUNA2USDT": 9023081.2352, "TLMUSDT": 4949788.836569, "ILVUSDT": 5027458.078, "TURBOUSDT": 81405398.704099, "GMTUSDT": 23931064.2283, "KNCUSDT": 3595014.5229, "IDUSDT": 6347194.92072, "STGUSDT": 4923804.4191, "COTIUSDT": 10893429.30674, "BSVUSDT": 5476350.827, "TAOUSDT": 97099251.72548, "1000FLOKIUSDT": 106393114.49392, "ZETAUSDT": 24491425.6043, "JASMYUSDT": 31741808.032929, "1000000MOGUSDT": 33786769.49747, "IOTAUSDT": 5660086.66999, "COMPUSDT": 8343808.51947, "GMXUSDT": 5320678.63131, "ZROUSDT": 51240543.1061, "ALGOUSDT": 10936414.97008, "REEFUSDT": 42390842.624474, "OMUSDT": 23909790.273734, "DUSKUSDT": 6673994.64873, "BRETTUSDT": 13184561.33174, "OMNIUSDT": 12401347.32831, "DEGENUSDT": 53657777.31792, "TWTUSDT": 3913231.6874, "ETHUSDT": 5575803606.56706, "KSMUSDT": 5241491.9083, "CETUSUSDT": 42733444.54857, "SNXUSDT": 9937446.9674, "JTOUSDT": 36002485.081, "RUNEUSDT": 51883519.504, "MANAUSDT": 13393020.9619, "STRKUSDT": 37505056.77323, "RPLUSDT": 4930237.8714, "VIDTUSDT": 20465593.65161, "ZILUSDT": 6079486.54556, "BLZUSDT": 4936705.88911, "INJUSDT": 80712048.2695, "ONGUSDT": 3105861.97869, "NEIROETHUSDT": 167660453.6067, "1000XUSDT": 30894533.40892, "MEWUSDT": 80030702.75306, "VOXELUSDT": 6490121.4069, "ORBSUSDT": 4184121.87616, "QTUMUSDT": 3661218.5188, "USTCUSDT": 8801769.63928, "ETHUSDT_250328": 7178987.63776, "SWELLUSDT": 34613518.37553, "DENTUSDT": 3348995.081037, "BIGTIMEUSDT": 51329331.24633, "VANRYUSDT": 10070473.05824, "LISTAUSDT": 18066532.1476, "MINAUSDT": 11797387.7036, "REZUSDT": 18155755.22366, "SKLUSDT": 4030809.42331, "AXLUSDT": 10275285.97015, "WUSDT": 19660188.63099, "SEIUSDT": 103299770.292, "RAREUSDT": 29672208.59084, "YFIUSDT": 5014070.49, "PHBUSDT": 10400568.9687, "SYNUSDT": 8930609.5916, "SSVUSDT": 11401715.18365, "SXPUSDT": 7600950.1749, "STMXUSDT": 9663827.7948, "ALPHAUSDT": 4006200.0567, "WIFUSDT": 555187181.99927, "TIAUSDT": 181685111.8049, "AKTUSDT": 22743808.7702, "UNFIUSDT": 5719166.5136, "RDNTUSDT": 17463312.25996, "BANUSDT": 136046658.9458, "SCRTUSDT": 57718665.2879, "ACEUSDT": 11210264.350742, "XMRUSDT": 11898757.07083, "KASUSDT": 15324779.48865, "1000SHIBUSDT": 121735675.498013, "STXUSDT": 54492584.96, "OPUSDT": 75537789.04123, "NULSUSDT": 3999543.9962, "GTCUSDT": 6455587.9195, "FXSUSDT": 3524644.00185, "ENSUSDT": 27882112.4222, "MAGICUSDT": 5459873.92922, "XVSUSDT": 3104444.7193, "BAKEUSDT": 12626570.2774, "PNUTUSDT": 1283757352.06056, "REIUSDT": 4983503.80355, "MOODENGUSDT": 606695952.81795, "NEARUSDT": 116053763.145, "RENDERUSDT": 38789508.5348, "CATIUSDT": 97432402.6574, "AXSUSDT": 16722864.673, "1000BONKUSDT": 89241319.786886, "BANDUSDT": 4095102.49224, "LEVERUSDT": 7144790.2913133, "CELOUSDT": 15283760.8628, "1000LUNCUSDT": 19978319.95518, "JUPUSDT": 35003340.1399, "UNIUSDT": 69171963.296, "TROYUSDT": 102173745.263403, "HIGHUSDT": 8933303.71749, "1000SATSUSDT": 167732319.0270534, "NOTUSDT": 117118546.87545, "ONDOUSDT": 49681996.28705, "KEYUSDT": 6072333.99251, "LRCUSDT": 4573580.05145, "EOSUSDT": 38063239.2865, "POLYXUSDT": 7087504.07227, "MEMEUSDT": 22961840.692186, "RONINUSDT": 4352845.94421, "LOKAUSDT": 3320540.4513, "CYBERUSDT": 7133024.5408, "1INCHUSDT": 11264501.2438, "PEOPLEUSDT": 152947480.34467, "RSRUSDT": 11546356.018001, "METISUSDT": 6087259.2722, "MOVRUSDT": 4898852.20285, "TRUUSDT": 7961726.0805, "TNSRUSDT": 14208632.64192, "WLDUSDT": 256227334.8942, "DASHUSDT": 3647298.02878, "OMGUSDT": 3166942.36465, "KAVAUSDT": 7349752.67571, "PIXELUSDT": 21782597.5541, "LITUSDT": 5122781.2954, "IOUSDT": 62158624.2026, "ARKMUSDT": 38815639.3829, "BANANAUSDT": 24427251.2882, "RLCUSDT": 3486475.37573, "SAFEUSDT": 20142637.4851, "MTLUSDT": 4171548.1159, "ARBUSDT": 65745320.06025, "ETHUSDT_241227": 11241004.22002, "NEOUSDT": 11785321.59067, "ATAUSDT": 4223825.8364, "FIOUSDT": 8821161.72654, "ARKUSDT": 9468194.3527, "RENUSDT": 4372704.82615, "HOTUSDT": 6527826.815912, "RVNUSDT": 4004406.7657, "PONKEUSDT": 33313854.14463, "QUICKUSDT": 3614250.21393, "LDOUSDT": 30574425.3212, "COWUSDT": 56175910.0108, "1000CHEEMSUSDT": 47804815.153004, "POLUSDT": 31185821.3019, "LPTUSDT": 10445896.9695, "IOSTUSDT": 3965035.249683, "GRASSUSDT": 95177743.76503, "BNBUSDT": 322944993.5081, "IMXUSDT": 19424283.8375, "BTCDOMUSDT": 2451712.4277, "ICPUSDT": 26788897.665, "MANTAUSDT": 16208291.37442, "BNTUSDT": 2112130.39875, "BONDUSDT": 5422196.2117, "GOATUSDT": 424764457.6293, "MASKUSDT": 14814533.3757, "ASTRUSDT": 6056774.695756, "SPELLUSDT": 5128178.0821377, "BATUSDT": 3431137.22857, "STEEMUSDT": 1678756.98023, "SLERFUSDT": 25696313.744, "BEAMXUSDT": 14942637.186608, "XTZUSDT": 6217042.31, "ONEUSDT": 5457926.59612, "SAGAUSDT": 108178000.08807, "ARUSDT": 30936281.2696, "NEIROUSDT": 826956241.5750504, "1000XECUSDT": 3568022.81552, "APEUSDT": 43171898.9047, "GUSDT": 4800598.46261, "WOOUSDT": 8585363.32929, "C98USDT": 5620754.9675, "BOMEUSDT": 119084540.142783, "SOLUSDT": 2140000215.356, "SUPERUSDT": 23600812.5705, "1000PEPEUSDT": 723092396.4420193, "ETCUSDT": 44857831.63528, "DRIFTUSDT": 61252279.0428, "FLUXUSDT": 4801563.3078, "POPCATUSDT": 183034408.5471, "AEVOUSDT": 19011565.76194, "LOOMUSDT": 5108847.50722, "CHZUSDT": 13713414.05695, "THETAUSDT": 16307943.40987, "SFPUSDT": 3153058.4994, "NKNUSDT": 3140635.70137, "DARUSDT": 12515896.76536, "APTUSDT": 140946921.79952, "BSWUSDT": 3515832.48271,