{"QUICKUSDT": 2091945.82772, "QNTUSDT": 12242655.518, "ZKUSDT": 20945084.02226, "USUALUSDT": 74900785.3481, "1MBABYDOGEUSDT": 37817838.8649, "ETHUSDT_250328": 15530892.16712, "USTCUSDT": 6621165.233931, "AUCTIONUSDT": 16927211.7188, "THEUSDT": 40918707.21079, "VTHOUSDT": 12619155.130467, "POPCATUSDT": 115336351.8453, "BANUSDT": 59914631.0839, "AIUSDT": 17881431.40282, "IOSTUSDT": 5834325.882338, "OXTUSDT": 3759529.09419, "MASKUSDT": 21062920.8398, "ENAUSDT": 415899095.2063, "DEFIUSDT": 2146453.3285, "DENTUSDT": 5921490.488905, "MOODENGUSDT": 53108539.556, "SWELLUSDT": 6447797.25743, "SYSUSDT": 2923745.67229, "MANTAUSDT": 13216032.23306, "DODOXUSDT": 3571295.735119, "ORDIUSDT": 121263374.3689, "BAKEUSDT": 10527588.4192, "ALTUSDT": 12872732.58185, "GRIFFAINUSDT": 85685976.77601, "AI16ZUSDT": 144589460.07686, "CKBUSDT": 8960795.113136, "ETHUSDT_250627": 8240936.16648, "PYTHUSDT": 21523988.78292, "RDNTUSDT": 7157297.79076, "SOLUSDT": 2827113414.112, "BTCUSDT_250328": 31248471.197, "BANANAUSDT": 11367010.4444, "ARCUSDT": 166976626.48869, "FARTCOINUSDT": 265906834.21427, "ATAUSDT": 6688410.891, "RVNUSDT": 4694760.25329, "ALPACAUSDT": 4455974.86161, "CGPTUSDT": 20945487.2679, "ENJUSDT": 7981384.02984, "AXLUSDT": 8512430.76172, "KDAUSDT": 7042186.0223, "AVAUSDT": 11092939.95945, "REZUSDT": 9230638.19468, "1000CHEEMSUSDT": 21110973.9689354, "1000XECUSDT": 4671187.7704, "ICXUSDT": 6076915.9328, "1000RATSUSDT": 18717673.41443, "PHAUSDT": 8419048.16955, "PORTALUSDT": 8317437.94755, "NMRUSDT": 5744925.7237, "AEROUSDT": 9758484.134, "BTCUSDT": 14787603373.4395, "CETUSUSDT": 16838022.77375, "ETHFIUSDT": 62011880.03944, "QTUMUSDT": 10764371.3024, "GOATUSDT": 61391842.2858, "BERAUSDT": 199938991.6568, "SFPUSDT": 3914385.4973, "ZEREBROUSDT": 40524343.4558, "WIFUSDT": 379393579.56504, "ZECUSDT": 9742468.2233, "LDOUSDT": 98009144.7641, "KMNOUSDT": 4929579.05157, "MAGICUSDT": 7598084.21712, "ZRXUSDT": 10960174.32939, "1000000MOGUSDT": 16655695.35658, "SCRUSDT": 12488339.6501, "CHZUSDT": 22508610.39788, "POLYXUSDT": 7112943.40507, "MKRUSDT": 36480973.7948, "BANDUSDT": 5313239.36927, "CATIUSDT": 10656629.439, "SUIUSDT": 751690893.2697, "1000BONKUSDT": 100141068.205067, "C98USDT": 8741830.7832, "ROSEUSDT": 11235530.02139, "PONKEUSDT": 8598334.42289, "IOTAUSDT": 27105603.92309, "DYDXUSDT": 50539701.0993, "PIPPINUSDT": 29175081.02132, "CHRUSDT": 7153682.4685, "SUSHIUSDT": 25120865.5148, "WOOUSDT": 6574811.66167, "ZENUSDT": 44599177.0438, "ILVUSDT": 5368315.4467, "ARPAUSDT": 5213044.56863, "KASUSDT": 19672258.35508, "OMNIUSDT": 9180500.90524, "XMRUSDT": 22368693.78882, "BTCDOMUSDT": 8794342.9595, "VETUSDT": 37435674.261977, "MYROUSDT": 8016716.57284, "BIGTIMEUSDT": 17504057.01913, "JASMYUSDT": 35867507.367288, "DFUSDT": 10471277.49903, "BICOUSDT": 3757147.5807, "GRTUSDT": 24189786.08904, "NULSUSDT": 2585519.1143, "GTCUSDT": 6760565.4449, "IDUSDT": 9144321.64938, "TROYUSDT": 11373964.104318, "ARUSDT": 35066337.6497, "MBOXUSDT": 6114654.3089, "PENDLEUSDT": 38150335.2395, "BOMEUSDT": 60081200.890008, "GLMUSDT": 10905927.73334, "RLCUSDT": 5741545.79182, "MTLUSDT": 5151638.8701, "LEVERUSDT": 5696148.0272014, "RENDERUSDT": 49294689.3954, "TSTUSDT": 170168579.7009, "TOKENUSDT": 5023644.49049, "CAKEUSDT": 20957094.9677, "GHSTUSDT": 2214254.4333, "FXSUSDT": 5937373.56189, "HIPPOUSDT": 9374111.66366, "LAYERUSDT": 92320765.4212, "OPUSDT": 97861822.13677, "STRKUSDT": 23434026.59153, "KSMUSDT": 9041012.9783, "BELUSDT": 8070635.8747, "SAGAUSDT": 24318268.43297, "HIGHUSDT": 6381903.16963, "SONICUSDT": 15151181.54229, "HOTUSDT": 8501173.970124, "APTUSDT": 138492837.08789, "POWRUSDT": 7734912.8986, "BIOUSDT": 32881732.8931, "YGGUSDT": 8363467.9478, "STGUSDT": 9213228.5882, "TNSRUSDT": 11570044.753, "VIDTUSDT": 6080563.22153, "DIAUSDT": 3192872.2584, "ADAUSDT": 530657017.5756, "TURBOUSDT": 52176084.8712425, "IOUSDT": 44663715.77005, "STMXUSDT": 7699401.87627, "IMXUSDT": 15086835.9452, "ARBUSDT": 106082083.15365, "COOKIEUSDT": 32971673.8686, "REIUSDT": 2522968.05156, "ZROUSDT": 27119924.92584, "1000LUNCUSDT": 17146604.01487, "NTRNUSDT": 2834321.9092, "GPSUSDT": 20489353.6366, "LUMIAUSDT": 10870700.4641, "CELOUSDT": 11321150.3311, "HIFIUSDT": 4128907.2726, "RUNEUSDT": 69960750.961, "FLMUSDT": 7071876.5199, "LINKUSDT": 386200249.87564, "EGLDUSDT": 13260112.663, "SANTOSUSDT": 4233881.5694, "DOGEUSDT": 1304561623.18609, "HFTUSDT": 3930528.91092, "IPUSDT": 243908327.332391, "ICPUSDT": 31547840.821, "FIDAUSDT": 10115880.2425, "SPELLUSDT": 10606469.5078011, "1000XUSDT": 4765767.12908, "CHESSUSDT": 4357398.714, "RAREUSDT": 5925912.59954, "HMSTRUSDT": 15470715.389013, "BRETTUSDT": 17429052.77071, "KAVAUSDT": 13047186.96897, "CRVUSDT": 140955410.5281, "ARKMUSDT": 41916257.5599, "MAVUSDT": 4727057.85986, "ZETAUSDT": 6398125.6424, "STEEMUSDT": 7453160.78501, "ONEUSDT": 14077280.51295, "EOSUSDT": 68957928.3326, "DASHUSDT": 8068350.41465, "ACHUSDT": 12239698.870222, "COMBOUSDT": 3002232.65524, "EDUUSDT": 4996726.8659, "NOTUSDT": 45829881.228388, "FLUXUSDT": 3531910.8545, "KOMAUSDT": 10135155.11389, "UNIUSDT": 111674601.78, "ALCHUSDT": 40198567.03041, "COSUSDT": 2859824.52006, "PEOPLEUSDT": 46162918.35673, "SHELLUSDT": 86620897.4925, "PHBUSDT": 7298799.6089, "BEAMXUSDT": 13043309.714828, "TAOUSDT": 129087964.36146, "PNUTUSDT": 337363750.82362, "DRIFTUSDT": 10648441.0779, "PIXELUSDT": 11569626.44735, "ACEUSDT": 5879470.59542, "ETHWUSDT": 4329934.9723, "METISUSDT": 5174470.0108, "MOVRUSDT": 5626442.81989, "DEGENUSDT": 14355089.378688, "PERPUSDT": 3545958.82794, "LISTAUSDT": 9861608.4154, "ONTUSDT": 8283234.13114, "AAVEUSDT": 247665112.504, "MOCAUSDT": 16863125.4739, "UMAUSDT": 6498691.862, "ORCAUSDT": 6488049.972, "1000FLOKIUSDT": 63689041.78988, "AIXBTUSDT": 90087651.51585, "WLDUSDT": 238018809.6454, "KAIAUSDT": 7400390.1334, "B3USDT": 22585544.21402, "VOXELUSDT": 4853877.0648, "STXUSDT": 33850847.4893, "FLOWUSDT": 20287360.1292, "TRBUSDT": 32477498.7233, "HOOKUSDT": 5492127.57563, "MEUSDT": 40458131.6127, "GRASSUSDT": 26288159.99936, "JOEUSDT": 4472913.46956, "SUPERUSDT": 11847947.6955, "GMXUSDT": 7098713.55001, "BTCUSDT_250627": 17760108.6002, "SCRTUSDT": 3646181.8538, "PENGUUSDT": 123998197.268852, "SANDUSDT": 69029233.45769, "NEIROETHUSDT": 20931069.08416, "ATOMUSDT": 55631267.08261, "DOGSUSDT": 38923522.1251612, "ETHUSDT": 8499351382.94312, "VANRYUSDT": 10636669.22851, "NKNUSDT": 3074943.4454, "LTCUSDT": 343662759.07125, "NEARUSDT": 119988618.363, "POLUSDT": 26819358.92432, "COTIUSDT": 10417998.63413, "RIFUSDT": 3539448.07537, "UXLINKUSDT": 39017716.3653, "WUSDT": 20850206.794643, "VANAUSDT": 42255072.37623, "TLMUSDT": 4420409.282036, "MANAUSDT": 22735344.1495, "CYBERUSDT": 5979889.3017, "ONDOUSDT": 223151001.29775, "SAFEUSDT": 4367987.2618, "BCHUSDT": 95301478.2501, "SLERFUSDT": 4700914.059, "1000CATUSDT": 24859674.54926, "TRUMPUSDT": 940508033.88906, "BSVUSDT": 4633553.786, "XRPUSDT": 2076669337.05105, "ACXUSDT": 6257612.76171, "GASUSDT": 7084060.6399, "MOVEUSDT": 98963765.8088, "TONUSDT": 51521257.89753, "MORPHOUSDT": 34684374.6964, "GUSDT": 5309507.61272, "INJUSDT": 75033355.9891, "ZILUSDT": 10786614.15501, "USDCUSDT": 4643813.163944, "AVAXUSDT": 248826571.785, "RSRUSDT": 25577238.950884, "REDUSDT": 120928607.4659, "FILUSDT": 135928265.8018, "MINAUSDT": 9561216.7808, "LPTUSDT": 13832996.9154, "XLMUSDT": 143371765.81957, "AERGOUSDT": 9323050.9504, "COMPUSDT": 17340805.33509, "1000WHYUSDT": 6093815.0248274, "STORJUSDT": 10407796.8137, "ARKUSDT": 8673074.4807, "1INCHUSDT": 11572907.5281, "ANIMEUSDT": 41702121.0066, "ALPHAUSDT": 5869965.30618, "BADGERUSDT": 5680052.3618, "GMTUSDT": 44380530.34177, "BALUSDT": 3604337.224, "ANKRUSDT": 6158469.2651, "NFPUSDT": 6914143.05677, "CFXUSDT": 22690564.08086, "SNXUSDT": 17030520.0272, "NEOUSDT": 19284078.9751, "TRXUSDT": 130778422.28551, "ALGOUSDT": 75836356.56056, "BLURUSDT": 13829083.90106, "VELODROMEUSDT": 5406671.50721, "SSVUSDT": 16490088.24887, "FIOUSDT": 4843264.02939, "ALICEUSDT": 8123538.3426, "AGLDUSDT": 26712079.799, "SUNUSDT": 4967616.19507,