{"HIFIUSDT": 5453644.3395, "BAKEUSDT": 13070559.5301, "GRTUSDT": 17256659.01485, "WIFUSDT": 511350518.03662, "ALPACAUSDT": 9867195.27957, "ATAUSDT": 3965733.4527, "KASUSDT": 15043648.86294, "FLOWUSDT": 8710453.652, "TRXUSDT": 53852381.99599, "FIDAUSDT": 20821753.0511, "COTIUSDT": 9247006.85986, "ZRXUSDT": 5540015.72944, "CATIUSDT": 90190996.1235, "PHBUSDT": 7885432.6409, "BSVUSDT": 5272129.185, "COMPUSDT": 7981179.26009, "EGLDUSDT": 7336249.2298, "NEIROETHUSDT": 174063202.8836, "LEVERUSDT": 5855071.3904896, "1000LUNCUSDT": 19504356.1981, "BNBUSDT": 303360703.096, "TAOUSDT": 65382618.4147, "1MBABYDOGEUSDT": 117235316.0644013, "CETUSUSDT": 131698504.50731, "IDUSDT": 5577452.83509, "ZENUSDT": 6502044.5115, "BRETTUSDT": 11705990.0164, "1000RATSUSDT": 57599481.14276, "TONUSDT": 94497703.97385, "BTCDOMUSDT": 2340369.0826, "WUSDT": 16973607.19808, "ORBSUSDT": 4184121.87616, "BNTUSDT": 2112130.39875, "WAXPUSDT": 2488203.62631, "SYSUSDT": 5664992.2547, "NMRUSDT": 3878857.1937, "MEMEUSDT": 20363142.678209, "ASTRUSDT": 5965560.511614, "RVNUSDT": 3818539.1792, "ALPHAUSDT": 3712033.95094, "ENJUSDT": 5208026.55528, "DODOXUSDT": 2650863.438059, "YGGUSDT": 15992599.9199, "LISTAUSDT": 19529144.2621, "XVGUSDT": 2626391.806131, "POLUSDT": 27978552.6839, "SXPUSDT": 5847867.29627, "CYBERUSDT": 6913706.6697, "LDOUSDT": 30460334.5692, "MAVIAUSDT": 7558275.88155, "BNXUSDT": 26861383.25871, "SANTOSUSDT": 53677123.0693, "HOTUSDT": 5214123.054805, "BLURUSDT": 22243013.5999, "CTSIUSDT": 4373262.3641, "ARPAUSDT": 5571761.89954, "BANANAUSDT": 22036084.0564, "SUSHIUSDT": 12091220.179, "METISUSDT": 5124163.3515, "NFPUSDT": 7496558.76484, "NTRNUSDT": 2982286.6849, "BSWUSDT": 3076779.38291, "DENTUSDT": 3162362.411607, "ADAUSDT": 110582343.8458, "ALGOUSDT": 9972502.71164, "PEOPLEUSDT": 140240904.90337, "BALUSDT": 3135968.6104, "BIGTIMEUSDT": 35012256.1087, "JASMYUSDT": 31741808.032929, "HBARUSDT": 13760915.22099, "LPTUSDT": 10036810.897, "TUSDT": 4055324.19458, "WOOUSDT": 6822924.94549, "JOEUSDT": 2804268.1254, "ARBUSDT": 64358112.43689, "KSMUSDT": 4985803.7897, "INJUSDT": 80485803.0938, "POPCATUSDT": 151290278.4585, "REIUSDT": 3973352.41744, "SPELLUSDT": 4620878.0487569, "ETHUSDT_241227": 10429194.93669, "OGNUSDT": 3961465.8666, "EOSUSDT": 36595183.5764, "COWUSDT": 129730008.7459, "RUNEUSDT": 47835732.123, "UNFIUSDT": 8037059.7223, "CELRUSDT": 3733581.68877, "GHSTUSDT": 3534338.472, "STORJUSDT": 11637469.437, "BBUSDT": 24465907.0243, "SANDUSDT": 21189777.1586, "OMNIUSDT": 12233641.90091, "CAKEUSDT": 6629818.8363, "1000000MOGUSDT": 20878861.43314, "ATOMUSDT": 43884181.93712, "GTCUSDT": 6454157.5085, "OMUSDT": 21961429.382938, "USTCUSDT": 7008199.66719, "STGUSDT": 4739324.4534, "VANRYUSDT": 9513917.9225, "1000PEPEUSDT": 702100335.0387862, "FILUSDT": 82228014.5358, "ETHWUSDT": 2370460.2778, "AXSUSDT": 16222787.3, "MTLUSDT": 4064844.7949, "UNIUSDT": 59566588.501, "MOODENGUSDT": 410721358.57861, "EDUUSDT": 7299261.9476, "TNSRUSDT": 14208632.64192, "LINKUSDT": 110613901.93349, "DIAUSDT": 38040010.8239, "VOXELUSDT": 5826831.8297, "UMAUSDT": 11892704.412, "PONKEUSDT": 37406614.8304, "GASUSDT": 5790014.7921, "RSRUSDT": 10194685.802719, "CHRUSDT": 7039359.5433, "ICPUSDT": 25242987.949, "1INCHUSDT": 9780042.7422, "MOVRUSDT": 4323637.57127, "DARUSDT": 10718753.8942, "XAIUSDT": 20905485.094, "LITUSDT": 5044577.0718, "NKNUSDT": 3031671.82793, "SCRUSDT": 40953579.013, "CKBUSDT": 14044109.868853, "PIXELUSDT": 19611350.742, "PYTHUSDT": 13874441.6898, "YFIUSDT": 4868658.035, "AIUSDT": 14959838.59696, "AGLDUSDT": 3802949.5091, "ONDOUSDT": 49681996.28705, "LOOMUSDT": 5038243.06103, "API3USDT": 7937283.24225, "PERPUSDT": 3320997.04415, "SUNUSDT": 29778155.383149, "CHZUSDT": 12678114.54754, "DRIFTUSDT": 1718473063.6925, "QNTUSDT": 4634469.614, "NEIROUSDT": 800541669.8002131, "MAVUSDT": 5247375.47063, "XRPUSDT": 287117415.07128, "COMBOUSDT": 2588360.64639, "GALAUSDT": 61294791.14171, "IOSTUSDT": 3589875.778535, "VETUSDT": 8937087.754128, "RENUSDT": 4040218.27984, "SOLUSDT": 2072250884.037, "SYNUSDT": 8930609.5916, "FLMUSDT": 6057436.4203, "ARKMUSDT": 32031572.2677, "DOGSUSDT": 159000055.8046442, "BTCUSDT": 13394677570.4442, "BANDUSDT": 4055618.0827, "MANTAUSDT": 16116609.38426, "AEVOUSDT": 18837069.48052, "MASKUSDT": 12991005.6139, "APEUSDT": 33829745.6394, "ZKUSDT": 26132491.83575, "STMXUSDT": 9663827.7948, "GOATUSDT": 352132293.861, "1000SHIBUSDT": 114469623.826398, "NEOUSDT": 11486595.06684, "IOUSDT": 62413093.4345, "ONGUSDT": 3024084.77477, "AVAXUSDT": 156771879.806, "SFPUSDT": 3153058.4994, "ZECUSDT": 14238842.99885, "MANAUSDT": 13189809.53, "1000CATUSDT": 64136284.45196, "HMSTRUSDT": 61263162.218704, "MYROUSDT": 16231548.51102, "BONDUSDT": 5667005.4397, "QUICKUSDT": 3145559.06895, "AMBUSDT": 5608475.216919, "XTZUSDT": 5979221.3858, "ENSUSDT": 27465954.8787, "ETCUSDT": 42681853.86941, "COSUSDT": 3172007.540824, "LRCUSDT": 4285691.74883, "1000XECUSDT": 3402509.11814, "ARKUSDT": 4825208.0624, "DYMUSDT": 18874258.24533, "UXLINKUSDT": 42418956.7016, "OXTUSDT": 2038245.98882, "POWRUSDT": 3520411.7726, "AERGOUSDT": 3892991.0037, "LINAUSDT": 9889528.99703, "RENDERUSDT": 34235687.0527, "ZILUSDT": 5565189.449, "HFTUSDT": 2152412.31366, "DUSKUSDT": 5813537.33189, "1000SATSUSDT": 177429071.7999196, "ONTUSDT": 4594319.88378, "AXLUSDT": 7536992.3769, "PENDLEUSDT": 48196512.0366, "KLAYUSDT": 4042989.85399, "CHESSUSDT": 4972467.0694, "MEWUSDT": 82186653.639239, "EIGENUSDT": 126542440.4926, "BICOUSDT": 3275568.0043, "ZROUSDT": 54245586.69501, "MINAUSDT": 11117462.0077, "REZUSDT": 20182616.7142, "AAVEUSDT": 106850778.398, "FTMUSDT": 144438922.5629, "ALICEUSDT": 7580736.4473, "LUNA2USDT": 8264482.6252, "BTCUSDT_241227": 18062912.2936, "RAREUSDT": 36955315.5509, "RIFUSDT": 3842923.89127, "OMGUSDT": 3026638.08544, "1000FLOKIUSDT": 93162359.54379, "CELOUSDT": 13488714.0328, "ORDIUSDT": 212440046.6804, "JUPUSDT": 34242799.2355, "SKLUSDT": 3975759.21992, "VIDTUSDT": 26307289.90082, "ROSEUSDT": 11251493.41429, "BCHUSDT": 78321790.31545, "MAGICUSDT": 5174099.08271, "SAFEUSDT": 37773209.6284, "XLMUSDT": 15794141.07142, "XVSUSDT": 2981179.4699, "FETUSDT": 117514434.0983, "DASHUSDT": 3647298.02878, "LQTYUSDT": 7016616.08606, "MKRUSDT": 34223508.1207, "GMXUSDT": 5320310.03659, "IOTXUSDT": 4747265.97199, "RLCUSDT": 3116178.47689, "LOKAUSDT": 2647391.8354, "GUSDT": 4377772.83649, "TOKENUSDT": 9014763.98149, "WLDUSDT": 235608957.2822, "PORTALUSDT": 9831365.71189, "SAGAUSDT": 115041827.33336, "KAVAUSDT": 6425301.41645, "TLMUSDT": 4210039.048273, "STXUSDT": 52351574.3133, "1000BONKUSDT": 74664909.504368, "TRBUSDT": 43774735.6914, "SSVUSDT": 10810412.69585, "KEYUSDT": 5158531.7561959, "RDNTUSDT": 13094844.95387, "KDAUSDT": 4759050.1361, "ENAUSDT": 128132843.7705, "TWTUSDT": 3582599.0012, "FIOUSDT": 8345652.14721, "TROYUSDT": 52316361.236472, "NULSUSDT": 3559869.205, "ACEUSDT": 11445789.784981, "IOTAUSDT": 5279840.96445, "LTCUSDT": 85955575.52176, "ALTUSDT": 22095302.1467, "RONINUSDT": 4019812.0293, "ACHUSDT": 5742874.281713, "TIAUSDT": 171882999.7555, "HOOKUSDT": 6896150.5945, "FXSUSDT": 3524644.00185, "XMRUSDT": 10607464.91347, "TRUUSDT": 7330163.96694, "ETHFIUSDT": 43995536.46896, "MBOXUSDT": 7074759.3952, "GMTUSDT": 22239746.65348, "ARUSDT": 29907197.7616, "DOGEUSDT": 305944574.54456, "GLMUSDT": 5011729.03703, "DYDXUSDT": 40821754.9029, "APTUSDT": 105125865.51695, "SNXUSDT": 9724230.1666, "LSKUSDT": 2227102.7729, "BEAMXUSDT": 14117430.621181, "C98USDT": 5079980.2689, "KNCUSDT": 3427194.1287, "JTOUSDT": 35565235.1656, "FLUXUSDT": 4637078.0658, "ANKRUSDT": 4053739.4169, "POLYXUSDT": 6970008.08027, "THETAUSDT": 15839861.20538, "BELUSDT": 5681202.425, "BADGERUSDT": 2720403.995, "IMXUSDT": 16728290.6108, "ILVUSDT": 4656338.821, "STRKUSDT": 35130261.93602, "DOTUSDT": 67785968.9232, "ICXUSDT": 3015221.5946, "SUIUSDT": 431740899.98132, "ZETAUSDT": 23603835.8239, "XEMUSDT": 4483521.1258, "BLZUSDT": 4714310.44429, "BTCUSDT_250328": 13906783.4076, "GRASSUSDT": 144860588.59573, "AUCTIONUSDT": 9380781.93208, "RPLUSDT": 3545383.8782,