{"CELRUSDT": 3795453.96554, "ENSUSDT": 27465954.8787, "ARKUSDT": 4825208.0624, "TRBUSDT": 43401582.8079, "EIGENUSDT": 111677601.4119, "KEYUSDT": 5979032.8543379, "TUSDT": 4173401.06032, "LQTYUSDT": 7757426.35271, "LOKAUSDT": 2981610.3695, "1000SATSUSDT": 168292955.5482874, "ANKRUSDT": 4112111.68462, "HIFIUSDT": 5453644.3395, "OXTUSDT": 2134950.11895, "BCHUSDT": 78321790.31545, "THETAUSDT": 15886956.67848, "ILVUSDT": 4851754.2556, "AXLUSDT": 8553397.69394, "STRKUSDT": 35683200.07883, "IOTAUSDT": 5431163.47129, "ZILUSDT": 5716113.03776, "HBARUSDT": 14383386.89122, "FLOWUSDT": 8879890.1155, "ALPACAUSDT": 10899294.28197, "TOKENUSDT": 9191514.44576, "ENAUSDT": 132933491.9772, "MASKUSDT": 13906859.1308, "ACTUSDT": 372242281.70868, "RONINUSDT": 4047184.68239, "MINAUSDT": 11357119.0683, "KSMUSDT": 4992757.6981, "BSWUSDT": 3306848.25108, "ETHUSDT_241227": 10972164.35174, "ZENUSDT": 6502044.5115, "DOGEUSDT": 312680427.74522, "CFXUSDT": 22665867.55258, "BSVUSDT": 5272129.185, "1000000MOGUSDT": 32308332.97287, "STEEMUSDT": 1582354.78408, "XLMUSDT": 15972229.33597, "DEGENUSDT": 66098172.817242, "ONDOUSDT": 49681996.28705, "NEARUSDT": 109029064.154, "AGLDUSDT": 4232550.7504, "XEMUSDT": 4443698.6769, "HOTUSDT": 6190535.071641, "XVSUSDT": 3060058.3485, "BNXUSDT": 25269095.51398, "LITUSDT": 5044577.0718, "AMBUSDT": 5570503.446766, "APEUSDT": 38122595.9382, "NULSUSDT": 3820934.1465, "DOTUSDT": 69197717.6269, "AERGOUSDT": 4591947.1556, "GLMUSDT": 5088871.10031, "COTIUSDT": 10095191.55078, "LOOMUSDT": 4988800.9771, "DOGSUSDT": 166863449.4404571, "FLUXUSDT": 4637078.0658, "POPCATUSDT": 169870545.0848, "KLAYUSDT": 2709400.35766, "ETHWUSDT": 2432691.0971, "REIUSDT": 4669140.84705, "TWTUSDT": 3594082.9891, "ALGOUSDT": 10335215.78041, "VANRYUSDT": 9574951.51126, "WUSDT": 16973607.19808, "REZUSDT": 18155755.22366, "STGUSDT": 4739324.4534, "AVAXUSDT": 159271125.49, "KAVAUSDT": 6945336.06388, "GUSDT": 4703633.39267, "RAREUSDT": 33162140.7619, "DYMUSDT": 18612812.07276, "BTCUSDT": 13394677570.4442, "ADAUSDT": 114033203.2419, "DENTUSDT": 3162362.411607, "COMPUSDT": 7981179.26009, "TRUUSDT": 7367213.36075, "METISUSDT": 5506511.5652, "PHBUSDT": 9633703.6957, "POLYXUSDT": 7073255.62021, "NEIROUSDT": 840951271.1818354, "FIDAUSDT": 22601343.5847, "LISTAUSDT": 18790296.8567, "DUSKUSDT": 6085954.60464, "SAGAUSDT": 108178000.08807, "SWELLUSDT": 34613518.37553, "IOSTUSDT": 3664710.2533, "FTMUSDT": 155534123.7084, "AEVOUSDT": 18837069.48052, "QNTUSDT": 4714331.425, "SUNUSDT": 27498784.638832, "BNTUSDT": 2093561.52035, "STMXUSDT": 9663827.7948, "MEWUSDT": 79843546.756234, "AKTUSDT": 9876666.5555, "GRASSUSDT": 64455966.02732, "ASTRUSDT": 5995112.641286, "YFIUSDT": 4898590.899, "CYBERUSDT": 7022427.0947, "LDOUSDT": 29923102.4302, "NEOUSDT": 11737320.50962, "ONTUSDT": 4603050.0036, "XMRUSDT": 10858960.80827, "YGGUSDT": 15992599.9199, "WLDUSDT": 237740370.7657, "CTSIUSDT": 4521200.1203, "BRETTUSDT": 12409270.63089, "MANAUSDT": 13269154.5787, "GTCUSDT": 6419121.049, "1000FLOKIUSDT": 96794236.28991, "BANDUSDT": 4048337.60075, "1INCHUSDT": 10058537.5484, "APTUSDT": 120539846.13446, "STORJUSDT": 11637469.437, "NTRNUSDT": 2994141.1654, "FXSUSDT": 3446260.84434, "ROSEUSDT": 11460659.877, "CKBUSDT": 15888757.832881, "USTCUSDT": 8184397.65211, "MOODENGUSDT": 672805158.54199, "ALICEUSDT": 7659541.4683, "AIUSDT": 14959838.59696, "DEFIUSDT": 952441.5043, "MTLUSDT": 4085751.3006, "JTOUSDT": 35491979.13, "MAGICUSDT": 5258385.50899, "SUSHIUSDT": 12256158.9682, "TAOUSDT": 88872129.95276, "TROYUSDT": 52316361.236472, "BLZUSDT": 4855079.59166, "COMBOUSDT": 2582766.31164, "1000XECUSDT": 3475243.60013, "WIFUSDT": 528153995.35649, "MBOXUSDT": 7485389.7551, "LRCUSDT": 4290270.1624, "C98USDT": 5288610.1164, "XRPUSDT": 287185085.21189, "SFPUSDT": 3153058.4994, "BTCUSDT_250328": 15621728.2235, "AAVEUSDT": 112352630.519, "QTUMUSDT": 3644645.3473, "RDNTUSDT": 15964207.74488, "HIPPOUSDT": 103438908.55939, "COWUSDT": 64716076.0129, "BELUSDT": 6644181.4128, "1000RATSUSDT": 56741741.60225, "MANTAUSDT": 16116609.38426, "IOUSDT": 62158624.2026, "UNFIUSDT": 6649577.4025, "NOTUSDT": 118281848.29204, "RIFUSDT": 3787267.14526, "CATIUSDT": 99294888.7403, "DYDXUSDT": 41719491.9348, "TNSRUSDT": 14208632.64192, "SPELLUSDT": 4638390.63103, "ALPHAUSDT": 3913285.75954, "ARUSDT": 30884863.5921, "SNXUSDT": 9872066.528, "DARUSDT": 11659291.96312, "ATOMUSDT": 45184567.80887, "DRIFTUSDT": 69998859.8335, "CHESSUSDT": 5764639.0436, "OPUSDT": 73631355.97406, "WAXPUSDT": 2499539.26978, "LPTUSDT": 10228158.4869, "XVGUSDT": 2728971.5052868, "IMXUSDT": 19010249.23, "TRXUSDT": 54755548.38829, "LTCUSDT": 89570366.06088, "ICXUSDT": 3044449.1457, "SEIUSDT": 92002879.7498, "ETHFIUSDT": 43995536.46896, "ACEUSDT": 11130403.677618, "GOATUSDT": 430529102.0834, "CETUSUSDT": 52178216.21949, "MAVUSDT": 5282154.596, "JOEUSDT": 2866425.4018, "NMRUSDT": 4376910.9184, "ARBUSDT": 64358112.43689, "RPLUSDT": 4018854.7167, "INJUSDT": 80485803.0938, "SUPERUSDT": 23199483.4129, "BNBUSDT": 312270580.9246, "RSRUSDT": 11546356.018001, "PEOPLEUSDT": 140959081.84752, "BANANAUSDT": 25090831.0687, "KNCUSDT": 3427194.1287, "WOOUSDT": 7791563.40474, "ATAUSDT": 4014619.3215, "HMSTRUSDT": 67019071.789232, "HFTUSDT": 2222282.37969, "MAVIAUSDT": 7558275.88155, "PIXELUSDT": 21484236.9578, "MYROUSDT": 16945346.48381, "1000PEPEUSDT": 710602725.00882, "ZROUSDT": 51249076.45488, "EOSUSDT": 36769256.1474, "VOXELUSDT": 6277279.6283, "ZETAUSDT": 24491425.6043, "FILUSDT": 85688425.3184, "EGLDUSDT": 7366063.7657, "1000CATUSDT": 65371972.59554, "DASHUSDT": 3647298.02878, "SOLUSDT": 2107370703.744, "PORTALUSDT": 9990957.24642, "BBUSDT": 22992023.1442, "CRVUSDT": 67868698.441, "BIGTIMEUSDT": 49167314.97692, "CAKEUSDT": 6917319.2029, "HOOKUSDT": 6923408.89755, "FIOUSDT": 8821161.72654, "PYTHUSDT": 14199036.0725, "ONGUSDT": 3040708.53553, "IOTXUSDT": 4792923.06315, "NEIROETHUSDT": 173475692.82231, "HIGHUSDT": 8933303.71749, "LINAUSDT": 9606604.60845, "TURBOUSDT": 57095869.940979, "VETUSDT": 9232790.233568, "GMTUSDT": 22872167.33689, "QUICKUSDT": 3342565.26145, "MEMEUSDT": 21614540.865783, "ACHUSDT": 5926931.639546, "ETHUSDT": 5530067659.02683, "JASMYUSDT": 31741808.032929, "BTCUSDT_241227": 19263320.3836, "XTZUSDT": 6132847.0752, "OGNUSDT": 4112130.7233, "DODOXUSDT": 3164191.504968, "BALUSDT": 3181168.1597, "DIAUSDT": 32805462.9486, "BEAMXUSDT": 14537315.806501, "BANUSDT": 113815300.5312, "BOMEUSDT": 117145860.980469, "CELOUSDT": 14532199.4313, "LSKUSDT": 2227102.7729, "SKLUSDT": 3989130.81872, "AXSUSDT": 16348100.692, "UMAUSDT": 12109251.132, "OMNIUSDT": 12233641.90091, "1000LUNCUSDT": 19577147.62065, "EDUUSDT": 7513807.8111, "SSVUSDT": 11086478.8944, "UNIUSDT": 66462418.276, "FLMUSDT": 6057436.4203, "NKNUSDT": 3073048.43416, "USDCUSDT": 806047.945464, "MOVRUSDT": 4520049.41191, "GMXUSDT": 5320678.63131, "CHRUSDT": 7393941.9112, "PONKEUSDT": 34380403.06172, "JUPUSDT": 33514649.5451, "PNUTUSDT": 703683581.04881, "OMGUSDT": 3058971.36536, "BICOUSDT": 3297340.0308, "GRTUSDT": 17491519.54326, "LINKUSDT": 110843434.41286, "SYNUSDT": 8856318.124, "ZRXUSDT": 5546259.9833, "RENUSDT": 4162135.49581, "BLURUSDT": 22781949.4461, "ETHUSDT_250328": 6644467.40993, "XAIUSDT": 20905485.094, "ENJUSDT": 5217220.17297, "COSUSDT": 3828875.692697, "BONDUSDT": 5422196.2117, "ONEUSDT": 5221935.32452, "ALTUSDT": 22095302.1467, "TONUSDT": 94845683.20493, "BAKEUSDT": 12711333.9517, "REEFUSDT": 49649942.581508, "IDUSDT": 5684686.1713, "GHSTUSDT": 4249606.139, "1000BONKUSDT": 80199529.719269, "AUCTIONUSDT": 9380781.93208, "ICPUSDT": 25242987.949, "ORDIUSDT": 212440046.6804, "GASUSDT": 5451740.8808, "ETCUSDT": 43316237.3936, "POLUSDT": 30139574.1161, "1000SHIBUSDT": 116696880.628848, "1000XUSDT": 30894533.40892, "ARKMUSDT": 38457378.0247, "VIDTUSDT": 21087700.26668, "RLCUSDT": 3361608.85917, "POWRUSDT": 3576426.0344, "SYSUSDT": 5651153.73509, "SCRUSDT": 41611944.3521, "NFPUSDT": 7496558.76484, "SAFEUSDT": 23375666.7, "SANDUSDT": 21347110.6586, "UXLINKUSDT": 42418956.7016, "1MBABYDOGEUSDT": 104629624.5646432,