{"BBUSDT": 5280912.51975, "PUFFERUSDT": 2653044.80352, "MEUSDT": 8047018.35271, "BTCUSDT_250926": 13768224.0906, "TIAUSDT": 80952067.2946, "AAVEUSDT": 178726531.259, "B2USDT": 6358786.0228, "RIFUSDT": 1754141.37917, "1000SHIBUSDT": 91343288.551286, "MYXUSDT": 81201496.44405, "NOTUSDT": 14983109.427889, "CFXUSDT": 8170081.14699, "YFIUSDT": 5135956.456, "PORTALUSDT": 5937959.40374, "RDNTUSDT": 2500162.34121, "LQTYUSDT": 4315206.35266, "BTCUSDT_251226": 8109788.9876, "NFPUSDT": 3536958.11219, "OLUSDT": 8227882.74438, "CHRUSDT": 3827421.7063, "AEVOUSDT": 5480929.79235, "EGLDUSDT": 6600792.3897, "ETHFIUSDT": 24337748.81797, "ZILUSDT": 5888287.17369, "MELANIAUSDT": 14414784.06392, "SSVUSDT": 6340918.20038, "OMUSDT": 46831850.338212, "KMNOUSDT": 2774452.22392, "MEWUSDT": 13152509.561193, "BIGTIMEUSDT": 8650386.30264, "MOODENGUSDT": 23326330.99235, "GRASSUSDT": 14625281.4986, "RENDERUSDT": 39433308.8584, "USUALUSDT": 19654078.3585, "DUSKUSDT": 2094550.82507, "NEWTUSDT": 51881657.057, "1MBABYDOGEUSDT": 7727919.6067143, "ONEUSDT": 5080145.2337, "DEXEUSDT": 5625152.45043, "1000RATSUSDT": 5817929.62753, "BELUSDT": 4616100.184, "SIRENUSDT": 5103611.36432, "ALPHAUSDT": 4687454.3765, "1000BONKUSDT": 64318758.005821, "GOATUSDT": 26019367.93899, "POLYXUSDT": 2780810.63345, "COMPUSDT": 11715834.6758, "FISUSDT": 2576905.11337, "NMRUSDT": 2690448.0481, "MANTAUSDT": 8020218.03884, "NXPCUSDT": 86211469.55513, "RUNEUSDT": 16761352.232, "BROCCOLIF3BUSDT": 9931984.184897, "TRUUSDT": 2762545.82058, "HOTUSDT": 3280593.193042, "RAREUSDT": 9292594.01116, "HIFIUSDT": 7905962.5567, "EDUUSDT": 4377131.0638, "SANDUSDT": 24839431.42998, "TURBOUSDT": 25816486.1361032, "ARBUSDT": 58348433.03054, "HAEDALUSDT": 23938335.285811, "CTSIUSDT": 2235120.0334, "CATIUSDT": 6661995.4446, "KASUSDT": 12014382.70866, "REDUSDT": 6471597.634, "WIFUSDT": 217642073.62518, "GALAUSDT": 45379374.93626, "1000FLOKIUSDT": 28312398.20736, "STORJUSDT": 3949024.2997, "CELRUSDT": 2993255.31787, "LUMIAUSDT": 2742084.0014, "DYDXUSDT": 22897131.6535, "NEOUSDT": 14258451.79925, "FIOUSDT": 1360407.91702, "YGGUSDT": 4638420.4289, "IOTXUSDT": 4684969.19857, "WALUSDT": 10779225.5855, "NEIROETHUSDT": 12712856.73029, "ROSEUSDT": 5852877.99728, "PIPPINUSDT": 6418840.06665, "IOUSDT": 12295858.65695, "WUSDT": 14682725.101295, "DOTUSDT": 106175793.6863, "STRKUSDT": 14808236.78782, "APEUSDT": 17968345.5022, "VINEUSDT": 17183338.33936, "PARTIUSDT": 21583104.5567, "ICPUSDT": 20908226.441, "THEUSDT": 6270736.81647, "ETHUSDT": 9460349315.84653, "KERNELUSDT": 16132572.3648, "ALCHUSDT": 21325590.88381, "USTCUSDT": 3122108.241378, "VETUSDT": 15117160.560974, "BROCCOLI714USDT": 10475746.27579, "CGPTUSDT": 3519974.8572, "TRUMPUSDT": 279495611.02, "HUSDT": 162536838.60432, "LAYERUSDT": 53291072.94832, "1000LUNCUSDT": 6235076.86459, "AXSUSDT": 11917858.022, "ONTUSDT": 3159565.55033, "AUCTIONUSDT": 9709813.70775, "FIDAUSDT": 5478415.14976, "FILUSDT": 99090559.2497, "ORCAUSDT": 9960926.8484, "SQDUSDT": 10913925.11056, "TOKENUSDT": 2417129.67467, "1000CHEEMSUSDT": 6714155.6232575, "C98USDT": 4557801.8209, "MORPHOUSDT": 4124645.55042, "XLMUSDT": 50214284.15014, "BANUSDT": 2851874.53844, "WLDUSDT": 107842888.4689, "BOMEUSDT": 23395858.805872, "AEROUSDT": 6532045.15697, "SUIUSDT": 655509438.74506, "METISUSDT": 2599752.0459, "LTCUSDT": 151443266.45454, "AUSDT": 11366906.7453, "LISTAUSDT": 8592027.7175, "BATUSDT": 3718533.39985, "PHBUSDT": 3340362.6751, "1000PEPEUSDT": 773166371.507137, "XVGUSDT": 3385795.8807347, "ENSUSDT": 26046026.6656, "THETAUSDT": 14136787.57976, "ICXUSDT": 4854628.8767, "ZENUSDT": 7934887.2803, "LOKAUSDT": 2075463.81285, "AIUSDT": 4800892.33855, "ARKUSDT": 2809950.6255, "BAKEUSDT": 5033597.38, "COTIUSDT": 5917343.0578, "AI16ZUSDT": 49512440.34006, "BANANAS31USDT": 7094941.004372, "FLOWUSDT": 8730754.5816, "ARKMUSDT": 16361185.2577, "ENJUSDT": 5593514.44334, "ARCUSDT": 23013546.38817, "MOVRUSDT": 1991603.31889, "STOUSDT": 7756674.59917, "HUMAUSDT": 38969664.090792, "RAYSOLUSDT": 20113710.08597, "KAITOUSDT": 57211637.15311, "SNXUSDT": 7432220.1978, "LDOUSDT": 46724914.3984, "PEOPLEUSDT": 26881044.61363, "DFUSDT": 2633357.8893, "PENGUUSDT": 48338277.788059, "MYROUSDT": 3862628.28649, "TNSRUSDT": 2987179.88152, "SOLVUSDT": 9223133.05036, "ETHUSDT_250926": 7437367.6584, "BUSDT": 19210756.9043, "ASRUSDT": 3795343.297, "BEAMXUSDT": 6509821.294239, "HEIUSDT": 2670144.75042, "ATHUSDT": 6448046.52452, "AGLDUSDT": 5893690.4458, "AGTUSDT": 9258432.423408, "BSVUSDT": 3335669.336, "XTZUSDT": 12069371.3365, "BANANAUSDT": 8732171.7433, "IOTAUSDT": 7628061.04911, "ACHUSDT": 11117796.580035, "KNCUSDT": 2442330.8044, "JUPUSDT": 39288692.7241, "DOODUSDT": 3972597.7815974, "HOOKUSDT": 3135338.53409, "ONDOUSDT": 96553220.69205, "DENTUSDT": 2455908.875284, "LINKUSDT": 208370278.72776, "TWTUSDT": 1886514.8565, "BANKUSDT": 4662141.448514, "BNBUSDT": 268183421.6824, "UNIUSDT": 86806394.067, "BTCDOMUSDT": 9588021.4126, "FUNUSDT": 12284830.011907, "PHAUSDT": 3782313.05494, "ALICEUSDT": 5559276.3121, "1INCHUSDT": 5760674.639, "PNUTUSDT": 100812132.90304, "BSWUSDT": 4643378.4684, "MUBARAKUSDT": 47874719.80874, "BABYUSDT": 14803423.23182, "CELOUSDT": 7209602.0702, "OGNUSDT": 2626625.8699, "HYPERUSDT": 8383080.8255, "SXTUSDT": 14456929.21756, "ZKJUSDT": 2551904.4424, "MAGICUSDT": 8831422.04237, "ZKUSDT": 10256872.4039, "GMXUSDT": 3259724.84504, "ZROUSDT": 22921813.47541, "WCTUSDT": 65452638.8165, "HOMEUSDT": 58677346.015214, "API3USDT": 9101620.35346, "ZRXUSDT": 5587203.36815, "OGUSDT": 2335017.9824, "BLURUSDT": 6440749.12094, "DOGSUSDT": 12899710.3638517, "ZECUSDT": 6129622.04178, "FARTCOINUSDT": 439188054.49752, "SKYAIUSDT": 5409409.82318, "MOVEUSDT": 35195439.0147, "KSMUSDT": 4193697.6556, "SOPHUSDT": 37083995.219538, "SIGNUSDT": 12899127.40674, "PROMUSDT": 1788590.8415, "TSTUSDT": 11687032.0859, "DEGENUSDT": 3607027.000346, "OMNIUSDT": 5487493.88991, "AERGOUSDT": 14818538.0599, "JTOUSDT": 16190885.5952, "DOGEUSDT": 792971126.88244, "ACXUSDT": 2053969.08384, "ENAUSDT": 228125068.8617, "TONUSDT": 46693894.98047, "RPLUSDT": 3706595.5518, "JOEUSDT": 2217444.84118, "DOLOUSDT": 2493183.088318, "FETUSDT": 70997717.7343, "1000CATUSDT": 5416881.347093, "OBOLUSDT": 7647263.88953, "HIGHUSDT": 3480251.51224, "MINAUSDT": 6246358.3837, "EIGENUSDT": 28960140.97211, "COWUSDT": 5822636.066, "BMTUSDT": 17754183.0166, "TAOUSDT": 104762425.35952, "RESOLVUSDT": 118370393.36345, "OPUSDT": 78953963.61976, "BRETTUSDT": 14063554.73425, "COSUSDT": 1347114.023795, "ARUSDT": 14650913.9776, "DRIFTUSDT": 2917191.5415, "FORMUSDT": 7599743.66053, "CAKEUSDT": 25746777.8911, "SPXUSDT": 28711750.2008, "GASUSDT": 4424913.4815, "BRUSDT": 3775234.55335, "HYPEUSDT": 203936986.12726, "ANIMEUSDT": 19857887.71918, "ZEREBROUSDT": 17761558.69293, "ETHUSDT_251226": 3441267.20444, "INJUSDT": 56707641.3737, "AVAAIUSDT": 11113108.68059, "SPKUSDT": 69632202.44374, "ALGOUSDT": 28644004.28491, "POLUSDT": 19665279.56602, "POPCATUSDT": 73345056.858, "1000000BOBUSDT": 32330245.03486, "AXLUSDT": 4039496.77937, "TUSDT": 4440707.80121, "PAXGUSDT": 29555036.6648, "SYNUSDT": 2965816.1063, "LPTUSDT": 8578997.5546, "ALTUSDT": 5657163.02022, "PUMPUSDT": 2739942.72801, "FUSDT": 4911480.436, "STXUSDT": 19126002.6217, "MEMEUSDT": 12751888.837287, "EPTUSDT": 6295808.415636, "TRBUSDT": 13723236.6616, "MKRUSDT": 37394232.2013, "HFTUSDT": 2520108.19273, "GPSUSDT": 5491182.60116, "TLMUSDT": 2173730.777529, "SKATEUSDT": 20728864.57809, "NEIROUSDT": 72606569.3004844, "MILKUSDT": 2785877.75549, "GTCUSDT": 2906124.9153, "NKNUSDT": 3573590.61024, "BIDUSDT": 2994854.61938, "XMRUSDT": 15757830.81612, "VANRYUSDT": 4933537.1764, "CTKUSDT": 1769206.9443, "MASKUSDT": 18853790.3264, "IPUSDT": 14445494.867149, "CHESSUSDT": 3684679.91525, "1000SATSUSDT": 20554093.3708025, "RSRUSDT": 10047001.179862, "HMSTRUSDT": 5688016.359765, "KAVAUSDT": 8306624.76308, "NEARUSDT": 99944086.822, "ORDIUSDT": 43883621.0254, "MAVIAUSDT": 3624594.4251, "SPELLUSDT": 3938951.7526972, "1000XUSDT": 3085102.52027, "PLUMEUSDT": 4969935.171,