{"WOOUSDT": 9614169.73183, "ZROUSDT": 51339832.49496, "TRUUSDT": 8116942.65184, "CTSIUSDT": 4849533.1141, "NEOUSDT": 12133844.97096, "1000WHYUSDT": 12951397.7527812, "IOUSDT": 60723894.561, "BICOUSDT": 3396846.2613, "RAREUSDT": 26189454.2971, "TUSDT": 4173401.06032, "PERPUSDT": 3534435.60312, "MBOXUSDT": 7746093.5295, "IOTAUSDT": 5881314.08357, "BNXUSDT": 22739891.63605, "ZKUSDT": 27374537.49768, "BLURUSDT": 24895065.49, "LITUSDT": 5377918.5073, "ACHUSDT": 6825511.174487, "LTCUSDT": 90278054.78922, "CELRUSDT": 3953754.50474, "ONGUSDT": 3105861.97869, "NKNUSDT": 3140635.70137, "ROSEUSDT": 12662102.57671, "STXUSDT": 59443453.0072, "HOTUSDT": 6536694.219739, "AIUSDT": 14930783.99208, "DARUSDT": 12515896.76536, "ENJUSDT": 5466685.4511, "FLUXUSDT": 4942292.3062, "1MBABYDOGEUSDT": 91710974.4222436, "QTUMUSDT": 3661218.5188, "ETHFIUSDT": 44085025.24942, "OPUSDT": 77075462.08561, "ASTRUSDT": 6378894.856518, "ONEUSDT": 5634202.90055, "TRXUSDT": 56783389.6267, "METISUSDT": 6357776.9343, "LPTUSDT": 10698223.2278, "SYNUSDT": 8930609.5916, "FTMUSDT": 166431335.7446, "POLUSDT": 31866284.9605, "LINAUSDT": 10007134.30952, "FIDAUSDT": 24706896.1923, "ETHUSDT_250328": 7465209.36962, "BTCUSDT_250328": 17482726.3954, "LISTAUSDT": 18066532.1476, "BNBUSDT": 323611826.144, "BALUSDT": 3379959.3911, "DENTUSDT": 3348995.081037, "MEMEUSDT": 23585254.225025, "KAVAUSDT": 8443451.07684, "1000XUSDT": 25977567.32888, "KASUSDT": 15849509.22002, "REZUSDT": 18089539.86123, "MASKUSDT": 15329055.0762, "FIOUSDT": 9030621.67742, "HFTUSDT": 2339324.78658, "ADAUSDT": 119944529.3745, "CKBUSDT": 18253964.92176, "HMSTRUSDT": 58763483.974639, "ALTUSDT": 22307763.45053, "RPLUSDT": 4930698.6464, "1000RATSUSDT": 58365551.75783, "DOTUSDT": 72039452.1283, "POPCATUSDT": 181828817.5685, "ICPUSDT": 28141581.756, "PORTALUSDT": 10882178.90386, "BONDUSDT": 5422196.2117, "REIUSDT": 5447585.31851, "MAVUSDT": 5690327.53903, "SUSHIUSDT": 13476722.6202, "GOATUSDT": 395668094.5576, "PHBUSDT": 10673236.4011, "XTZUSDT": 6460777.5311, "BANUSDT": 131178263.0244, "PNUTUSDT": 1090722066.93091, "CHESSUSDT": 6698449.7943, "COWUSDT": 50382322.7437, "QUICKUSDT": 3799857.9101, "WIFUSDT": 555187181.99927, "BELUSDT": 7529309.0512, "THEUSDT": 374709947.5757, "COMBOUSDT": 2588360.64639, "ARPAUSDT": 8444532.18482, "ONTUSDT": 4725858.81213, "IOSTUSDT": 4041943.012145, "SXPUSDT": 9661366.77207, "EDUUSDT": 7692685.4385, "REEFUSDT": 42390842.624474, "SCRUSDT": 46647998.7608, "IMXUSDT": 20272698.2259, "1000CATUSDT": 49608191.63562, "ACTUSDT": 342572732.61877, "STMXUSDT": 9663827.7948, "RUNEUSDT": 54127517.823, "XVGUSDT": 2873329.2752, "STORJUSDT": 12116262.9611, "MTLUSDT": 4377281.562, "BCHUSDT": 79280265.1563, "XVSUSDT": 3122907.4997, "NTRNUSDT": 3178490.5613, "WAXPUSDT": 2543444.03536, "1000000MOGUSDT": 29954588.90619, "XAIUSDT": 21920473.6676, "JTOUSDT": 37162655.4684, "HIPPOUSDT": 60777038.4419, "RENDERUSDT": 40626676.609, "HBARUSDT": 15066127.16455, "KNCUSDT": 3637119.6816, "ZILUSDT": 6296671.93461, "RIFUSDT": 3842923.89127, "BIGTIMEUSDT": 62256275.52193, "ARUSDT": 32778124.6814, "LSKUSDT": 2229775.9304, "JASMYUSDT": 31792570.241067, "IDUSDT": 7161955.13314, "DEGENUSDT": 41410525.476496, "GMXUSDT": 6053315.98631, "PEOPLEUSDT": 147896445.76975, "TLMUSDT": 4949788.836569, "COSUSDT": 4671418.656052, "MOODENGUSDT": 400933287.05522, "BSWUSDT": 3754386.11266, "GUSDT": 4790752.43329, "OMNIUSDT": 13027917.9006, "BTCUSDT": 13998969371.3328, "BSVUSDT": 5992320.842, "XEMUSDT": 4483521.1258, "JOEUSDT": 3062739.6896, "ZECUSDT": 14238842.99885, "SAFEUSDT": 15260551.204, "AAVEUSDT": 112352630.519, "AMBUSDT": 5499738.682195, "AERGOUSDT": 5130688.7375, "UNIUSDT": 71585016.815, "KSMUSDT": 5569287.997, "SWELLUSDT": 30730147.19461, "AUCTIONUSDT": 9636331.39645, "WLDUSDT": 277774061.219, "LQTYUSDT": 8365766.96924, "WUSDT": 25801175.30586, "BTCDOMUSDT": 2735694.5679, "PONKEUSDT": 30189708.60299, "OGNUSDT": 4727194.9841, "SPELLUSDT": 5221479.8791844, "XRPUSDT": 297492932.21316, "OMUSDT": 24957005.016511, "DYDXUSDT": 51600567.8611, "ATOMUSDT": 46000503.12057, "THETAUSDT": 16307943.40987, "DASHUSDT": 3647298.02878, "CRVUSDT": 68405620.0859, "1000SHIBUSDT": 142045686.574164, "ALGOUSDT": 10968112.8999, "ARKMUSDT": 44592363.6152, "MANAUSDT": 13704518.9537, "ATAUSDT": 4223825.8364, "GHSTUSDT": 4322740.326, "ARKUSDT": 16225674.0803, "TAOUSDT": 102923231.96435, "1000XECUSDT": 3568022.81552, "1000PEPEUSDT": 790758556.3726711, "POLYXUSDT": 7147425.22206, "SANDUSDT": 23135941.3145, "CAKEUSDT": 7902096.3365, "MEWUSDT": 75346863.792626, "LOOMUSDT": 5173628.98617, "BANANAUSDT": 21923075.4779, "ACEUSDT": 11130403.677618, "FXSUSDT": 3524644.00185, "LEVERUSDT": 7144790.2913133, "ILVUSDT": 5141143.721, "PENDLEUSDT": 52368825.9187, "CATIUSDT": 79755592.4962, "VETUSDT": 9916600.261927, "SAGAUSDT": 108178000.08807, "COMPUSDT": 8343808.51947, "MYROUSDT": 20235743.21001, "NEARUSDT": 121472448.875, "OMGUSDT": 3255822.24861, "XLMUSDT": 16129269.13805, "UMAUSDT": 13026724.588, "MORPHOUSDT": 63834887.08451, "ARBUSDT": 70626501.43056, "1INCHUSDT": 11930795.1012, "ONDOUSDT": 49723066.39611, "ORDIUSDT": 219956742.612, "QNTUSDT": 5301415.147, "UXLINKUSDT": 39522085.0864, "CFXUSDT": 24773278.06968, "SNXUSDT": 10369098.5591, "BLZUSDT": 5074361.90102, "EGLDUSDT": 7801587.3254, "1000SATSUSDT": 161799291.9081796, "ALPHAUSDT": 4006200.0567, "TWTUSDT": 4450442.7694, "CHZUSDT": 17895269.2989, "YGGUSDT": 16525301.8349, "SSVUSDT": 11401715.18365, "APEUSDT": 46916686.29, "C98USDT": 5666841.1814, "ENSUSDT": 27882112.4222, "GTCUSDT": 6541915.1787, "LUNA2USDT": 11120194.5837, "PYTHUSDT": 16612643.8613, "RENUSDT": 4395173.78213, "RONINUSDT": 4594466.7212, "ALPACAUSDT": 11069662.44337, "RVNUSDT": 4262534.20304, "RDNTUSDT": 18487938.34644, "AGLDUSDT": 4436204.7836, "NFPUSDT": 7575430.77547, "LOKAUSDT": 3554081.2036, "MKRUSDT": 38338765.5409, "DUSKUSDT": 6688119.16116, "POWRUSDT": 3721471.1145, "DIAUSDT": 21084231.5431, "ICXUSDT": 3213251.4878, "SCRTUSDT": 58677897.9076, "DEFIUSDT": 985077.2613, "SYSUSDT": 5681330.96752, "IOTXUSDT": 5289737.44812, "HOOKUSDT": 7069393.20989, "MAVIAUSDT": 7558275.88155, "EIGENUSDT": 121426585.44903, "API3USDT": 8724996.12614, "SLERFUSDT": 17127626.0978, "EOSUSDT": 38063239.2865, "CHILLGUYUSDT": 79255232.3868, "ANKRUSDT": 4371177.23932, "KDAUSDT": 5961254.6318, "NMRUSDT": 4542948.8285, "YFIUSDT": 5155840.357, "TURBOUSDT": 95565255.2584047, "GALAUSDT": 64808744.46875, "TOKENUSDT": 9184353.81652, "SOLUSDT": 2127106502.045, "AXSUSDT": 17210164.512, "SANTOSUSDT": 17734204.2194, "MOVRUSDT": 5014551.7512, "SUIUSDT": 631889529.60914, "HIGHUSDT": 8933303.71749, "ETHUSDT": 5679642394.45142, "AXLUSDT": 11825052.20886, "MINAUSDT": 13442247.9117, "VOXELUSDT": 6490121.4069, "TONUSDT": 98655594.98329, "GLMUSDT": 5104807.83244, "NULSUSDT": 4360894.0487, "AKTUSDT": 19133146.9015, "ENAUSDT": 152141361.4562, "HIFIUSDT": 5671115.2857, "BOMEUSDT": 121641685.871773, "TIAUSDT": 194078625.682, "1000FLOKIUSDT": 106553058.11367, "TNSRUSDT": 14588235.51804, "FILUSDT": 87785080.4806, "FLMUSDT": 6258808.5565, "GRTUSDT": 19332691.31699, "NEIROUSDT": 777469583.9095976, "GMTUSDT": 25477581.07661, "NOTUSDT": 115966794.027048, "AVAXUSDT": 167652357.105, "GASUSDT": 6063112.061, "BTCUSDT_241227": 21436680.6144, "DRIFTUSDT": 50418913.0216, "SKLUSDT": 4078167.02275, "SUNUSDT": 23380337.384299, "ORBSUSDT": 4730579.76073, "LDOUSDT": 30584975.6082, "BADGERUSDT": 2968777.2809, "BEAMXUSDT": 15166571.981751, "STRKUSDT": 39929413.7587, "CYBERUSDT": 7216359.1418, "INJUSDT": 83204851.1824, "ALICEUSDT": 8007554.4082, "KEYUSDT": 6069573.8433414, "STGUSDT": 5088604.372, "DYMUSDT": 19799622.16124, "1000CHEEMSUSDT": 11725888.3706674, "NEIROETHUSDT": 158757092.8433, "VANRYUSDT": 10495326.38462, "GRASSUSDT": 95177743.76503, "APTUSDT": 166034611.21595, "AEVOUSDT": 19011565.76194, "USDCUSDT": 910921.698104, "BAKEUSDT": 12626570.2774, "DOGSUSDT": 161669449.3769017, "FETUSDT": 153072505.338, "RLCUSDT": 3486475.37573, "ETHUSDT_241227": 11241397.26677, "CELOUSDT": 20311674.9846, "ZETAUSDT": 24921797.3832,