{"VIRTUALUSDT": 84252652.78934, "KASUSDT": 18025104.48801, "ARBUSDT": 84954635.00833, "BTCUSDT_250328": 19138267.6588, "LISTAUSDT": 19366083.7667, "STXUSDT": 70691698.1108, "QUICKUSDT": 4938630.5062, "VANAUSDT": 134912239.32968, "RAREUSDT": 23251447.0909, "STGUSDT": 6411818.5087, "DEFIUSDT": 1063820.2652, "SUIUSDT": 819851856.09735, "SSVUSDT": 13151660.33147, "XRPUSDT": 369551819.393, "CELOUSDT": 28502103.5508, "SANTOSUSDT": 15796480.3208, "DYDXUSDT": 62603095.0443, "TUSDT": 4579133.04179, "HMSTRUSDT": 53232246.54032, "XVGUSDT": 3462600.1067708, "PENDLEUSDT": 54499507.5001, "ROSEUSDT": 14766391.51207, "DOTUSDT": 80783682.7165, "ZROUSDT": 51339832.49496, "RIFUSDT": 4432450.23289, "SYNUSDT": 9293403.3622, "MEUSDT": 217273806.1229, "TOKENUSDT": 9957814.9204, "ATAUSDT": 4961724.7565, "STRKUSDT": 41607217.949, "SKLUSDT": 5237354.07403, "IOSTUSDT": 4268362.900974, "UXLINKUSDT": 41766717.8059, "BTCUSDT": 14795216327.4512, "XLMUSDT": 18280094.85145, "1000XUSDT": 25477926.18889, "FLOWUSDT": 9659310.154, "GUSDT": 5252071.33158, "TRUUSDT": 10727210.83514, "PYTHUSDT": 22379693.7918, "FXSUSDT": 4096750.59951, "MOODENGUSDT": 354565355.84905, "ARUSDT": 39281559.1361, "REIUSDT": 6723867.54662, "MOVEUSDT": 251320125.4707, "DYMUSDT": 23131032.1708, "YGGUSDT": 18232731.6932, "ALICEUSDT": 8952792.3266, "ENJUSDT": 6134163.38423, "DODOXUSDT": 5844329.121561, "RLCUSDT": 4256052.40223, "ACHUSDT": 8805454.793721, "COTIUSDT": 14121685.96481, "TAOUSDT": 135625347.88145, "1000CHEEMSUSDT": 20860090.0953345, "UMAUSDT": 13266469.274, "AMBUSDT": 5674308.8332, "ALTUSDT": 30753989.46008, "1000PEPEUSDT": 968425444.9636273, "ACEUSDT": 11710240.579403, "PORTALUSDT": 13329061.80507, "WIFUSDT": 578203609.28252, "THEUSDT": 111609909.87791, "SUPERUSDT": 25262447.197, "CYBERUSDT": 9351901.8542, "FIDAUSDT": 25028773.08487, "CHZUSDT": 28872875.11686, "FETUSDT": 160516536.7606, "MORPHOUSDT": 78157756.00862, "NEIROETHUSDT": 126780733.94455, "BCHUSDT": 90377908.96153, "TONUSDT": 91160432.38112, "ICPUSDT": 31956543.566, "ONDOUSDT": 66779896.24004, "ZECUSDT": 17047351.52207, "SAFEUSDT": 14440051.6036, "API3USDT": 11534947.19278, "HFTUSDT": 2876635.18093, "LQTYUSDT": 8750683.9064, "DASHUSDT": 3781085.2925, "AVAUSDT": 108754483.42033, "MEMEUSDT": 38648683.949608, "AGLDUSDT": 5989398.8688, "COSUSDT": 5500976.866473, "RAYSOLUSDT": 18153182.30227, "1000XECUSDT": 4972113.97591, "YFIUSDT": 5585011.517, "NTRNUSDT": 4246942.3211, "BNTUSDT": 2433521.35826, "BANANAUSDT": 21880427.6711, "1000SATSUSDT": 139716574.4515228, "JOEUSDT": 3622329.86162, "RPLUSDT": 5544484.2916, "RSRUSDT": 12276842.257356, "ARKUSDT": 19799389.8114, "ONGUSDT": 5199913.86405, "XTZUSDT": 6893736.1486, "LEVERUSDT": 7188136.178938, "JUPUSDT": 52258622.153, "SEIUSDT": 138160928.7693, "BSVUSDT": 7045058.347, "LSKUSDT": 2916861.9978, "MINAUSDT": 16154173.71, "MYROUSDT": 25236139.53322, "LITUSDT": 5497729.0073, "ENSUSDT": 33072342.1395, "DIAUSDT": 18863084.251, "AEROUSDT": 19228938.40286, "IDUSDT": 12170826.76739, "QNTUSDT": 5775301.431, "RENDERUSDT": 43870457.2802, "CHILLGUYUSDT": 118323855.5292, "WAXPUSDT": 3331158.22963, "PIXELUSDT": 24369737.6911, "BSWUSDT": 4073023.48017, "KAVAUSDT": 10818850.06472, "ARPAUSDT": 9922858.40299, "IOTXUSDT": 6531416.2312, "ENAUSDT": 215175242.4653, "ZENUSDT": 6606800.4213, "ASTRUSDT": 6978848.63375, "SAGAUSDT": 109212841.24536, "KAIAUSDT": 33451997.7009, "METISUSDT": 8679482.4399, "RUNEUSDT": 61786120.128, "MANAUSDT": 15459957.9849, "SCRTUSDT": 13045362.1501, "BATUSDT": 3742301.32447, "CHESSUSDT": 6907891.7677, "FIOUSDT": 10458054.97453, "1000SHIBUSDT": 243587864.330069, "BEAMXUSDT": 18455526.210045, "STEEMUSDT": 1882071.01952, "NFPUSDT": 8991409.51019, "AKTUSDT": 10814066.0869, "NEARUSDT": 138577720.383, "VETUSDT": 10902637.076828, "SWELLUSDT": 26117068.35234, "PEOPLEUSDT": 140240904.90337, "ONTUSDT": 5842767.40726, "MAVUSDT": 6044115.21059, "DRIFTUSDT": 38777749.1287, "ZETAUSDT": 34125590.3624, "GRTUSDT": 22263095.83142, "FLUXUSDT": 5104044.849, "XAIUSDT": 27667216.41404, "REZUSDT": 18155755.22366, "GTCUSDT": 7503401.1419, "BAKEUSDT": 13142605.8126, "1INCHUSDT": 13666675.3263, "EDUUSDT": 9038668.5634, "NULSUSDT": 4352098.9347, "1000CATUSDT": 41444183.42816, "1MBABYDOGEUSDT": 94010015.9218488, "ZRXUSDT": 8022593.05349, "BNXUSDT": 19346953.93418, "SOLUSDT": 2237934557.183, "TIAUSDT": 254080857.2994, "TLMUSDT": 5069240.451348, "OXTUSDT": 2760187.98737, "MAGICUSDT": 6831553.12351, "DARUSDT": 12770052.69909, "DUSKUSDT": 6698163.809, "AUCTIONUSDT": 11541772.32455, "CFXUSDT": 32104207.4249, "EIGENUSDT": 132734831.81669, "LTCUSDT": 92517121.93909, "OMNIUSDT": 15882817.06283, "MANTAUSDT": 19533484.78352, "USTCUSDT": 11302896.36387, "LRCUSDT": 5476862.45209, "WUSDT": 37575084.15248, "ORBSUSDT": 4769872.69954, "TWTUSDT": 7390741.8489, "IOUSDT": 63510354.51794, "VOXELUSDT": 6120027.9646, "GRASSUSDT": 81445038.9898, "ICXUSDT": 3816112.373, "GOATUSDT": 383088660.2219, "EOSUSDT": 40985330.0121, "BALUSDT": 3681030.003, "OMUSDT": 34437047.790176, "ARKMUSDT": 65133098.4584, "KOMAUSDT": 37057519.11438, "KSMUSDT": 6400593.8254, "ADAUSDT": 128068466.9168, "NKNUSDT": 3671085.96287, "ORCAUSDT": 29264150.7381, "SYSUSDT": 5664992.2547, "BOMEUSDT": 146095428.398754, "GASUSDT": 10807809.294, "MOCAUSDT": 66538686.2538, "ACXUSDT": 65595308.82256, "GALAUSDT": 74105019.87785, "DENTUSDT": 3805897.739302, "DEGOUSDT": 16238887.16271, "ETCUSDT": 55162760.28107, "LUNA2USDT": 12699511.4979, "HOOKUSDT": 7758587.39036, "GMTUSDT": 29943247.87453, "UNIUSDT": 85695316.47, "POLYXUSDT": 9358055.68794, "ETHFIUSDT": 54802677.21252, "FILUSDT": 95497436.8165, "ETHUSDT_250328": 9370971.32891, "COMBOUSDT": 3064993.44032, "VIDTUSDT": 16306725.89152, "BNBUSDT": 367262933.3305, "FTMUSDT": 198864189.1787, "ZKUSDT": 29338454.04504, "AXLUSDT": 16948604.69814, "FLMUSDT": 6258808.5565, "AERGOUSDT": 5902913.4975, "POPCATUSDT": 197893058.8013, "BANUSDT": 103517210.2385, "ACTUSDT": 331912768.95858, "CAKEUSDT": 8933571.9442, "NEOUSDT": 13375145.39026, "1000000MOGUSDT": 30195617.95249, "CRVUSDT": 69824914.2904, "BANDUSDT": 4499067.76845, "JASMYUSDT": 33421074.615726, "GHSTUSDT": 5012131.45, "AXSUSDT": 21311167.679, "JTOUSDT": 43044891.924, "CATIUSDT": 71145444.6692, "LOOMUSDT": 6318820.10464, "MEWUSDT": 86796824.362364, "SANDUSDT": 25936489.8936, "QTUMUSDT": 4094606.9016, "CETUSUSDT": 41398153.49946, "OMGUSDT": 4915696.41658, "EGLDUSDT": 8785878.4048, "ZILUSDT": 7378640.87123, "AIUSDT": 15413691.09584, "MOVRUSDT": 5629455.51438, "TRBUSDT": 45714363.8576, "ATOMUSDT": 51285122.01909, "GMXUSDT": 6599423.09839, "1000WHYUSDT": 12655008.896206, "TRXUSDT": 56783389.6267, "PHBUSDT": 12522053.3842, "POLUSDT": 33463682.2927, "APTUSDT": 206912403.1747, "SLERFUSDT": 16435525.3066, "AEVOUSDT": 20409477.4639, "BICOUSDT": 4492217.0143, "WLDUSDT": 342952241.5412, "APEUSDT": 63468045.2006, "SCRUSDT": 48118503.8851, "HBARUSDT": 19558792.81458, "ETHUSDT_241227": 12812055.23124, "TURBOUSDT": 133803414.9415434, "OGNUSDT": 5522007.0598, "TROYUSDT": 54515741.887671, "ETHUSDT": 6518443895.41703, "PENGUUSDT": 274822584.833327, "NEIROUSDT": 741807070.8434867, "PONKEUSDT": 23585340.35066, "HIFIUSDT": 7563772.6865, "DOGSUSDT": 138849345.0214358, "HOTUSDT": 6851167.875038, "LINKUSDT": 136823425.58583, "PERPUSDT": 4348981.27467, "XVSUSDT": 4760376.9815, "HIPPOUSDT": 62550965.66983, "SPELLUSDT": 5874262.473638, "ANKRUSDT": 4806968.66434, "CHRUSDT": 8107467.5575, "SNXUSDT": 11709037.1203, "DOGEUSDT": 743555372.19855, "ALPHAUSDT": 5813376.85271, "SFPUSDT": 3396247.6824, "1000RATSUSDT": 58210747.04639, "XMRUSDT": 12016168.15275, "MTLUSDT": 5511369.234, "STORJUSDT": 16092954.8152, "USDCUSDT": 1096952.171914, "WOOUSDT": 12382238.35882, "BTCDOMUSDT": 3252396.3838, "BLZUSDT": 7686935.40954, "RENUSDT": 3605712.31735, "LPTUSDT": 12317105.6571, "SUSHIUSDT": 16383811.001, "ALPACAUSDT": 10286818.04906, "LUMIAUSDT": 95007249.131, "LDOUSDT": 34143815.9593, "SXPUSDT": 17632513.27316, "PNUTUSDT": 831105873.51256, "MAVIAUSDT": 9185746.64315, "RVNUSDT": 5156845.8315, "COMPUSDT": 8918148.36951,