{"ARBUSDT": 51123306.04345, "RONINUSDT": 2702638.83641, "PAXGUSDT": 27549810.13736, "OMNIUSDT": 5776769.03715, "COTIUSDT": 6967367.21685, "WOOUSDT": 4062360.05432, "ALPHAUSDT": 3682845.49367, "EGLDUSDT": 6667458.084, "MANTAUSDT": 8466344.46888, "TONUSDT": 52367890.82173, "1000XECUSDT": 2331774.50116, "CHZUSDT": 9331240.1416, "NILUSDT": 14272941.91362, "VELODROMEUSDT": 2476994.92581, "POPCATUSDT": 73345056.858, "NXPCUSDT": 102916370.77818, "DENTUSDT": 2572057.679997, "XCNUSDT": 6169270.92999, "SPKUSDT": 60797854.49107, "SNXUSDT": 7498971.3179, "LSKUSDT": 1792078.21, "1000PEPEUSDT": 761864808.5865358, "PONKEUSDT": 3580830.05799, "SSVUSDT": 6497331.36112, "COWUSDT": 7170595.759, "ALGOUSDT": 29116976.98475, "BTCDOMUSDT": 8463489.76, "SUIUSDT": 638022143.30103, "NMRUSDT": 2770949.1743, "SIGNUSDT": 12899127.40674, "JSTUSDT": 2934827.102801, "EIGENUSDT": 28320486.76494, "IPUSDT": 16390555.265794, "JASMYUSDT": 13386044.554072, "ONDOUSDT": 97549811.6961, "DOGSUSDT": 14503253.1895263, "PROMPTUSDT": 9938792.2744, "PARTIUSDT": 24511953.1263, "MOODENGUSDT": 17872771.23444, "STORJUSDT": 4106889.9222, "SWARMSUSDT": 15311388.91462, "1000XUSDT": 3459452.8452, "CETUSUSDT": 7664265.12275, "BIGTIMEUSDT": 8863049.37003, "1000LUNCUSDT": 6336491.23131, "AAVEUSDT": 156667960.411, "ALTUSDT": 5577115.96926, "VANRYUSDT": 5889642.51894, "SOLVUSDT": 10156037.61173, "DYMUSDT": 4943365.41667, "AUCTIONUSDT": 12761921.70019, "HOMEUSDT": 70368110.333786, "DEGOUSDT": 3358397.05075, "IOUSDT": 12295858.65695, "VINEUSDT": 21622141.91431, "GUNUSDT": 15878050.48916, "LTCUSDT": 165636964.02149, "LISTAUSDT": 8097317.3051, "BAKEUSDT": 5391511.9182, "FUNUSDT": 11570202.361271, "RVNUSDT": 3500654.31374, "IOSTUSDT": 3880180.42032, "RSRUSDT": 10107141.71009, "XMRUSDT": 13246174.34427, "SEIUSDT": 33091944.0062, "ACHUSDT": 12636457.659176, "RDNTUSDT": 2812534.72499, "DYDXUSDT": 21424919.3361, "NEIROUSDT": 71889800.1386996, "LAUSDT": 65378988.4693, "ENSUSDT": 25260683.9508, "PNUTUSDT": 103233003.85585, "AVAXUSDT": 218087740.331, "ZENUSDT": 8292597.4748, "ALCHUSDT": 25459639.23138, "MERLUSDT": 5069859.20303, "VVVUSDT": 5866732.95815, "RESOLVUSDT": 130332531.75389, "RPLUSDT": 3551705.6602, "ACTUSDT": 18964856.41162, "MAGICUSDT": 7494885.61597, "MASKUSDT": 13999266.7661, "LUNA2USDT": 4613841.5407, "USTCUSDT": 3122108.241378, "SIRENUSDT": 5211894.81838, "USDCUSDT": 2677566.35903, "BUSDT": 23963542.60124, "1MBABYDOGEUSDT": 8466769.0437324, "FILUSDT": 94444439.8878, "KASUSDT": 12051777.0149, "HYPEUSDT": 168002047.69254, "YGGUSDT": 4904781.9507, "TIAUSDT": 79218814.9382, "MKRUSDT": 34411258.2816, "KAITOUSDT": 70587113.67353, "ETHFIUSDT": 23426493.41703, "ATAUSDT": 2406670.2309, "C98USDT": 4560457.3212, "MANAUSDT": 11953969.5327, "VANAUSDT": 13706347.50298, "CHRUSDT": 4004401.6935, "PUFFERUSDT": 3234373.37617, "MEMEFIUSDT": 5940431.31585, "XRPUSDT": 1187429048.97361, "OPUSDT": 68807965.223, "RLCUSDT": 2376050.69311, "1000000MOGUSDT": 8247153.18935, "TRBUSDT": 14016502.1441, "POWRUSDT": 1917535.1287, "BRETTUSDT": 11565483.67552, "OGUSDT": 2695357.0873, "HBARUSDT": 59819294.89979, "BATUSDT": 4086182.34222, "KAIAUSDT": 2946024.3428, "DEXEUSDT": 5339776.1771, "THEUSDT": 6863532.14912, "SXTUSDT": 16800933.59228, "SWELLUSDT": 2588855.44572, "IMXUSDT": 12609758.1082, "CHILLGUYUSDT": 14636086.2061, "ETHUSDT": 8777533006.34936, "CYBERUSDT": 3466242.8472, "TAOUSDT": 95787139.17082, "MEWUSDT": 12970747.385761, "PENGUUSDT": 47380161.662212, "KAVAUSDT": 9390635.78199, "EDUUSDT": 4905799.7305, "RAYSOLUSDT": 20607408.11319, "BBUSDT": 5448776.93812, "SFPUSDT": 1872355.205, "HIPPOUSDT": 6736767.259806, "HFTUSDT": 2520108.19273, "KNCUSDT": 2535677.6649, "GPSUSDT": 5688752.87253, "PORTALUSDT": 5584955.7314, "ENAUSDT": 224030089.3447, "QTUMUSDT": 4964876.9702, "HIFIUSDT": 5826808.8351, "JOEUSDT": 2426205.07588, "AXSUSDT": 11198388.793, "BCHUSDT": 104627344.53839, "GASUSDT": 4592197.0258, "BSVUSDT": 2789363.173, "BDXNUSDT": 13315328.36165, "MAVIAUSDT": 3939437.4526, "GALAUSDT": 44902548.7961, "CVCUSDT": 4253472.22727, "KMNOUSDT": 2551940.53936, "OBOLUSDT": 7647263.88953, "HIVEUSDT": 3373163.33942, "BRUSDT": 3640854.6133, "LRCUSDT": 3565125.13753, "SYRUPUSDT": 69313252.73072, "BSWUSDT": 4377096.89704, "TRXUSDT": 90571945.04876, "WIFUSDT": 191185448.28612, "PUMPUSDT": 3858581.59605, "MELANIAUSDT": 15451096.031931, "RENDERUSDT": 37935443.5008, "SKATEUSDT": 30509179.63495, "VETUSDT": 15473103.194556, "CFXUSDT": 8526409.74055, "NFPUSDT": 3703554.449169, "KDAUSDT": 3509487.1318, "CRVUSDT": 106814263.3427, "JELLYJELLYUSDT": 13086561.92037, "PORT3USDT": 3909634.16015, "REDUSDT": 7894974.9221, "PUMPBTCUSDT": 10476592.06561, "DOTUSDT": 102884290.5742, "ENJUSDT": 5974709.84991, "MYXUSDT": 76599096.25993, "IOTXUSDT": 4745275.17237, "STOUSDT": 9530261.9232, "SANDUSDT": 25559068.72485, "1INCHUSDT": 5841475.2222, "FETUSDT": 64123389.956, "ARPAUSDT": 2664953.3648, "SPXUSDT": 25956885.8199, "FIDAUSDT": 5332588.96375, "LDOUSDT": 44425989.671, "FLMUSDT": 9985495.3344, "BTCUSDT_250926": 13686535.9663, "MYROUSDT": 3876298.48243, "NOTUSDT": 17675624.235418, "ONEUSDT": 5080145.2337, "BNBUSDT": 285845661.4828, "PLUMEUSDT": 5216444.9595, "WUSDT": 14607558.961812, "TUSDT": 3614701.83799, "ASTRUSDT": 2832916.269355, "BTCUSDT": 14486322662.4281, "LUMIAUSDT": 3551490.16899, "USUALUSDT": 20741779.1583, "ICXUSDT": 4244861.4594, "DOODUSDT": 7450510.2193711, "STGUSDT": 2876218.2341, "PYTHUSDT": 12001716.1401, "TOKENUSDT": 2320888.0457, "CHESSUSDT": 2805956.27925, "BIOUSDT": 12634274.06629, "MEMEUSDT": 13051661.289583, "SONICUSDT": 6103600.42116, "JTOUSDT": 16190885.5952, "SQDUSDT": 10913925.11056, "METISUSDT": 2599752.0459, "PIXELUSDT": 6773749.00188, "WLDUSDT": 106383044.4989, "GRASSUSDT": 12100761.14588, "KSMUSDT": 4193697.6556, "NEARUSDT": 94957089.402, "RAREUSDT": 11782132.786, "BANANAS31USDT": 6369519.361583, "BOMEUSDT": 24213469.625462, "API3USDT": 10253024.79041, "COMPUSDT": 9930257.53321, "FORMUSDT": 8559866.9595, "ANIMEUSDT": 16871386.59125, "DOGEUSDT": 750609163.66539, "NEOUSDT": 14134469.19995, "POLUSDT": 19197358.75352, "ZROUSDT": 23825903.97764, "SUSDT": 45336443.011, "AWEUSDT": 3379940.191928, "FLOWUSDT": 8156267.2466, "GRTUSDT": 12315556.43254, "AGTUSDT": 10054895.5993, "LQTYUSDT": 3933020.61848, "MEUSDT": 9029352.2227, "STXUSDT": 17497558.868, "BMTUSDT": 19682760.53696, "ETHUSDT_250627": 12847756.69306, "HUMAUSDT": 81700113.281809, "SUPERUSDT": 7053591.7187, "BROCCOLIF3BUSDT": 13487568.302007, "TNSRUSDT": 3074907.71905, "ETHUSDT_250926": 6934568.64528, "MTLUSDT": 2012530.548, "AERGOUSDT": 13907599.49235, "OGNUSDT": 2585812.4519, "ONTUSDT": 3378850.85254, "OMUSDT": 52589745.07342, "APEUSDT": 19202508.315, "TSTUSDT": 16787394.8878, "1000BONKUSDT": 65687498.537252, "MUBARAKUSDT": 56569068.90905, "BANANAUSDT": 10319527.5363, "CAKEUSDT": 29251632.7658, "HAEDALUSDT": 27730828.792283, "YFIUSDT": 4971980.442, "1000000BOBUSDT": 49513586.11083, "GLMUSDT": 4022213.56298, "1000FLOKIUSDT": 25645704.91946, "GRIFFAINUSDT": 22050271.4174, "MOCAUSDT": 3337407.9187, "ARKMUSDT": 19785355.4357, "ZKJUSDT": 2339648.7909, "PENDLEUSDT": 35124090.6526, "VOXELUSDT": 5837995.46273, "LAYERUSDT": 65563202.59576, "KERNELUSDT": 20485075.2039, "ZETAUSDT": 6147062.4174, "VTHOUSDT": 3770966.155725, "QUICKUSDT": 1857098.52098, "HMSTRUSDT": 5816561.650302, "1000SHIBUSDT": 91343288.551286, "THETAUSDT": 14136787.57976, "SPELLUSDT": 4670940.5948464, "AXLUSDT": 4041425.96845, "EPTUSDT": 6932362.412368, "CKBUSDT": 3742167.553251, "SOONUSDT": 26468429.69277, "GTCUSDT": 3133770.2295, "BELUSDT": 4988231.258, "ZILUSDT": 5906599.68058, "ANKRUSDT": 3884792.60567, "AEVOUSDT": 6038394.84291, "SUSHIUSDT": 12010112.8239, "WALUSDT": 12096033.3142, "XAIUSDT": 6720411.41934, "ORDIUSDT": 53051310.5362, "ROSEUSDT": 5523053.54487, "PUNDIXUSDT": 7255236.8852, "MOVEUSDT": 32872058.9724, "NEWTUSDT": 19328094.9481, "ZECUSDT": 6354596.80148, "AI16ZUSDT": 53676665.63215, "NKNUSDT": 2975792.13545, "HOOKUSDT": 3152699.82509, "STRKUSDT": 14454202.34177, "XVGUSDT": 3383188.4960207,