{"PORT3USDT": 3135913.92376, "DFUSDT": 2633357.8893, "SSVUSDT": 6497331.36112, "TUSDT": 4295961.32554, "TIAUSDT": 79218814.9382, "CELOUSDT": 6749210.9895, "STORJUSDT": 4058617.4455, "GRIFFAINUSDT": 20869170.4372, "ZKUSDT": 10144644.86872, "MEMEFIUSDT": 5184563.483994, "AVAUSDT": 2209929.69542, "COWUSDT": 6840556.6509, "REDUSDT": 7160434.5694, "WUSDT": 14567216.093259, "LDOUSDT": 46724914.3984, "WCTUSDT": 73327897.5391, "ONEUSDT": 5080145.2337, "MKRUSDT": 35392024.0584, "MANTAUSDT": 8502249.30965, "ETHUSDT_250627": 14105740.57222, "TUTUSDT": 11877457.49833, "PROMPTUSDT": 8610664.7267, "STOUSDT": 9510147.54766, "FXSUSDT": 4562552.96888, "SUNUSDT": 2254414.73544, "EPICUSDT": 3226585.79196, "PUMPBTCUSDT": 4149213.13031, "ALPHAUSDT": 3897624.12994, "SANDUSDT": 25438260.70986, "LTCUSDT": 162277776.6435, "CGPTUSDT": 3559210.64822, "SQDUSDT": 12356257.76214, "VANRYUSDT": 5357478.54159, "RESOLVUSDT": 130332531.75389, "MEUSDT": 9029352.2227, "1INCHUSDT": 5953361.0097, "UMAUSDT": 3789378.934, "DMCUSDT": 243703366.507351, "USDCUSDT": 2852518.98113, "WIFUSDT": 194914779.64311, "PHAUSDT": 4068519.57604, "ASRUSDT": 4506235.6238, "GUNUSDT": 15689252.33281, "PORTALUSDT": 5820196.210104, "GLMUSDT": 3902365.39963, "SUSDT": 45336443.011, "LAYERUSDT": 64141601.13621, "MERLUSDT": 4812944.28298, "YGGUSDT": 4904781.9507, "LRCUSDT": 3484206.72822, "CELRUSDT": 2989230.5979, "QNTUSDT": 5633580.803, "AIXBTUSDT": 40855653.20157, "ONDOUSDT": 97568764.08284, "FUNUSDT": 12044336.772592, "MYXUSDT": 76599096.25993, "FLMUSDT": 10301703.8018, "ACHUSDT": 11913672.224409, "PUFFERUSDT": 2851925.68058, "ICXUSDT": 4346639.0176, "SPELLUSDT": 4487839.2399262, "BERAUSDT": 32823889.9982, "KAVAUSDT": 9390635.78199, "KMNOUSDT": 2575280.92006, "HOMEUSDT": 70368110.333786, "STXUSDT": 19072503.1155, "HIGHUSDT": 3546673.73357, "CHZUSDT": 9248830.32184, "MAGICUSDT": 7952219.55256, "OMUSDT": 52576877.521531, "SUPERUSDT": 7053591.7187, "BAKEUSDT": 5330294.9827, "SOONUSDT": 25417102.87163, "BLURUSDT": 6697570.47536, "PONKEUSDT": 3838622.75458, "EPTUSDT": 6932362.412368, "SWELLUSDT": 2747231.48361, "TLMUSDT": 2175953.816942, "XLMUSDT": 51966090.3783, "KOMAUSDT": 3191414.00002, "WAXPUSDT": 2024007.74052, "ALPINEUSDT": 1497531.92007, "QUICKUSDT": 1857098.52098, "SPXUSDT": 25956885.8199, "DOGSUSDT": 13294286.3492591, "AGLDUSDT": 6642045.1785, "VVVUSDT": 5420575.16212, "ETCUSDT": 51735598.07471, "1MBABYDOGEUSDT": 8380002.9873143, "MEWUSDT": 13152509.561193, "TRUMPUSDT": 304519961.2324, "DOODUSDT": 6751389.8073039, "AIUSDT": 5048729.04097, "AAVEUSDT": 165467052.561, "MINAUSDT": 6154008.9412, "RSRUSDT": 10441073.379936, "SKATEUSDT": 20728864.57809, "BABYUSDT": 16476119.67996, "APTUSDT": 59004641.41091, "BNTUSDT": 1758808.63795, "AVAXUSDT": 218184585.95, "HIPPOUSDT": 7558094.246254, "ALGOUSDT": 29205552.07206, "PARTIUSDT": 22905987.4534, "TNSRUSDT": 3074907.71905, "ONTUSDT": 3368224.24566, "COMPUSDT": 10204165.43894, "BIGTIMEUSDT": 9841784.86269, "MOODENGUSDT": 20182034.02755, "ACTUSDT": 18627933.87598, "SXPUSDT": 4808268.41156, "MTLUSDT": 2013429.0107, "ORDIUSDT": 52604903.1584, "LPTUSDT": 7903170.6708, "KERNELUSDT": 17801600.216, "INJUSDT": 51620392.8767, "BIDUSDT": 2963680.09008, "DEGOUSDT": 3400294.32584, "FUSDT": 6343731.018338, "SIGNUSDT": 12899127.40674, "DUSKUSDT": 2114253.23266, "MOVEUSDT": 32564461.6234, "IOTAUSDT": 8144363.11241, "1000RATSUSDT": 5909276.97369, "WALUSDT": 11637876.0091, "CHRUSDT": 3846605.1358, "CKBUSDT": 3743770.845987, "GASUSDT": 4625835.2483, "TSTUSDT": 13773448.675, "API3USDT": 10220406.51333, "DEXEUSDT": 5842277.80386, "AEVOUSDT": 5994978.35304, "ETHUSDT_250926": 7437367.6584, "ICPUSDT": 19899963.612, "ALICEUSDT": 5709949.3136, "XRPUSDT": 1174987099.4975, "VETUSDT": 15509203.704808, "IOTXUSDT": 4745275.17237, "BTCUSDT_250926": 13712717.78, "INITUSDT": 53909543.6609, "CYBERUSDT": 3483076.9184, "BTCDOMUSDT": 9425764.303, "BBUSDT": 5417107.42717, "EGLDUSDT": 6931460.5099, "AKTUSDT": 3313757.5165, "POWRUSDT": 1917535.1287, "KAIAUSDT": 3076979.5077, "VINEUSDT": 21212942.24552, "WLDUSDT": 109135797.1368, "HUMAUSDT": 49213514.044459, "BATUSDT": 3987769.80322, "THEUSDT": 6634413.43731, "JELLYJELLYUSDT": 13017861.71508, "FARTCOINUSDT": 439188054.49752, "HMSTRUSDT": 5816561.650302, "PROMUSDT": 1709375.8099, "1000CATUSDT": 5416881.347093, "POLYXUSDT": 2860093.84128, "HBARUSDT": 59671757.36946, "MILKUSDT": 2532503.98715, "OMNIUSDT": 5773699.56751, "BTCUSDT": 14486322662.4281, "SWARMSUSDT": 14749199.9617, "BRETTUSDT": 13845633.05447, "APEUSDT": 18608110.6485, "PAXGUSDT": 29555036.6648, "DEGENUSDT": 3631661.133652, "JOEUSDT": 2425740.40975, "FILUSDT": 98719711.8412, "B2USDT": 5172957.8567, "PNUTUSDT": 103233003.85585, "SONICUSDT": 5523147.09909, "PYTHUSDT": 12356141.99318, "GOATUSDT": 26226734.82666, "BROCCOLI714USDT": 9985263.97089, "NMRUSDT": 2794103.5314, "ZKJUSDT": 2374275.4874, "POLUSDT": 19791692.21377, "SHELLUSDT": 9770441.2844, "MAVUSDT": 2409621.08844, "IDUSDT": 4657418.71205, "NEIROETHUSDT": 13923482.07496, "LAUSDT": 52679311.1947, "1000CHEEMSUSDT": 6714155.6232575, "1000000MOGUSDT": 8398393.52373, "SXTUSDT": 15221385.45069, "SUIUSDT": 648689089.29575, "CATIUSDT": 6981609.2568, "1000PEPEUSDT": 770453119.9071193, "REZUSDT": 12968031.51666, "ZROUSDT": 23825903.97764, "FLOWUSDT": 8730754.5816, "RAREUSDT": 10614922.59373, "RAYSOLUSDT": 20661231.57339, "OBOLUSDT": 8095312.81771, "ROSEUSDT": 5842110.51056, "ALTUSDT": 5930589.39466, "RVNUSDT": 3528803.21148, "SIRENUSDT": 5571971.34986, "HIVEUSDT": 3263785.25205, "BNBUSDT": 285678032.338, "ZENUSDT": 8292597.4748, "DEEPUSDT": 10197654.2696, "MEMEUSDT": 13203254.133348, "TAOUSDT": 100955101.87858, "DYMUSDT": 4767344.75353, "TONUSDT": 51221699.92789, "TRXUSDT": 90571945.04876, "JASMYUSDT": 13296658.594391, "BSVUSDT": 2983705.05, "VIRTUALUSDT": 58268544.78671, "HFTUSDT": 2502099.41269, "KASUSDT": 12051777.0149, "FETUSDT": 66062900.7333, "1000LUNCUSDT": 6341474.18681, "YFIUSDT": 5261753.152, "DENTUSDT": 2544613.715131, "USTCUSDT": 3054557.880455, "ADAUSDT": 370965511.9446, "AUCTIONUSDT": 10715570.22286, "BRUSDT": 3775234.55335, "ATHUSDT": 6560177.52402, "ASTRUSDT": 2832916.269355, "XVGUSDT": 3287809.5196517, "SAFEUSDT": 3959322.2126, "KDAUSDT": 3509487.1318, "PLUMEUSDT": 5105114.1661, "OXTUSDT": 1564260.24349, "THETAUSDT": 14242056.43261, "HAEDALUSDT": 27730828.792283, "ARKMUSDT": 19755107.0225, "BANANAUSDT": 9263690.6956, "BEAMXUSDT": 7050424.101278, "MUBARAKUSDT": 54607688.03942, "AEROUSDT": 6219925.30223, "SOLUSDT": 2755692325.06035, "BIOUSDT": 12123029.17326, "BMTUSDT": 20328813.9031, "JTOUSDT": 16190885.5952, "1000FLOKIUSDT": 26702308.57247, "BANKUSDT": 5840446.176957, "NEARUSDT": 96253325.467, "SKLUSDT": 3209029.45959, "ENAUSDT": 228125068.8617, "AUSDT": 14167271.4861, "DRIFTUSDT": 3285293.4553, "UNIUSDT": 79519132.819, "BANUSDT": 2751741.25984, "ENSUSDT": 26226073.5393, "1000XECUSDT": 2331774.50116, "PUMPUSDT": 3352888.01176, "PIPPINUSDT": 6834426.29227, "GTCUSDT": 3039640.2785, "1000SHIBUSDT": 91343288.551286, "SFPUSDT": 1890383.3568, "BROCCOLIF3BUSDT": 12014936.496167, "DOGEUSDT": 786698896.67399, "ANIMEUSDT": 17910735.1294, "PHBUSDT": 3418648.2483, "ZECUSDT": 6354596.80148, "AXSUSDT": 11248072.478, "IPUSDT": 16390555.265794, "GPSUSDT": 5491182.60116, "XVSUSDT": 2026804.9533, "SEIUSDT": 33091944.0062, "COTIUSDT": 6749709.80155, "ARPAUSDT": 2664953.3648, "BUSDT": 20979441.53017, "1000BONKUSDT": 68841412.69983, "ZEREBROUSDT": 19488511.08771, "CAKEUSDT": 28553707.9603, "AI16ZUSDT": 51730712.19547, "MOVRUSDT": 2205823.65325, "CHESSUSDT": 2827817.55866, "BANDUSDT": 2634854.38273, "ZRXUSDT": 5541410.24627, "TRBUSDT": 13723236.6616, "GRTUSDT": 12426750.7298, "HYPERUSDT": 9416280.4566, "XTZUSDT": 11368333.3023, "ORCAUSDT": 11688174.5167, "MOCAUSDT": 3337407.9187, "STRKUSDT": 14910333.84391, "AXLUSDT": 4039496.77937, "BTCUSDT_250627": 24470858.2029, "XAIUSDT": 6977697.96949, "SNXUSDT": 7498971.3179, "ARCUSDT": 27499430.18985, "BELUSDT": 4738692.5323, "POPCATUSDT": 72814687.687, "JSTUSDT": 2947680.668013, "OGNUSDT": 2585812.4519,