{"ENSUSDT": 35305264.9454, "NEARUSDT": 113412387.869, "APEUSDT": 29840766.7313, "HBARUSDT": 13603002.10334, "CFXUSDT": 21723267.65212, "POPCATUSDT": 113613610.0363, "OPUSDT": 77075462.08561, "XRPUSDT": 360748013.97596, "ATOMUSDT": 42100363.91562, "XLMUSDT": 18658541.77947, "BTCUSDT_250328": 10176751.4907, "EIGENUSDT": 207151614.589, "DIAUSDT": 35879653.5041, "DOGEUSDT": 281425290.22744, "CRVUSDT": 81720289.0195, "NEIROUSDT": 883481373.4351652, "DOTUSDT": 70144161.6576, "FILUSDT": 99404439.5974, "MEMEUSDT": 18937657.781784, "AVAXUSDT": 171897063.65, "JASMYUSDT": 39557604.924149, "DYMUSDT": 19835654.47072, "1MBABYDOGEUSDT": 118680732.6588799, "RDNTUSDT": 9384957.62183, "BTCUSDT": 13394677570.4442, "BOMEUSDT": 110269861.761575, "RUNEUSDT": 41581199.255, "REEFUSDT": 15038616.479234, "STRKUSDT": 39416706.57465, "SUPERUSDT": 12094831.2815, "AXLUSDT": 7199191.62566, "CELOUSDT": 10227955.0551, "ARUSDT": 33095273.728, "LINKUSDT": 112962206.68373, "SUIUSDT": 191105167.12311, "HMSTRUSDT": 105108926.45527, "ZROUSDT": 90511048.3715, "1000BONKUSDT": 89241319.786886, "STXUSDT": 58165284.8213, "BLURUSDT": 20781950.9432, "CATIUSDT": 162052015.2481, "BANANAUSDT": 22036084.0564, "LOOMUSDT": 5108847.50722, "ONDOUSDT": 55097437.90887, "BIGTIMEUSDT": 22615163.9675, "INJUSDT": 85595733.2586, "GALAUSDT": 58572769.95186, "BTCUSDT_241227": 17166834.7739, "AAVEUSDT": 106300805.509, "XAIUSDT": 22504734.0511, "1000SHIBUSDT": 105064027.066023, "LDOUSDT": 37503917.8066, "TRBUSDT": 52084147.8, "WUSDT": 16840365.77467, "ORDIUSDT": 237337181.3096, "PENDLEUSDT": 48196512.0366, "DOGSUSDT": 246103541.9025096, "1000FLOKIUSDT": 95594873.39424, "APTUSDT": 64191435.4689, "POLUSDT": 22350249.1066, "JUPUSDT": 32420265.0255, "IOUSDT": 83435845.9274, "TONUSDT": 87900307.82129, "ALTUSDT": 24371945.50171, "1000SATSUSDT": 261011550.5394304, "MKRUSDT": 36519288.0469, "SAGAUSDT": 82200328.0873, "GASUSDT": 5007307.2242, "ZKUSDT": 29276965.70706, "1000PEPEUSDT": 694981526.254571, "UNFIUSDT": 9329866.5408, "ETHFIUSDT": 49371472.3502, "NEIROETHUSDT": 166423460.6238, "TRXUSDT": 53874417.89303, "ZECUSDT": 18721943.49354, "STORJUSDT": 10676033.0743, "METISUSDT": 4540499.3599, "REZUSDT": 24128517.14652, "1000LUNCUSDT": 19577147.62065, "BNXUSDT": 34190917.60005, "ETCUSDT": 47093407.48851, "WIFUSDT": 522191500.43743, "UXLINKUSDT": 76965980.7552, "TAOUSDT": 43432652.36999, "LTCUSDT": 85782002.99903, "MINAUSDT": 10893248.3368, "NOTUSDT": 164599149.52613, "PIXELUSDT": 15496029.9124, "DYDXUSDT": 33760166.6909, "TIAUSDT": 140036075.7212, "UNIUSDT": 54163031.989, "EOSUSDT": 42643400.8032, "ADAUSDT": 114754718.4765, "MEWUSDT": 61424049.738261, "ETHUSDT": 5575803606.56706, "WLDUSDT": 234223246.2658, "PYTHUSDT": 13874441.6898, "PEOPLEUSDT": 142510201.76269, "SEIUSDT": 59239188.5185, "ICPUSDT": 26478297.543, "1000RATSUSDT": 66989344.30987, "ENAUSDT": 121269677.7481, "OMUSDT": 26502496.321751, "ZETAUSDT": 13988780.4383, "BCHUSDT": 80285946.01226, "RENDERUSDT": 37959633.9437, "ARKMUSDT": 24890339.6981, "ARBUSDT": 65745320.06025, "FETUSDT": 92294433.825, "USTCUSDT": 6861852.45635, "GRTUSDT": 17491519.54326, "TURBOUSDT": 61672313.981382, "CHZUSDT": 11877831.71917, "FTMUSDT": 118018171.0072, "BRETTUSDT": 10995276.32548, "ACEUSDT": 12655207.946372, "ARKUSDT": 4559308.2346, "JTOUSDT": 34371137.2756, "BNBUSDT": 285765332.7513, "SOLUSDT": 1994482272.427, "MYROUSDT": 15087261.06928}
  