{"NFPUSDT": 7464639.17479, "NMRUSDT": 3878857.1937, "MBOXUSDT": 7161193.7393, "KNCUSDT": 3417082.2038, "DOGSUSDT": 159000055.8046442, "ATOMUSDT": 43884181.93712, "TRBUSDT": 43774735.6914, "SKLUSDT": 3975759.21992, "POLYXUSDT": 6970008.08027, "IOSTUSDT": 3589875.778535, "OXTUSDT": 2026422.72899, "HBARUSDT": 13760915.22099, "BATUSDT": 3343066.01845, "SCRUSDT": 40953579.013, "RAREUSDT": 36955315.5509, "XAIUSDT": 20648841.7449, "LPTUSDT": 10051273.1702, "BSVUSDT": 5272129.185, "LOOMUSDT": 4988800.9771, "TNSRUSDT": 14208632.64192, "MOODENGUSDT": 410721358.57861, "ENSUSDT": 27465954.8787, "EDUUSDT": 7299261.9476, "POWRUSDT": 3520411.7726, "IDUSDT": 5577452.83509, "FLUXUSDT": 4637078.0658, "DODOXUSDT": 2650863.438059, "DOTUSDT": 67785968.9232, "MINAUSDT": 11073501.2654, "VOXELUSDT": 5826831.8297, "RIFUSDT": 3842923.89127, "FIDAUSDT": 20821753.0511, "MANAUSDT": 13189809.53, "ETHUSDT": 5530067659.02683, "USDCUSDT": 806047.945464, "ORDIUSDT": 209402143.7036, "FETUSDT": 118283019.782, "BNXUSDT": 26861383.25871, "PYTHUSDT": 13874441.6898, "GRTUSDT": 17084834.08436, "DARUSDT": 10718753.8942, "YGGUSDT": 15967740.0928, "ORBSUSDT": 4154640.993928, "CFXUSDT": 22193833.03394, "QUICKUSDT": 3145559.06895, "PORTALUSDT": 9785851.73327, "ZILUSDT": 5565189.449, "JUPUSDT": 34242799.2355, "GLMUSDT": 5088871.10031, "1000LUNCUSDT": 19304730.43664, "DASHUSDT": 3642549.3649, "BNTUSDT": 2093561.52035, "CHRUSDT": 7039359.5433, "LINAUSDT": 9606604.60845, "DUSKUSDT": 5813537.33189, "COSUSDT": 3172007.540824, "GTCUSDT": 6419121.049, "CELOUSDT": 13369871.1413, "1000000MOGUSDT": 14894832.03773, "GOATUSDT": 352132293.861, "RLCUSDT": 3112584.36735, "BEAMXUSDT": 13829186.623742, "RENDERUSDT": 34235687.0527, "SXPUSDT": 5847867.29627, "FTMUSDT": 144716770.9099, "PONKEUSDT": 16993521.13975, "ZENUSDT": 6432732.9221, "ARPAUSDT": 5571761.89954, "NOTUSDT": 121273586.970017, "STRKUSDT": 35130261.93602, "HOOKUSDT": 6896150.5945, "FXSUSDT": 3446260.84434, "SPELLUSDT": 4620878.0487569, "HIGHUSDT": 8933303.71749, "BICOUSDT": 3275568.0043, "STXUSDT": 52351574.3133, "LISTAUSDT": 19366083.7667, "APTUSDT": 107048953.3495, "BTCDOMUSDT": 2340369.0826, "COWUSDT": 105208375.4238, "FLOWUSDT": 8710453.652, "ZROUSDT": 52387539.52281, "ALPHAUSDT": 3712033.95094, "ZKUSDT": 26132491.83575, "LUNA2USDT": 8101482.4785, "DRIFTUSDT": 298332029.43, "DIAUSDT": 36972327.658, "ETHUSDT_250328": 6564635.35197, "EIGENUSDT": 126542440.4926, "OPUSDT": 73527672.05308, "AEVOUSDT": 18837069.48052, "WOOUSDT": 6882404.70753, "LTCUSDT": 87833730.20333, "GASUSDT": 5621827.0685, "SSVUSDT": 10638525.3928, "BONDUSDT": 5422196.2117, "NEOUSDT": 11570288.04901, "OMGUSDT": 2986427.51058, "NEIROETHUSDT": 174063202.8836, "BOMEUSDT": 115273983.975852, "CELRUSDT": 3733581.68877, "STGUSDT": 4739324.4534, "LEVERUSDT": 5730308.9711283, "BNBUSDT": 303360703.096, "ALTUSDT": 21942904.9709, "MASKUSDT": 12991005.6139, "GMTUSDT": 22239746.65348, "SANTOSUSDT": 43419032.9263, "ALPACAUSDT": 10500654.55283, "TWTUSDT": 3548227.4, "ILVUSDT": 4656338.821, "ZRXUSDT": 5477113.0068, "ANKRUSDT": 4053739.4169, "LSKUSDT": 2190146.607, "IOTXUSDT": 4745092.75736, "API3USDT": 7911257.01735, "TURBOUSDT": 64239743.203197, "SWELLUSDT": 40899331.69718, "ENAUSDT": 128132843.7705, "RUNEUSDT": 47835732.123, "AUCTIONUSDT": 9304017.48418, "LOKAUSDT": 2700772.5338, "PENDLEUSDT": 48196512.0366, "MAVIAUSDT": 7555473.91481, "SUNUSDT": 29778155.383149, "ETHFIUSDT": 43175069.93835, "KDAUSDT": 4759050.1361, "HMSTRUSDT": 61263162.218704, "GMXUSDT": 5305307.25411, "BIGTIMEUSDT": 37502627.4542, "ETHUSDT_241227": 10429194.93669, "BAKEUSDT": 12711333.9517, "ETHWUSDT": 2370460.2778, "FIOUSDT": 8345652.14721, "USTCUSDT": 7008199.66719, "REZUSDT": 19641723.04757, "ONDOUSDT": 49043704.85823, "TRUUSDT": 7266506.23257, "SUSHIUSDT": 12059247.7454, "BRETTUSDT": 11705990.0164, "1000RATSUSDT": 56741741.60225, "ZECUSDT": 14238842.99885, "RDNTUSDT": 12836272.53463, "SAGAUSDT": 115041827.33336, "MAGICUSDT": 5174099.08271, "POLUSDT": 27978552.6839, "YFIUSDT": 4868658.035, "MEMEUSDT": 20363142.678209, "FILUSDT": 82228014.5358, "TRXUSDT": 53283048.46286, "LRCUSDT": 4285691.74883, "SAFEUSDT": 32893464.0639, "PERPUSDT": 3259510.04615, "ALGOUSDT": 9972502.71164, "XVSUSDT": 2981179.4699, "BANANAUSDT": 21923075.4779, "LQTYUSDT": 6889264.69308, "MYROUSDT": 16094314.25855, "ALICEUSDT": 7502086.4149, "UNIUSDT": 59566588.501, "AERGOUSDT": 3892991.0037, "DYDXUSDT": 40754120.4357, "REIUSDT": 3973352.41744, "APEUSDT": 33829745.6394, "MEWUSDT": 79843546.756234, "1000CATUSDT": 64136284.45196, "1INCHUSDT": 9780042.7422, "ARUSDT": 28698698.3273, "NEARUSDT": 108630625.608, "EGLDUSDT": 7336249.2298, "TLMUSDT": 4195123.876398, "ARKUSDT": 4825208.0624, "FLMUSDT": 6057436.4203, "GALAUSDT": 61294791.14171, "VETUSDT": 9044628.603275, "TAOUSDT": 67137230.67539, "GUSDT": 4377772.83649, "ATAUSDT": 3945329.0989, "CKBUSDT": 14044109.868853, "SUPERUSDT": 21470745.9277, "JTOUSDT": 35565235.1656, "XEMUSDT": 4443698.6769, "MAVUSDT": 5176441.39902, "ARKMUSDT": 32031572.2677, "ASTRUSDT": 5921666.82835, "GHSTUSDT": 3534338.472, "OMUSDT": 21837134.460887, "PHBUSDT": 7885432.6409, "ONTUSDT": 4574458.98134, "TIAUSDT": 171882999.7555, "AVAXUSDT": 156771879.806, "SOLUSDT": 2072250884.037, "XTZUSDT": 5979221.3858, "AIUSDT": 14966313.64489, "ICXUSDT": 3015221.5946, "NULSUSDT": 3469215.0596, "C98USDT": 5079980.2689, "REEFUSDT": 49649942.581508, "POPCATUSDT": 151290278.4585, "ZETAUSDT": 24086276.4741, "STMXUSDT": 9046817.51749, "RONINUSDT": 4019812.0293, "SEIUSDT": 74464564.7367, "ACHUSDT": 5725978.161928, "ROSEUSDT": 10876740.04214, "XVGUSDT": 2626391.806131, "CETUSUSDT": 142289351.29376, "BLZUSDT": 4714310.44429, "THETAUSDT": 15814352.18701, "SFPUSDT": 3153058.4994, "NTRNUSDT": 2962601.5442, "SYSUSDT": 5664992.2547, "OMNIUSDT": 12118048.77906, "1000SHIBUSDT": 114469623.826398, "ARBUSDT": 63267586.63356, "IOUSDT": 62158624.2026, "PIXELUSDT": 19611350.742, "DYMUSDT": 18874258.24533, "GRASSUSDT": 67920778.21017, "BANDUSDT": 4048337.60075, "STEEMUSDT": 1576548.17791, "CHESSUSDT": 5643476.3344, "TOKENUSDT": 9014763.98149, "DOGEUSDT": 305944574.54456, "XLMUSDT": 15972229.33597, "UNFIUSDT": 7871517.9904, "MTLUSDT": 4050629.2358, "1MBABYDOGEUSDT": 109670665.3648667, "BTCUSDT_241227": 18062912.2936, "WLDUSDT": 234223246.2658, "BADGERUSDT": 2720403.995, "JASMYUSDT": 31741808.032929, "WUSDT": 16973607.19808, "LINKUSDT": 110613901.93349, "BTCUSDT_250328": 14601895.2129, "AAVEUSDT": 106300805.509, "RSRUSDT": 10377475.614248, "KASUSDT": 15043648.86294, "SUIUSDT": 441301607.52988, "TROYUSDT": 52316361.236472, "PEOPLEUSDT": 137185362.30984, "AXSUSDT": 16222787.3, "BSWUSDT": 3076779.38291, "KLAYUSDT": 3974478.61631, "ICPUSDT": 25242987.949, "AXLUSDT": 7536992.3769, "XRPUSDT": 287185085.21189, "1000SATSUSDT": 175157667.5841107, "INJUSDT": 80485803.0938, "IMXUSDT": 16628382.2417, "TONUSDT": 94497703.97385, "1000BONKUSDT": 77197155.868586, "QTUMUSDT": 3589992.5066, "CYBERUSDT": 6873954.4054, "HFTUSDT": 2136058.36094, "ETCUSDT": 42681853.86941, "STORJUSDT": 11637469.437, "QNTUSDT": 4634469.614, "UXLINKUSDT": 42418956.7016, "1000PEPEUSDT": 693637974.7400413, "MOVRUSDT": 4323637.57127, "UMAUSDT": 11892704.412, "ACEUSDT": 11210264.350742, "COMPUSDT": 7981179.26009, "SNXUSDT": 9724230.1666, "RVNUSDT": 3843549.48072, "CAKEUSDT": 6629818.8363, "MANTAUSDT": 16116609.38426, "SYNUSDT": 8930609.5916, "KEYUSDT": 5158531.7561959, "BBUSDT": 24465907.0243, "CRVUSDT": 67868698.441, "1000FLOKIUSDT": 94374592.04738, "ONEUSDT": 4970669.73156, "BLURUSDT": 22349202.7529, "AMBUSDT": 5570503.446766, "HIFIUSDT": 5453644.3395, "RENUSDT": 4040218.27984, "COTIUSDT": 9247006.85986, "CHZUSDT": 12678114.54754, "NEIROUSDT": 815580546.2147845, "WIFUSDT": 511170274.46808, "LDOUSDT": 30460334.5692, "RPLUSDT": 3671967.7407, "WAXPUSDT": 2488203.62631, "BALUSDT": 3135968.6104, "ADAUSDT": 110582343.8458, "VIDTUSDT": 24642875.33325, "IOTAUSDT": 5306643.25704, "AGLDUSDT": 3843348.8725, "DENTUSDT": 3147899.136479, "CTSIUSDT": 4373262.3641, "METISUSDT": 5124163.3515, "CATIUSDT": 90190996.1235,