{"MTLUSDT": 4050629.2358, "THETAUSDT": 15886956.67848, "XLMUSDT": 15972229.33597, "SANDUSDT": 21189777.1586, "ICXUSDT": 3044449.1457, "IOSTUSDT": 3664710.2533, "1000BONKUSDT": 79515200.985029, "CELOUSDT": 14528923.5234, "REEFUSDT": 51568165.281884, "MEMEUSDT": 20363142.678209, "NTRNUSDT": 3057762.5221, "KAVAUSDT": 6911458.86584, "BOMEUSDT": 115273983.975852, "OMGUSDT": 3058971.36536, "NULSUSDT": 3820934.1465, "TWTUSDT": 3594082.9891, "TRBUSDT": 43401582.8079, "XAIUSDT": 20905485.094, "REZUSDT": 18317706.8247, "EOSUSDT": 36595183.5764, "AKTUSDT": 30556222.0693, "ETHUSDT": 5530067659.02683, "FIOUSDT": 8821161.72654, "CHESSUSDT": 5764639.0436, "ZETAUSDT": 24491425.6043, "WLDUSDT": 235608957.2822, "SXPUSDT": 6648546.77302, "LINKUSDT": 110843434.41286, "TAOUSDT": 85593520.47828, "OXTUSDT": 2126379.76935, "SSVUSDT": 10900962.39273, "TRXUSDT": 54436395.76333, "BONDUSDT": 5422196.2117, "PIXELUSDT": 21484236.9578, "ILVUSDT": 4700672.796, "OMUSDT": 21961429.382938, "TURBOUSDT": 57095869.940979, "POWRUSDT": 3576426.0344, "BANANAUSDT": 24427251.2882, "UNIUSDT": 65259108.391, "DASHUSDT": 3642549.3649, "HMSTRUSDT": 66891049.494881, "KASUSDT": 15207133.86239, "SPELLUSDT": 4620878.0487569, "1000RATSUSDT": 56741741.60225, "MANAUSDT": 13189809.53, "ARKUSDT": 4825208.0624, "ONDOUSDT": 49043704.85823, "SUSHIUSDT": 12149858.5337, "ORDIUSDT": 212440046.6804, "GUSDT": 4657090.47073, "CKBUSDT": 15141528.279828, "TROYUSDT": 50219435.984757, "1MBABYDOGEUSDT": 107959410.5581913, "AMBUSDT": 5570503.446766, "BADGERUSDT": 2725003.1705, "EIGENUSDT": 117951431.0379, "BCHUSDT": 76978674.18335, "KSMUSDT": 4985803.7897, "UMAUSDT": 12024932.019, "XMRUSDT": 10817567.69389, "NEOUSDT": 11570288.04901, "QUICKUSDT": 3342565.26145, "PENDLEUSDT": 49504809.3842, "SNXUSDT": 9863273.9958, "ETHUSDT_250328": 6644467.40993, "SUIUSDT": 499288874.40271, "IOUSDT": 62158624.2026, "ZKUSDT": 26132491.83575, "CELRUSDT": 3781269.41375, "BLZUSDT": 4793878.09828, "ADAUSDT": 112869233.3467, "SAGAUSDT": 109212841.24536, "STEEMUSDT": 1582354.78408, "GMXUSDT": 5320678.63131, "SYNUSDT": 8856318.124, "ALICEUSDT": 7644805.6939, "UXLINKUSDT": 42418956.7016, "RENDERUSDT": 37311817.8446, "ARUSDT": 30875653.1676, "BTCUSDT_241227": 18291492.9377, "RSRUSDT": 11465859.777989, "ARPAUSDT": 7671761.95881, "STGUSDT": 4739324.4534, "CATIUSDT": 99294888.7403, "HIPPOUSDT": 102896614.4775, "NEARUSDT": 109029064.154, "SANTOSUSDT": 32662774.3783, "BNXUSDT": 26156155.225, "1INCHUSDT": 10058537.5484, "TIAUSDT": 175920367.3303, "IDUSDT": 5644982.48871, "CHRUSDT": 7313960.589, "DRIFTUSDT": 100087397.296, "1000XECUSDT": 3475243.60013, "OPUSDT": 73631355.97406, "BIGTIMEUSDT": 48971410.58506, "HBARUSDT": 14383386.89122, "ZILUSDT": 5565189.449, "HFTUSDT": 2176236.80391, "RIFUSDT": 3787267.14526, "CTSIUSDT": 4520179.7614, "BNBUSDT": 312270580.9246, "BELUSDT": 6451716.6472, "MOVRUSDT": 4408645.84946, "TOKENUSDT": 9191514.44576, "1000000MOGUSDT": 32308332.97287, "AEVOUSDT": 18837069.48052, "BATUSDT": 3378595.60859, "BAKEUSDT": 12626570.2774, "CFXUSDT": 22601095.30958, "METISUSDT": 5345759.8387, "JUPUSDT": 33514649.5451, "ATAUSDT": 3988605.3077, "POPCATUSDT": 169870545.0848, "YGGUSDT": 15992599.9199, "ACEUSDT": 11210264.350742, "PHBUSDT": 9186730.6026, "ONEUSDT": 5217503.53057, "FETUSDT": 132477172.7016, "1000PEPEUSDT": 702100335.0387862, "MINAUSDT": 11117462.0077, "ZENUSDT": 6432732.9221, "MKRUSDT": 34783954.9762, "LSKUSDT": 2227102.7729, "CETUSUSDT": 63448590.94007, "SWELLUSDT": 43780263.19214, "BTCDOMUSDT": 2344026.5556, "EGLDUSDT": 7336249.2298, "LINAUSDT": 9606604.60845, "STMXUSDT": 9663827.7948, "RENUSDT": 4156171.24951, "POLYXUSDT": 7073255.62021, "GLMUSDT": 5088871.10031, "ETCUSDT": 43316237.3936, "ATOMUSDT": 44735911.63013, "WUSDT": 16840365.77467, "1000FLOKIUSDT": 95594873.39424, "WAXPUSDT": 2499539.26978, "SFPUSDT": 3153058.4994, "1000XUSDT": 28344887.96522, "TONUSDT": 94845683.20493, "1000LUNCUSDT": 19577147.62065, "OGNUSDT": 4112130.7233, "COMBOUSDT": 2582766.31164, "HIFIUSDT": 5453644.3395, "HOOKUSDT": 6923408.89755, "DYDXUSDT": 41378917.7255, "RVNUSDT": 3843549.48072, "REIUSDT": 4669140.84705, "GALAUSDT": 61622217.34481, "ETHWUSDT": 2432691.0971, "AXLUSDT": 8402268.74647, "CRVUSDT": 67868698.441, "ZROUSDT": 51339832.49496, "ASTRUSDT": 5995112.641286, "DODOXUSDT": 3164191.504968, "1000SATSUSDT": 168331358.183578, "HIGHUSDT": 8933303.71749, "ICPUSDT": 25242987.949, "NFPUSDT": 7496558.76484, "ETHFIUSDT": 43995536.46896, "AGLDUSDT": 4050693.0977, "GRASSUSDT": 64455966.02732, "KEYUSDT": 5977550.9671611, "ZECUSDT": 13621441.37262, "KLAYUSDT": 3108929.20627, "LEVERUSDT": 6697061.0039404, "FLMUSDT": 6057436.4203, "KNCUSDT": 3427194.1287, "BSVUSDT": 5217588.272, "CHZUSDT": 13143604.32691, "VANRYUSDT": 9554671.30272, "COSUSDT": 3828875.692697, "AXSUSDT": 16222787.3, "ORBSUSDT": 4154640.993928, "ZRXUSDT": 5546259.9833, "PEOPLEUSDT": 142510201.76269, "LDOUSDT": 29923102.4302, "YFIUSDT": 4868658.035, "RLCUSDT": 3266896.40694, "DEFIUSDT": 925047.0854, "AUCTIONUSDT": 9380781.93208, "KDAUSDT": 5202497.6641, "ENAUSDT": 130774839.9655, "GMTUSDT": 22617638.31556, "GASUSDT": 5451740.8808, "DIAUSDT": 32805462.9486, "NOTUSDT": 120905544.56098, "ONTUSDT": 4679014.58635, "BICOUSDT": 3297340.0308, "DUSKUSDT": 6017875.70405, "SAFEUSDT": 23375666.7, "BEAMXUSDT": 14399509.740444, "IMXUSDT": 19010249.23, "DYMUSDT": 18729330.79841, "LUNA2USDT": 8428837.806, "XEMUSDT": 4483521.1258, "MOODENGUSDT": 679428770.01853, "DARUSDT": 11500073.16298, "POLUSDT": 30193510.91195, "GHSTUSDT": 4044856.286, "XRPUSDT": 287185085.21189, "LOKAUSDT": 2981610.3695, "GOATUSDT": 430529102.0834, "ALGOUSDT": 10335215.78041, "EDUUSDT": 7462143.0302, "ALPACAUSDT": 10899294.28197, "AVAXUSDT": 157234764.91, "XVGUSDT": 2670528.6426414, "DOGEUSDT": 312680427.74522, "JASMYUSDT": 31792570.241067, "MAVUSDT": 5282154.596, "GRTUSDT": 17371357.18666, "SEIUSDT": 85566493.353, "FILUSDT": 84356891.3427, "TNSRUSDT": 14208632.64192, "MAGICUSDT": 5246923.81234, "PYTHUSDT": 13874441.6898, "JTOUSDT": 35491979.13, "1000CATUSDT": 65371972.59554, "RAREUSDT": 33162140.7619, "SKLUSDT": 3989130.81872, "APEUSDT": 35078217.0348, "BBUSDT": 22992023.1442, "LPTUSDT": 10228158.4869, "MANTAUSDT": 16116609.38426, "ETHUSDT_241227": 10972164.35174, "FIDAUSDT": 22601343.5847, "ENJUSDT": 5344273.26345, "STORJUSDT": 11637469.437, "PNUTUSDT": 682829097.24781, "SUPERUSDT": 23199483.4129, "MASKUSDT": 13827164.5232, "PONKEUSDT": 33313854.14463, "DENTUSDT": 3147899.136479, "COWUSDT": 81033816.635, "SOLUSDT": 2107370703.744, "PORTALUSDT": 9990957.24642, "LITUSDT": 5044577.0718, "USTCUSDT": 7588137.36954, "DEGENUSDT": 66098172.817242, "TUSDT": 4173401.06032, "BTCUSDT_250328": 15060351.0098, "RPLUSDT": 4018854.7167, "XVSUSDT": 3060058.3485, "LQTYUSDT": 7546818.02603, "ONGUSDT": 3079362.64614, "API3USDT": 7937283.24225, "ACTUSDT": 440265422.156, "BRETTUSDT": 12409270.63089, "TLMUSDT": 4409623.581147, "AIUSDT": 14959838.59696, "IOTAUSDT": 5417247.30114, "LISTAUSDT": 18790296.8567, "ANKRUSDT": 4107936.36582, "BTCUSDT": 13394677570.4442, "HOTUSDT": 6085471.026817, "IOTXUSDT": 4780540.03736, "QNTUSDT": 4714331.425, "LOOMUSDT": 5038243.06103, "RONINUSDT": 4024184.89626, "LRCUSDT": 4285691.74883, "AERGOUSDT": 4591947.1556, "GTCUSDT": 6419121.049, "VETUSDT": 9174518.848583, "ALTUSDT": 22095302.1467, "PERPUSDT": 3424571.7255, "MBOXUSDT": 7485389.7551, "VOXELUSDT": 6621444.8832, "MYROUSDT": 16231548.51102, "RDNTUSDT": 15162895.22022, "C98USDT": 5262615.4381, "FXSUSDT": 3446260.84434, "BNTUSDT": 2093561.52035, "BLURUSDT": 22781949.4461, "NMRUSDT": 4189731.3113, "STRKUSDT": 35683200.07883, "BALUSDT": 3135968.6104, "NKNUSDT": 3073048.43416, "COMPUSDT": 7981179.26009, "INJUSDT": 80485803.0938, "WOOUSDT": 7791563.40474, "VIDTUSDT": 21971157.22928, "WIFUSDT": 511350518.03662, "DOGSUSDT": 166863449.4404571, "BSWUSDT": 3286115.98405, "ACHUSDT": 5742874.281713, "NEIROUSDT": 840951271.1818354, "STXUSDT": 52967621.9953, "TRUUSDT": 7330163.96694, "XTZUSDT": 6132847.0752, "COTIUSDT": 10025060.22895, "AAVEUSDT": 108838365.802,