{"CYBERUSDT": 3483076.9184, "NEARUSDT": 95531699.729, "VINEUSDT": 21214200.52865, "RDNTUSDT": 2794236.53325, "UXLINKUSDT": 8756729.7911, "KOMAUSDT": 3400998.56827, "DYMUSDT": 4838847.7974, "SAFEUSDT": 4122177.1169, "HUMAUSDT": 65260930.254107, "VELODROMEUSDT": 2452990.72554, "XLMUSDT": 52112956.61597, "OMNIUSDT": 5774832.03127, "COOKIEUSDT": 12082755.3336, "BBUSDT": 5439564.22955, "EPICUSDT": 3248555.5253, "CFXUSDT": 8371594.2829, "PUNDIXUSDT": 6338988.4908, "POLUSDT": 19769458.57232, "HOOKUSDT": 3152699.82509, "APEUSDT": 19202508.315, "ADAUSDT": 373655673.1234, "SOLVUSDT": 9941847.64828, "CELOUSDT": 6749210.9895, "NEOUSDT": 14330302.37789, "ETHFIUSDT": 24337748.81797, "JELLYJELLYUSDT": 13086561.92037, "THETAUSDT": 14467120.93499, "VANRYUSDT": 5373130.50767, "AGLDUSDT": 6651700.5228, "KSMUSDT": 4193697.6556, "SPXUSDT": 25956885.8199, "HAEDALUSDT": 27730828.792283, "1000BONKUSDT": 67557337.696322, "CHESSUSDT": 2890837.2886, "BTCUSDT_250627": 23795642.7183, "CHZUSDT": 9331240.1416, "SHELLUSDT": 9928716.2465, "ZILUSDT": 6069066.39736, "FLMUSDT": 10301703.8018, "BANUSDT": 2751741.25984, "ETHUSDT_250627": 14105740.57222, "UNIUSDT": 77449555.543, "HYPEUSDT": 188956971.74026, "RSRUSDT": 10441073.379936, "NEIROETHUSDT": 13923482.07496, "SFPUSDT": 1894322.2544, "CGPTUSDT": 3559210.64822, "AUCTIONUSDT": 10799976.22055, "GOATUSDT": 26226734.82666, "PNUTUSDT": 103233003.85585, "ANIMEUSDT": 17867462.41043, "1000CHEEMSUSDT": 6748079.080563, "SSVUSDT": 6497331.36112, "SOPHUSDT": 58351936.579041, "SWARMSUSDT": 14986930.14636, "DRIFTUSDT": 3285293.4553, "WCTUSDT": 73327897.5391, "HOTUSDT": 3287801.476809, "TUTUSDT": 11877457.49833, "OPUSDT": 70512295.10779, "BROCCOLI714USDT": 9985263.97089, "ARCUSDT": 27999132.25229, "ICPUSDT": 19761347.644, "USUALUSDT": 20211377.671, "STRKUSDT": 14808236.78782, "MERLUSDT": 4812944.28298, "SAGAUSDT": 11126198.69176, "SUSHIUSDT": 12435603.3332, "PHAUSDT": 4072181.1859, "HYPERUSDT": 9657667.1312, "ACXUSDT": 2129456.82789, "ZKJUSDT": 2374275.4874, "IOTAUSDT": 8249707.76389, "JOEUSDT": 2425740.40975, "INJUSDT": 51620392.8767, "PUMPUSDT": 3352888.01176, "IOSTUSDT": 3843805.425625, "SOLUSDT": 2733120762.71072, "FHEUSDT": 4940697.01875, "NILUSDT": 14129121.66714, "NEWTUSDT": 49106833.2328, "GRIFFAINUSDT": 21500516.82864, "1000000MOGUSDT": 8398393.52373, "RAYSOLUSDT": 20661231.57339, "WLDUSDT": 109135797.1368, "SUIUSDT": 648076578.68644, "ACHUSDT": 12217892.243866, "SONICUSDT": 5531750.56758, "BIOUSDT": 12352176.3081, "1INCHUSDT": 5953361.0097, "MINAUSDT": 5984650.1391, "AIUSDT": 5142302.51253, "1000SATSUSDT": 21645890.885777, "ONEUSDT": 5080145.2337, "KERNELUSDT": 18169959.1895, "TWTUSDT": 1937365.7619, "1000XECUSDT": 2346984.11819, "NEIROUSDT": 74170046.1895759, "EDUUSDT": 4905799.7305, "FUSDT": 11431763.034791, "DOTUSDT": 106175793.6863, "BLURUSDT": 6697570.47536, "LRCUSDT": 3484206.72822, "LEVERUSDT": 3361360.8252878, "ACEUSDT": 3087607.297361, "SXPUSDT": 4675375.271, "DENTUSDT": 2572057.679997, "MORPHOUSDT": 4308726.9588, "ONTUSDT": 3378850.85254, "MKRUSDT": 35392024.0584, "USTCUSDT": 3122108.241378, "BANANAS31USDT": 6872921.874226, "PUFFERUSDT": 2979984.24242, "HEIUSDT": 2801959.28528, "NFPUSDT": 3619658.74041, "DUSKUSDT": 2114253.23266, "ALTUSDT": 5657163.02022, "DOGEUSDT": 781759280.05544, "PORTALUSDT": 5807288.14355, "FIDAUSDT": 5336739.10132, "ONDOUSDT": 97568764.08284, "GASUSDT": 4625835.2483, "VETUSDT": 15509203.704808, "COTIUSDT": 6760533.00184, "1000LUNCUSDT": 6341474.18681, "ARPAUSDT": 2676268.34531, "NTRNUSDT": 1724738.1011, "ALPINEUSDT": 1458899.91743, "SKLUSDT": 3218704.66308, "BELUSDT": 4807175.1327, "AI16ZUSDT": 52334398.07754, "HFTUSDT": 2502099.41269, "LDOUSDT": 46724914.3984, "SIRENUSDT": 5571971.34986, "MYXUSDT": 76599096.25993, "PROMUSDT": 1709375.8099, "ALCHUSDT": 24553844.62028, "BSVUSDT": 2888793.404, "LPTUSDT": 7903170.6708, "BTCDOMUSDT": 9425764.303, "MEWUSDT": 13152509.561193, "BNTUSDT": 1758808.63795, "KASUSDT": 12051777.0149, "JSTUSDT": 2947680.668013, "CTSIUSDT": 2295702.8891, "TUSDT": 4053518.6962, "CVCUSDT": 4253472.22727, "ZECUSDT": 6354596.80148, "APTUSDT": 58180829.51659, "ZROUSDT": 23825903.97764, "POLYXUSDT": 2860093.84128, "LQTYUSDT": 4068580.33109, "FXSUSDT": 4575890.42852, "IPUSDT": 16998484.007035, "QUICKUSDT": 1855013.08992, "ENJUSDT": 5974709.84991, "SCRUSDT": 4477768.0479, "BATUSDT": 4063703.52657, "BRETTUSDT": 13498920.89865, "UMAUSDT": 3789378.934, "BERAUSDT": 32970231.5046, "ALPHAUSDT": 3897624.12994, "CELRUSDT": 2989230.5979, "AAVEUSDT": 165467052.561, "REDUSDT": 7552960.4851, "RLCUSDT": 2330758.85037, "DOGSUSDT": 14219055.4554596, "PAXGUSDT": 29809358.15354, "HIPPOUSDT": 7306488.984031, "COWUSDT": 7033927.5872, "SOONUSDT": 25417102.87163, "AVAUSDT": 2218820.5996, "STOUSDT": 9510147.54766, "PARTIUSDT": 22905987.4534, "AVAAIUSDT": 13834898.98466, "IMXUSDT": 13278163.6025, "PUMPBTCUSDT": 5909852.11946, "ARKMUSDT": 19755107.0225, "REZUSDT": 12979040.8409, "GPSUSDT": 5688752.87253, "BEAMXUSDT": 7050424.101278, "SYNUSDT": 2807258.2852, "ARBUSDT": 55474017.00243, "FUNUSDT": 11766861.063755, "XTZUSDT": 10680055.9981, "BMTUSDT": 19682760.53696, "AGTUSDT": 10054895.5993, "EGLDUSDT": 6863446.8191, "MEMEFIUSDT": 5228001.300326, "LAYERUSDT": 65563202.59576, "RONINUSDT": 2693210.69301, "PYTHUSDT": 12289698.63449, "BANANAUSDT": 9855435.6256, "POPCATUSDT": 72814687.687, "QNTUSDT": 5499348.602, "PONKEUSDT": 3818207.15717, "POWRUSDT": 1917535.1287, "SIGNUSDT": 12899127.40674, "PENGUUSDT": 46961810.695422, "SEIUSDT": 33091944.0062, "TRUMPUSDT": 306255002.64116, "ONGUSDT": 1773138.5184, "BABYUSDT": 17246877.48004, "LTCUSDT": 163193124.66682, "CHRUSDT": 3923702.6811, "STORJUSDT": 4106889.9222, "PHBUSDT": 3419239.0478, "MANTAUSDT": 8466344.46888, "ETHUSDT": 9064527082.06725, "CETUSUSDT": 8382978.30147, "KDAUSDT": 3509487.1318, "1000PEPEUSDT": 770453119.9071193, "BCHUSDT": 105118950.7674, "ATHUSDT": 6560177.52402, "METISUSDT": 2599752.0459, "TLMUSDT": 2175953.816942, "ACTUSDT": 18758196.96537, "TNSRUSDT": 3074907.71905, "MYROUSDT": 3862628.28649, "SUNUSDT": 2254414.73544, "HOMEUSDT": 70368110.333786, "PIXELUSDT": 6773749.00188, "NOTUSDT": 17359222.500744, "LUMIAUSDT": 3430938.83207, "INITUSDT": 55078192.8052, "MASKUSDT": 14847206.9952, "USDCUSDT": 2878935.401493, "SNXUSDT": 7585125.1908, "NKNUSDT": 3227292.64271, "VANAUSDT": 12570349.94035, "ENSUSDT": 26049419.7399, "AWEUSDT": 3898300.826424, "ARUSDT": 14777869.9293, "GTCUSDT": 3133770.2295, "B2USDT": 5172957.8567, "OMUSDT": 52589745.07342, "1000RATSUSDT": 6001002.26938, "PORT3USDT": 3909634.16015, "MELANIAUSDT": 15077794.11282, "WOOUSDT": 4058080.21963, "IOTXUSDT": 4745275.17237, "KNCUSDT": 2535677.6649, "AXLUSDT": 4041425.96845, "SANDUSDT": 25559068.72485, "ICXUSDT": 4346639.0176, "AEROUSDT": 6219925.30223, "CAKEUSDT": 28588697.2105, "KMNOUSDT": 2604083.57051, "BAKEUSDT": 5366161.9956, "LISTAUSDT": 8295097.8602, "1000CATUSDT": 5479318.232701, "WALUSDT": 11827165.9397, "TONUSDT": 51344916.47726, "CHILLGUYUSDT": 15002139.5308, "TURBOUSDT": 23738634.0584685, "STXUSDT": 18570371.2116, "MTLUSDT": 2013429.0107, "TAIKOUSDT": 4992199.6802, "SKYAIUSDT": 6758819.94084, "FARTCOINUSDT": 426463699.42975, "PLUMEUSDT": 5164399.8926, "AEVOUSDT": 6038394.84291, "VOXELUSDT": 5837995.46273, "ZETAUSDT": 6150154.2526, "ANKRUSDT": 4054918.74643, "API3USDT": 10253024.79041, "FETUSDT": 65739510.0298, "SYRUPUSDT": 69313252.73072, "TSTUSDT": 14790860.259, "JASMYUSDT": 13366223.937032, "MOCAUSDT": 3337407.9187, "ENAUSDT": 228125068.8617, "MOVEUSDT": 32564461.6234, "1000FLOKIUSDT": 26702308.57247, "ORDIUSDT": 52832846.1292, "DASHUSDT": 3411825.29879, "OXTUSDT": 1560068.69523, "PIPPINUSDT": 6834426.29227, "FILUSDT": 98198895.8172, "CATIUSDT": 6981609.2568, "AERGOUSDT": 14811238.83942, "BTCUSDT_250926": 13686535.9663, "1000000BOBUSDT": 34791601.50439, "ARKUSDT": 3498573.8395, "WIFUSDT": 194914779.64311, "HIGHUSDT": 3654790.39899, "THEUSDT": 6794970.70957, "MOODENGUSDT": 19311781.3434, "MAVUSDT": 2409621.08844, "STEEMUSDT": 1905189.93086, "GALAUSDT": 45012444.76992,