{"QTUMUSDT": 3704030.3511, "MOVRUSDT": 5014551.7512, "ICPUSDT": 28141581.756, "NEOUSDT": 12133844.97096, "PNUTUSDT": 1090722066.93091, "TNSRUSDT": 14824311.24953, "UNIUSDT": 71585016.815, "STXUSDT": 59601578.0781, "ZKUSDT": 27374537.49768, "WAXPUSDT": 2559152.8622, "GHSTUSDT": 4665123.177, "LINKUSDT": 121060104.92834, "NKNUSDT": 3229800.74501, "FIDAUSDT": 25975190.8308, "KSMUSDT": 5569287.997, "XTZUSDT": 6460777.5311, "BTCDOMUSDT": 2735694.5679, "1000PEPEUSDT": 794404333.2654705, "BTCUSDT_241227": 22549819.677, "IDUSDT": 7161955.13314, "1000000MOGUSDT": 30426168.14538, "DOGSUSDT": 161669449.3769017, "BATUSDT": 3431137.22857, "DEGENUSDT": 41410525.476496, "LQTYUSDT": 8400637.43708, "ONDOUSDT": 49723066.39611, "COWUSDT": 48636218.784, "AEVOUSDT": 19011565.76194, "EGLDUSDT": 7801587.3254, "ZECUSDT": 14238842.99885, "ONTUSDT": 4778621.72009, "ARKMUSDT": 45904613.1629, "SYNUSDT": 8945542.9705, "LTCUSDT": 90463214.98777, "XMRUSDT": 12016168.15275, "FIOUSDT": 9368097.98903, "PERPUSDT": 3691478.73288, "SUPERUSDT": 24041805.6805, "BOMEUSDT": 122038025.619489, "HIPPOUSDT": 61333901.98509, "BNTUSDT": 2209900.57654, "XVSUSDT": 3122907.4997, "CHILLGUYUSDT": 127128067.3819, "NTRNUSDT": 3178490.5613, "SWELLUSDT": 30730147.19461, "BONDUSDT": 5667005.4397, "AVAXUSDT": 167652357.105, "TURBOUSDT": 103330897.2033081, "FETUSDT": 154519594.455, "SAGAUSDT": 114579625.53117, "OXTUSDT": 2444761.77483, "JASMYUSDT": 31792570.241067, "YGGUSDT": 16525301.8349, "AEROUSDT": 19228938.40286, "BLZUSDT": 5171462.61287, "UMAUSDT": 13339706.055, "ALGOUSDT": 10986628.12811, "PORTALUSDT": 10979576.38298, "DOTUSDT": 72039452.1283, "SKLUSDT": 4078167.02275, "ZENUSDT": 6502044.5115, "VIDTUSDT": 18433898.8245, "COSUSDT": 4900074.549024, "THEUSDT": 374709947.5757, "SPELLUSDT": 5221479.8791844, "SYSUSDT": 5883824.0871, "NULSUSDT": 4360894.0487, "AXLUSDT": 12969062.25688, "ORBSUSDT": 4730579.76073, "GUSDT": 4800598.46261, "MASKUSDT": 16681166.343, "NEIROUSDT": 773503518.6876149, "CATIUSDT": 79755592.4962, "PHBUSDT": 11087746.1602, "FLOWUSDT": 9508704.4933, "JTOUSDT": 37514560.4741, "BADGERUSDT": 2968777.2809, "WOOUSDT": 10033700.10341, "GLMUSDT": 5104807.83244, "BSWUSDT": 3843618.85468, "SCRTUSDT": 49954275.3878, "DUSKUSDT": 6698163.809, "API3USDT": 9214012.05259, "TIAUSDT": 213287850.8348, "MINAUSDT": 14080187.5369, "MANAUSDT": 13704518.9537, "KASUSDT": 16087677.56779, "ETHFIUSDT": 44085025.24942, "KNCUSDT": 3637119.6816, "POPCATUSDT": 191255354.1406, "OMGUSDT": 3450025.64762, "RDNTUSDT": 20511393.97722, "STGUSDT": 5088604.372, "PEOPLEUSDT": 147896445.76975, "HOOKUSDT": 7069393.20989, "RSRUSDT": 11841579.75151, "C98USDT": 5666841.1814, "QUICKUSDT": 4410574.35602, "NOTUSDT": 116212996.703442, "HBARUSDT": 15066127.16455, "SUNUSDT": 24097982.327558, "ARBUSDT": 70626501.43056, "SANTOSUSDT": 18890941.0347, "WLDUSDT": 289158480.1218, "ETHUSDT": 6057108558.06383, "1000BONKUSDT": 93554242.842908, "CHESSUSDT": 6831912.7968, "EIGENUSDT": 126542440.4926, "SEIUSDT": 109581911.1395, "POLYXUSDT": 7147425.22206, "IOTAUSDT": 5915608.03651, "SANDUSDT": 23135941.3145, "DASHUSDT": 3647298.02878, "XLMUSDT": 16129269.13805, "RLCUSDT": 3607747.21716, "BIGTIMEUSDT": 73598684.68347, "TOKENUSDT": 9184353.81652, "USTCUSDT": 9892573.37295, "PYTHUSDT": 16612643.8613, "POWRUSDT": 3733706.3278, "LDOUSDT": 30584975.6082, "AGLDUSDT": 4732422.9171, "1000CATUSDT": 44968500.57869, "ORDIUSDT": 227346581.1237, "BANANAUSDT": 22036084.0564, "FTMUSDT": 171043319.8718, "NFPUSDT": 7575430.77547, "MTLUSDT": 4445572.7265, "RIFUSDT": 3842923.89127, "SOLUSDT": 2235550608.14, "WUSDT": 28750236.79572, "LUNA2USDT": 11120194.5837, "DYDXUSDT": 53896366.8332, "AUCTIONUSDT": 9636331.39645, "GTCUSDT": 6541915.1787, "1000WHYUSDT": 13173466.9916175, "CYBERUSDT": 7592063.2952, "ROSEUSDT": 13111771.532, "FILUSDT": 87785080.4806, "NMRUSDT": 4647389.6788, "BNBUSDT": 324515503.2834, "OMUSDT": 27238579.675876, "FXSUSDT": 3524644.00185, "ETCUSDT": 46597503.9646, "BANDUSDT": 4154736.83386, "1000LUNCUSDT": 21057421.63979, "EDUUSDT": 7715724.8436, "RENDERUSDT": 40626676.609, "REZUSDT": 18089539.86123, "ZETAUSDT": 27199548.7287, "MAVUSDT": 5690327.53903, "AXSUSDT": 17403677.316, "STORJUSDT": 12813175.1976, "1INCHUSDT": 12228475.9787, "USDCUSDT": 910921.698104, "LITUSDT": 5497729.0073, "PENDLEUSDT": 52836023.8998, "ALPACAUSDT": 11111204.44988, "1000CHEEMSUSDT": 14849372.698049, "FLUXUSDT": 5104044.849, "AERGOUSDT": 5157053.8746, "SXPUSDT": 11920102.69563, "MOODENGUSDT": 410721358.57861, "OMNIUSDT": 13576891.85425, "IOUSDT": 62413093.4345, "VOXELUSDT": 6621444.8832, "ETHUSDT_241227": 11427062.57066, "AIUSDT": 14966313.64489, "KAVAUSDT": 8820020.88722, "LEVERUSDT": 7188136.178938, "REEFUSDT": 42390842.624474, "STEEMUSDT": 1689146.08608, "BLURUSDT": 26248340.5174, "AAVEUSDT": 125887982.516, "NEARUSDT": 121472448.875, "JUPUSDT": 40134653.8316, "BRETTUSDT": 13396037.7029, "ILVUSDT": 5249628.7877, "TONUSDT": 99939650.90715, "LSKUSDT": 2255018.9297, "TRUUSDT": 8351238.53555, "DOGEUSDT": 373547015.52599, "THETAUSDT": 16328037.92781, "ACEUSDT": 11210264.350742, "XRPUSDT": 297492932.21316, "ETHWUSDT": 5791109.1025, "GOATUSDT": 392960156.473, "SNXUSDT": 10597167.0707, "DARUSDT": 12664105.80186, "REIUSDT": 6075547.37201, "ACTUSDT": 356053961.54053, "LPTUSDT": 10698223.2278, "RENUSDT": 4319792.9544, "STRKUSDT": 41294555.94619, "BAKEUSDT": 12711333.9517, "1000XUSDT": 25977567.32888, "SLERFUSDT": 20626254.6249, "ICXUSDT": 3317642.7103, "BALUSDT": 3379959.3911, "TUSDT": 4173401.06032, "QNTUSDT": 5374916.11, "LINAUSDT": 10116418.51396, "ONEUSDT": 5634202.90055, "ZRXUSDT": 5948381.74411, "MEWUSDT": 75346863.792626, "XAIUSDT": 22210054.661, "1000RATSUSDT": 58553753.27284, "GRASSUSDT": 84331142.19656, "BTCUSDT_250328": 17657839.1784, "TWTUSDT": 5088078.4742, "XVGUSDT": 2890338.2679039, "FLMUSDT": 6351209.9305, "MKRUSDT": 38848232.3669, "RPLUSDT": 5394403.8871, "IOSTUSDT": 4041943.012145, "APTUSDT": 182346324.21449, "DENTUSDT": 3348995.081037, "DODOXUSDT": 3811133.182467, "GASUSDT": 6224470.9245, "GMTUSDT": 26614486.66268, "RVNUSDT": 4262534.20304, "1000XECUSDT": 3568022.81552, "CETUSUSDT": 42733444.54857, "BANUSDT": 131178263.0244, "ZROUSDT": 51339832.49496, "LOOMUSDT": 5422477.49644, "1MBABYDOGEUSDT": 90886747.8502691, "MAVIAUSDT": 8218580.10187, "BEAMXUSDT": 15480798.540308, "PIXELUSDT": 22135021.4307, "GRTUSDT": 19332691.31699, "VETUSDT": 9916600.261927, "COTIUSDT": 12994688.43001, "SFPUSDT": 3378957.1698, "LRCUSDT": 4774827.95109, "MAGICUSDT": 5684371.20466, "SUIUSDT": 693635365.61314, "SSVUSDT": 11401715.18365, "GMXUSDT": 6053315.98631, "TRXUSDT": 56783389.6267, "KDAUSDT": 6073845.5537, "BICOUSDT": 3396846.2613, "PONKEUSDT": 30189708.60299, "CKBUSDT": 20113930.308348, "XEMUSDT": 4483521.1258, "MANTAUSDT": 17523519.65939, "ATAUSDT": 4223825.8364, "TAOUSDT": 106257004.5033, "ARKUSDT": 17750623.2479, "TRBUSDT": 45714363.8576, "RONINUSDT": 4716903.22454, "AMBUSDT": 5570503.446766, "CELOUSDT": 23433185.724, "HFTUSDT": 2352499.25429, "INJUSDT": 86213203.4901, "ALTUSDT": 23281130.93089, "ENAUSDT": 157035388.6673, "HOTUSDT": 6536694.219739, "MYROUSDT": 21678757.99094, "CTSIUSDT": 4929785.3834, "CELRUSDT": 3953754.50474, "ONGUSDT": 3233991.06428, "CFXUSDT": 26273797.41937, "CAKEUSDT": 7902096.3365, "CHRUSDT": 8107467.5575, "COMBOUSDT": 2590352.0608, "OPUSDT": 77435034.78002, "LOKAUSDT": 3729146.7736, "ADAUSDT": 120874400.2442, "ZILUSDT": 6296671.93461, "ALICEUSDT": 8226495.77, "STMXUSDT": 9663827.7948, "IOTXUSDT": 5426430.8804, "COMPUSDT": 8343808.51947, "POLUSDT": 32010644.0548, "ARUSDT": 32859130.2497, "VANRYUSDT": 10570286.74747, "HIGHUSDT": 8955984.33684, "RAREUSDT": 27208953.30984, "ATOMUSDT": 46000503.12057, "TLMUSDT": 4949788.836569, "TROYUSDT": 52316361.236472, "MBOXUSDT": 7783434.4746, "DEFIUSDT": 987213.6138, "BELUSDT": 7529309.0512, "1000SATSUSDT": 161799291.9081796, "RUNEUSDT": 56244192.56, "ENJUSDT": 5539333.67491, "LISTAUSDT": 18790296.8567, "DIAUSDT": 21510906.3494, "ACHUSDT": 6948008.623576, "WIFUSDT": 559742692.81622, "DRIFTUSDT": 50418913.0216,