{"POLYXUSDT": 2798778.05598, "BTCDOMUSDT": 9460611.8662, "USTCUSDT": 3028496.598021, "DENTUSDT": 2544613.715131, "VVVUSDT": 5035260.52291, "KNCUSDT": 2507802.6892, "AWEUSDT": 3898300.826424, "NXPCUSDT": 94282947.53809, "ETHUSDT_250926": 7292472.40048, "XTZUSDT": 11544334.9777, "BUSDT": 20979441.53017, "1000XECUSDT": 2331774.50116, "SKATEUSDT": 20728864.57809, "SWELLUSDT": 2747231.48361, "ZETAUSDT": 6150154.2526, "TONUSDT": 49387274.12737, "HFTUSDT": 2502099.41269, "IDUSDT": 4606823.3996, "PUNDIXUSDT": 6234788.5118, "AXSUSDT": 11248072.478, "TIAUSDT": 79218814.9382, "ENSUSDT": 26226073.5393, "BANANAS31USDT": 6905157.395295, "UMAUSDT": 3789378.934, "MUBARAKUSDT": 52226625.6082, "WLDUSDT": 109135797.1368, "ANKRUSDT": 3837920.77294, "TUSDT": 4295961.32554, "WCTUSDT": 73282448.1648, "ALCHUSDT": 23800031.91997, "BEAMXUSDT": 7050424.101278, "HIFIUSDT": 6741341.4566, "NEIROETHUSDT": 13923482.07496, "HAEDALUSDT": 28524130.493005, "DASHUSDT": 3282007.46478, "AEVOUSDT": 5955772.51593, "ANIMEUSDT": 18388720.2073, "RAYSOLUSDT": 20607408.11319, "RSRUSDT": 10474380.674297, "QUICKUSDT": 1857098.52098, "HBARUSDT": 59415431.83412, "INITUSDT": 53909543.6609, "FILUSDT": 98103048.7282, "BELUSDT": 4616100.184, "NEOUSDT": 14330302.37789, "SEIUSDT": 33091944.0062, "SXTUSDT": 15221385.45069, "ETHUSDT_250627": 14470041.49842, "TRUMPUSDT": 296307248.98148, "PYTHUSDT": 12379066.74087, "PIXELUSDT": 6773749.00188, "1000000BOBUSDT": 33045339.4563, "FUSDT": 6343731.018338, "IOTXUSDT": 4745275.17237, "AI16ZUSDT": 50551345.68899, "TRXUSDT": 90156462.52385, "AVAXUSDT": 218087740.331, "CATIUSDT": 6962857.1445, "CHRUSDT": 3827421.7063, "CHILLGUYUSDT": 15696326.82341, "RESOLVUSDT": 130332531.75389, "UXLINKUSDT": 8527038.1735, "CHESSUSDT": 3008338.5023, "OMUSDT": 52041984.909723, "MOVEUSDT": 32564461.6234, "PORTALUSDT": 5807288.14355, "LISTAUSDT": 8435932.7245, "HYPEUSDT": 188956971.74026, "GPSUSDT": 5688752.87253, "QNTUSDT": 5814049.732, "LEVERUSDT": 3172823.5316729, "ADAUSDT": 370226745.4296, "DEXEUSDT": 5842277.80386, "LUNA2USDT": 4562672.7033, "SANDUSDT": 25438260.70986, "OLUSDT": 69581186.47888, "SWARMSUSDT": 14582081.2838, "SUPERUSDT": 7053591.7187, "MOVRUSDT": 2205043.79205, "API3USDT": 10203652.21093, "KERNELUSDT": 17670922.6753, "MYROUSDT": 3825911.75412, "THEUSDT": 6366471.72997, "SHELLUSDT": 9699773.107, "SUSHIUSDT": 12454349.1471, "VIRTUALUSDT": 68578597.67467, "MYXUSDT": 76599096.25993, "BAKEUSDT": 5295194.1678, "GMTUSDT": 13916192.65081, "JSTUSDT": 2990235.960095, "FETUSDT": 66064970.3317, "ONDOUSDT": 97568764.08284, "VETUSDT": 15509203.704808, "SUIUSDT": 648689089.29575, "XVGUSDT": 3358276.282069, "1000RATSUSDT": 5909276.97369, "DOODUSDT": 5960464.8721999, "ACHUSDT": 11835329.490036, "MAVUSDT": 2409621.08844, "ATOMUSDT": 41800270.64862, "HEIUSDT": 2735957.9509, "USUALUSDT": 20041864.9402, "VANRYUSDT": 5294586.60172, "DEEPUSDT": 10197654.2696, "EGLDUSDT": 6863446.8191, "BNBUSDT": 285678032.338, "AUCTIONUSDT": 10568151.96444, "GOATUSDT": 26402374.27673, "JELLYJELLYUSDT": 13086561.92037, "PROMPTUSDT": 8604192.684, "PUMPBTCUSDT": 4017433.43025, "DYDXUSDT": 21695677.9824, "1000PEPEUSDT": 770453119.9071193, "PORT3USDT": 2999108.74666, "DOGEUSDT": 786698896.67399, "SQDUSDT": 11590291.33873, "OPUSDT": 72100824.43893, "VINEUSDT": 21158011.84954, "SOLUSDT": 2755692325.06035, "ILVUSDT": 2225296.5056, "FORMUSDT": 8946612.01758, "UNIUSDT": 79980907.251, "CHZUSDT": 9440460.23797, "VANAUSDT": 12384200.40582, "ETHFIUSDT": 24337748.81797, "PENDLEUSDT": 36019581.977, "1MBABYDOGEUSDT": 8189239.5011993, "XRPUSDT": 1173225217.69267, "REDUSDT": 7096828.8904, "ZEREBROUSDT": 19432523.68918, "DIAUSDT": 1667485.5656, "AEROUSDT": 6219925.30223, "RLCUSDT": 2308387.75451, "IOTAUSDT": 8144363.11241, "CELOUSDT": 6984626.9309, "1INCHUSDT": 5953361.0097, "BTCUSDT_250627": 24470858.2029, "KASUSDT": 12051777.0149, "THETAUSDT": 14242056.43261, "BIDUSDT": 2994854.61938, "1000CATUSDT": 5416881.347093, "ZECUSDT": 6354596.80148, "LQTYUSDT": 4068580.33109, "CKBUSDT": 3743770.845987, "RVNUSDT": 3543460.60748, "XAIUSDT": 6977697.96949, "1000CHEEMSUSDT": 6714155.6232575, "FUNUSDT": 12044336.772592, "IOUSDT": 12295858.65695, "NILUSDT": 13878287.9086, "TUTUSDT": 11917214.35257, "CFXUSDT": 8369014.2537, "RUNEUSDT": 17654916.753, "SOLVUSDT": 9666406.20614, "OGUSDT": 2625102.8824, "SXPUSDT": 4808268.41156, "B3USDT": 3441918.932631, "ZILUSDT": 6069066.39736, "BROCCOLIF3BUSDT": 10989795.523346, "PROMUSDT": 1709375.8099, "DEGOUSDT": 3358397.05075, "CTKUSDT": 1727179.3568, "WIFUSDT": 200997221.65757, "TRUUSDT": 2762545.82058, "HOTUSDT": 3287801.476809, "AUSDT": 14577811.4707, "ARUSDT": 14682105.3478, "PENGUUSDT": 46961810.695422, "ONEUSDT": 5080145.2337, "SAGAUSDT": 11079185.40612, "INJUSDT": 51686080.3448, "DEGENUSDT": 3631661.133652, "ORCAUSDT": 11688174.5167, "SPXUSDT": 26840950.1518, "ICXUSDT": 4355516.9336, "MELANIAUSDT": 14414784.06392, "BBUSDT": 5406912.39311, "TURBOUSDT": 25070276.0349954, "SYRUPUSDT": 69563193.75007, "METISUSDT": 2535947.7077, "MANTAUSDT": 8466344.46888, "MEWUSDT": 13152509.561193, "BIGTIMEUSDT": 9075296.21379, "PIPPINUSDT": 6786817.79405, "WUSDT": 14682725.101295, "1000BONKUSDT": 68841412.69983, "MOCAUSDT": 3337407.9187, "AAVEUSDT": 167606973.351, "HIPPOUSDT": 7558094.246254, "KDAUSDT": 3544192.4338, "ACTUSDT": 18548050.05528, "IMXUSDT": 13771189.8026, "AVAAIUSDT": 13626290.69673, "PHAUSDT": 4050605.34262, "JUPUSDT": 39288692.7241, "PARTIUSDT": 21889511.1947, "WOOUSDT": 4012578.50613, "RAREUSDT": 10223164.7621, "DYMUSDT": 4693492.62305, "ETCUSDT": 51735598.07471, "FLOWUSDT": 8730754.5816, "LINKUSDT": 210767334.0627, "BDXNUSDT": 13315328.36165, "OGNUSDT": 2573887.058, "TRBUSDT": 13723236.6616, "ZRXUSDT": 5551984.02221, "ALICEUSDT": 5709949.3136, "XMRUSDT": 14322222.82101, "STRKUSDT": 15026208.62094, "AIXBTUSDT": 40855653.20157, "ASRUSDT": 4506235.6238, "HYPERUSDT": 9416280.4566, "BSWUSDT": 4076893.87353, "1000LUNCUSDT": 6341474.18681, "DFUSDT": 2634828.58159, "CGPTUSDT": 3586641.06633, "YFIUSDT": 5288745.094, "1000XUSDT": 3413407.22574, "HIGHUSDT": 3546673.73357, "MORPHOUSDT": 4308726.9588, "CAKEUSDT": 28319184.4337, "XCNUSDT": 6344333.75735, "BIOUSDT": 12123029.17326, "AERGOUSDT": 15806189.31403, "MEMEUSDT": 13203254.133348, "FIDAUSDT": 5336739.10132, "COTIUSDT": 6717680.60632, "KAIAUSDT": 3080132.3597, "MASKUSDT": 15620702.2058, "ROSEUSDT": 5842110.51056, "EPTUSDT": 6385195.182792, "ARKMUSDT": 19423121.3328, "SFPUSDT": 1890383.3568, "HUSDT": 441504816.05918, "SKYAIUSDT": 6555795.24324, "ZENUSDT": 8001060.5544, "PAXGUSDT": 29555036.6648, "DMCUSDT": 51781475.745518, "MEMEFIUSDT": 5228001.300326, "MINAUSDT": 6170428.6421, "TAIKOUSDT": 4928549.0936, "COWUSDT": 6790761.8084, "ENJUSDT": 5790082.72146, "GTCUSDT": 3015954.2623, "COOKIEUSDT": 12019402.2151, "MEUSDT": 8798701.8348, "APEUSDT": 18608110.6485, "PONKEUSDT": 3859706.15194, "BCHUSDT": 105510878.70843, "JASMYUSDT": 13296658.594391, "SIRENUSDT": 5571971.34986, "BRUSDT": 3712279.26809, "CELRUSDT": 2958763.45941, "TSTUSDT": 13296756.04449, "AXLUSDT": 4039496.77937, "KMNOUSDT": 2604083.57051, "FLMUSDT": 10301703.8018, "IOSTUSDT": 3806983.37385, "LTCUSDT": 161288254.04827, "GRIFFAINUSDT": 20869170.4372, "BMTUSDT": 19682760.53696, "ALTUSDT": 5930589.39466, "NMRUSDT": 2770949.1743, "BATUSDT": 3981482.85285, "BANUSDT": 2751741.25984, "REZUSDT": 12853440.36747, "MKRUSDT": 35392024.0584, "IPUSDT": 16390555.265794, "NEARUSDT": 96253325.467, "GRTUSDT": 12315556.43254, "1000FLOKIUSDT": 27515642.50108, "NEIROUSDT": 74170046.1895759, "1000SATSUSDT": 22006766.5849723, "GASUSDT": 4592197.0258, "MAGICUSDT": 7952219.55256, "EIGENUSDT": 28320486.76494, "ZKJUSDT": 2543596.788, "PUMPUSDT": 3348882.40856, "BANDUSDT": 2590970.22265, "BTCUSDT": 14486322662.4281, "DOGSUSDT": 13288468.4436724, "TNSRUSDT": 2995743.66735, "GLMUSDT": 3902365.39963, "STORJUSDT": 4058617.4455, "TAOUSDT": 104571891.84616, "LRCUSDT": 3478643.79347, "ZROUSDT": 23730319.4982, "BSVUSDT": 2983705.05, "BRETTUSDT": 13965391.19198, "PHBUSDT": 3411519.615, "COSUSDT": 1318351.925542,