{"XLMUSDT": 17986135.3209, "RLCUSDT": 3808623.72149, "DEFIUSDT": 1027520.3933, "ACHUSDT": 8788868.652488, "BADGERUSDT": 3235597.0085, "1000RATSUSDT": 58365551.75783, "TLMUSDT": 5065272.31583, "COWUSDT": 44337435.7071, "LQTYUSDT": 8726194.69451, "NFPUSDT": 8688009.05103, "ALPACAUSDT": 10819195.74223, "PIXELUSDT": 23986421.90346, "FIDAUSDT": 25028773.08487, "ATOMUSDT": 51284178.62531, "ZENUSDT": 6601758.6429, "TRUUSDT": 9710291.15659, "ARKUSDT": 19799389.8114, "LTCUSDT": 92517121.93909, "JUPUSDT": 50532861.9499, "OGNUSDT": 4673437.478, "DRIFTUSDT": 42938770.9416, "BTCUSDT": 14691178661.737, "GALAUSDT": 70547075.76717, "KEYUSDT": 4940808.500782, "IOUSDT": 62413093.4345, "BTCDOMUSDT": 2962210.891, "BBUSDT": 22992023.1442, "ARBUSDT": 82314852.48544, "VIDTUSDT": 16797072.71836, "HIGHUSDT": 9307563.76447, "BICOUSDT": 3956640.3332, "1000SHIBUSDT": 223945636.031176, "BANUSDT": 103517210.2385, "LOOMUSDT": 6318820.10464, "SFPUSDT": 3388138.753, "SYSUSDT": 5651153.73509, "VOXELUSDT": 6277279.6283, "MKRUSDT": 42902390.7529, "LOKAUSDT": 3854811.531, "SWELLUSDT": 26978423.8153, "KASUSDT": 16866958.36855, "LINKUSDT": 134655415.22767, "HMSTRUSDT": 55259363.754473, "JTOUSDT": 40954853.2687, "ALGOUSDT": 11657756.97902, "FETUSDT": 156529126.6821, "GASUSDT": 10338448.5634, "REIUSDT": 6702789.06665, "STMXUSDT": 9046817.51749, "ARKMUSDT": 60655333.8068, "ZROUSDT": 49864550.64713, "TROYUSDT": 52316361.236472, "BEAMXUSDT": 17503277.223718, "ROSEUSDT": 14422706.45555, "NMRUSDT": 4690143.1031, "AGLDUSDT": 5328609.8952, "AEROUSDT": 19228938.40286, "WIFUSDT": 578203609.28252, "FTMUSDT": 198711698.6392, "XEMUSDT": 3787703.8814, "STRKUSDT": 41607217.949, "YGGUSDT": 17900377.707, "TWTUSDT": 7181524.2962, "VETUSDT": 10566540.658371, "1000XECUSDT": 4796710.99249, "DOGSUSDT": 150812049.3949723, "FLMUSDT": 6258808.5565, "GRTUSDT": 20486084.38979, "IOTXUSDT": 6084631.50609, "ONTUSDT": 5223278.52535, "AXLUSDT": 16607718.29751, "DENTUSDT": 3789850.048504, "MASKUSDT": 19663266.0701, "BIGTIMEUSDT": 74493680.44867, "PEOPLEUSDT": 140650972.70939, "AAVEUSDT": 127493016.181, "OXTUSDT": 2589629.87333, "MAVUSDT": 5972541.95647, "STEEMUSDT": 1789143.79981, "DARUSDT": 12756127.36631, "C98USDT": 5920909.7379, "ETHFIUSDT": 51047483.58055, "AUCTIONUSDT": 9951432.75465, "COMPUSDT": 8797660.90654, "BNBUSDT": 343945397.161, "TURBOUSDT": 133335725.0324734, "DUSKUSDT": 6688119.16116, "CATIUSDT": 74229767.3428, "APTUSDT": 197110480.25048, "VELODROMEUSDT": 36569270.37941, "1000WHYUSDT": 11562161.4661669, "WAXPUSDT": 2836535.15835, "REEFUSDT": 36345275.510165, "KAIAUSDT": 30288442.8296, "RAREUSDT": 24641572.9332, "EIGENUSDT": 131279991.8557, "ORBSUSDT": 4769872.69954, "MOODENGUSDT": 365631981.04711, "ACTUSDT": 342572732.61877, "KOMAUSDT": 29617014.15622, "ENSUSDT": 31781032.4396, "FLOWUSDT": 9659310.154, "API3USDT": 10606821.86427, "BRETTUSDT": 14471562.14817, "COTIUSDT": 14024122.20024, "ALICEUSDT": 8851911.4658, "WUSDT": 35290072.4609, "ETHUSDT_241227": 12513816.893, "POLUSDT": 32276238.4589, "UMAUSDT": 13026724.588, "LSKUSDT": 2506006.2766, "HIPPOUSDT": 62931977.43219, "SCRTUSDT": 15360717.2845, "DYDXUSDT": 60981929.4794, "COMBOUSDT": 2840239.01411, "FIOUSDT": 10336883.48244, "OMUSDT": 30942174.592494, "QNTUSDT": 5737719.15, "TUSDT": 4220396.05714, "INJUSDT": 89130435.2117, "OMGUSDT": 4586500.66536, "KSMUSDT": 6358659.2766, "HIFIUSDT": 7133022.7218, "DIAUSDT": 19560340.2929, "MAGICUSDT": 6453896.19229, "GLMUSDT": 6115446.21401, "SEIUSDT": 135214718.8215, "ATAUSDT": 4457598.1082, "GTCUSDT": 7240467.8425, "SLERFUSDT": 16555188.7676, "STGUSDT": 5666197.6303, "WLDUSDT": 336643363.3309, "LISTAUSDT": 19310480.9564, "BANDUSDT": 4383197.51415, "XVSUSDT": 4312818.5851, "ZKUSDT": 28975506.82331, "HBARUSDT": 18761058.70153, "TONUSDT": 91160432.38112, "BALUSDT": 3677652.5268, "KDAUSDT": 6736602.6502, "MBOXUSDT": 7748869.1359, "ZETAUSDT": 33932205.5331, "PONKEUSDT": 26509073.06513, "AVAUSDT": 55476021.75415, "TOKENUSDT": 9868444.60189, "LRCUSDT": 5160709.30012, "TRBUSDT": 45714363.8576, "GMTUSDT": 29824911.79226, "BAKEUSDT": 12711333.9517, "AKTUSDT": 11655660.7695, "MEUSDT": 207561951.7453, "TIAUSDT": 249004315.4957, "ALTUSDT": 28302134.04549, "SUSHIUSDT": 15776270.9247, "POLYXUSDT": 8920429.65274, "BTCUSDT_250328": 18627485.881, "RENUSDT": 3686138.7983, "POWRUSDT": 4955566.7317, "CKBUSDT": 22168743.115179, "CHZUSDT": 26990653.21018, "GOATUSDT": 383088660.2219, "LEVERUSDT": 7144790.2913133, "1000SATSUSDT": 144139155.8816762, "HOOKUSDT": 7409792.03158, "ENAUSDT": 193429231.136, "RUNEUSDT": 60596924.214, "BONDUSDT": 5422196.2117, "XAIUSDT": 25883135.719, "1000000MOGUSDT": 32308332.97287, "BATUSDT": 3489981.92064, "USDCUSDT": 969338.912575, "LINAUSDT": 10007134.30952, "GMXUSDT": 6235285.03355, "BCHUSDT": 84919092.95872, "GUSDT": 5211054.01653, "MORPHOUSDT": 80769040.10715, "SOLUSDT": 2161046261.375, "ETCUSDT": 50518422.98877, "ZECUSDT": 14464482.55005, "BLURUSDT": 28929755.21586, "FXSUSDT": 3983405.20571, "NEARUSDT": 130106636.939, "NEIROUSDT": 762556853.0133404, "KNCUSDT": 4090770.5203, "RONINUSDT": 5449299.61864, "DASHUSDT": 3708043.10067, "ICXUSDT": 3661794.7348, "MEWUSDT": 86796824.362364, "OPUSDT": 82452633.89211, "MAVIAUSDT": 9185746.64315, "1000FLOKIUSDT": 109777577.40445, "AEVOUSDT": 19668333.74136, "JASMYUSDT": 32953962.386965, "IMXUSDT": 20596185.2831, "BELUSDT": 7566498.6735, "THETAUSDT": 18524347.35907, "SANDUSDT": 24908546.66686, "PHBUSDT": 12351270.8428, "MTLUSDT": 5146695.6687, "LUNA2USDT": 12357157.919, "ACXUSDT": 65595308.82256, "ZRXUSDT": 7353741.03271, "MANAUSDT": 15089740.3051, "BNTUSDT": 2330763.54304, "1INCHUSDT": 13574324.0449, "VANRYUSDT": 12224254.95544, "SYNUSDT": 9335415.1234, "ARPAUSDT": 9669983.17555, "ALPHAUSDT": 4795723.20287, "IOSTUSDT": 4228862.474733, "TRXUSDT": 56783389.6267, "YFIUSDT": 5435261.496, "RIFUSDT": 4179261.19927, "FILUSDT": 91583299.5804, "NOTUSDT": 112007317.055932, "THEUSDT": 145615272.86819, "CETUSUSDT": 41398153.49946, "LPTUSDT": 11305235.9475, "1000BONKUSDT": 117815189.436205, "REZUSDT": 18079433.60825, "LDOUSDT": 32487029.2178, "VIRTUALUSDT": 67208419.48932, "PORTALUSDT": 12861652.26511, "SXPUSDT": 16325505.71826, "ZILUSDT": 6840912.78912, "SPXUSDT": 23476184.6569, "MOVEUSDT": 196850431.6084, "SUNUSDT": 21172705.440846, "NKNUSDT": 3473782.2492, "XVGUSDT": 3253132.9834736, "POPCATUSDT": 194456994.9374, "ONEUSDT": 6470684.0414, "CHILLGUYUSDT": 102835472.2803, "EDUUSDT": 8317250.1222, "ILVUSDT": 5578719.5514, "NEIROETHUSDT": 128579057.211, "1000XUSDT": 27076329.16402, "SCRUSDT": 47477017.4776, "ASTRUSDT": 6543504.516461, "PERPUSDT": 4203423.94321, "SNXUSDT": 11289205.7995, "RAYSOLUSDT": 18153182.30227, "1000CHEEMSUSDT": 20430500.4788508, "KAVAUSDT": 10707223.03188, "ANKRUSDT": 4701137.79685, "PENDLEUSDT": 52836023.8998, "DOTUSDT": 77618416.7262, "ORCAUSDT": 35414021.9931, "RDNTUSDT": 18678142.1321, "LITUSDT": 5497729.0073, "SAFEUSDT": 14499115.9021, "XRPUSDT": 348484738.65802, "PNUTUSDT": 906037966.44665, "1000CATUSDT": 37494437.25535, "MINAUSDT": 15303103.9588, "MYROUSDT": 25195249.99104, "CYBERUSDT": 9043200.7111, "CAKEUSDT": 8621139.3629, "HOTUSDT": 6802029.940054, "SUPERUSDT": 25262447.197, "CRVUSDT": 69824914.2904, "CELRUSDT": 4037674.44682, "ACEUSDT": 11556582.918931, "AMBUSDT": 5625853.092964, "QTUMUSDT": 3841912.2147, "ONDOUSDT": 55163188.42605, "BNXUSDT": 20487311.66609, "AIUSDT": 15229033.12091, "ADAUSDT": 126342901.9022, "ETHUSDT": 6342180731.2717, "SAGAUSDT": 114579625.53117, "ETHUSDT_250328": 9080086.25118, "NULSUSDT": 4352098.9347, "BSVUSDT": 6797691.413, "DOGEUSDT": 563634310.54845, "UXLINKUSDT": 39879976.4996, "ORDIUSDT": 226175220.855, "RSRUSDT": 12276842.257356, "PYTHUSDT": 20445498.48846, "OMNIUSDT": 15154307.5885, "AVAXUSDT": 173723292.036, "CHESSUSDT": 6831912.7968, "BOMEUSDT": 145928170.811038, "FLUXUSDT": 5104044.849, "RVNUSDT": 4757568.24096, "IOTAUSDT": 6610876.75266, "SKLUSDT": 4809140.67367, "STORJUSDT": 16022663.711, "DYMUSDT": 22497290.37396, "ARUSDT": 37999309.1132, "CHRUSDT": 8026792.0072, "BANANAUSDT": 22036084.0564,