{"ZETAUSDT": 25262552.5234, "MINAUSDT": 13423038.0772, "AUCTIONUSDT": 9636331.39645, "TONUSDT": 99939650.90715, "CHRUSDT": 8107467.5575, "ROSEUSDT": 12827943.11772, "SEIUSDT": 109010962.769, "ZKUSDT": 27374537.49768, "RLCUSDT": 3486475.37573, "IDUSDT": 7161955.13314, "DOGEUSDT": 347673045.78876, "NMRUSDT": 4647389.6788, "ICXUSDT": 3213251.4878, "MYROUSDT": 20235743.21001, "THETAUSDT": 16307943.40987, "BLURUSDT": 24119257.13556, "GMTUSDT": 25977917.71617, "WOOUSDT": 9364372.57972, "USTCUSDT": 9817921.83837, "MANTAUSDT": 17032914.87997, "MKRUSDT": 38361714.0014, "JASMYUSDT": 31792570.241067, "OGNUSDT": 4673437.478, "WUSDT": 25622195.87747, "GRASSUSDT": 99295989.92108, "LUNA2USDT": 10774872.0926, "1000000MOGUSDT": 30245652.83701, "SUNUSDT": 24097982.327558, "MTLUSDT": 4377281.562, "ANKRUSDT": 4371177.23932, "AIUSDT": 14966313.64489, "CHILLGUYUSDT": 76139071.4444, "QNTUSDT": 5212996.545, "RUNEUSDT": 54127517.823, "UNFIUSDT": 3985034.3315, "TRXUSDT": 56783389.6267, "BIGTIMEUSDT": 62256275.52193, "1000XUSDT": 28344887.96522, "TNSRUSDT": 14824311.24953, "AXLUSDT": 11825052.20886, "SXPUSDT": 9143658.04686, "KNCUSDT": 3633485.271, "BTCUSDT": 13998969371.3328, "MASKUSDT": 15329055.0762, "CAKEUSDT": 7902096.3365, "BTCUSDT_250328": 17487902.5639, "STEEMUSDT": 1678756.98023, "VETUSDT": 9765151.391837, "SKLUSDT": 4078167.02275, "XVSUSDT": 3122907.4997, "PYTHUSDT": 16524724.1624, "CKBUSDT": 18253964.92176, "1MBABYDOGEUSDT": 91710974.4222436, "AKTUSDT": 17730736.9136, "TIAUSDT": 194078625.682, "DOTUSDT": 72039452.1283, "WAXPUSDT": 2530932.27154, "AAVEUSDT": 123582195.173, "AERGOUSDT": 5066111.1178, "BICOUSDT": 3396846.2613, "NULSUSDT": 4352098.9347, "SYNUSDT": 8945542.9705, "TUSDT": 4173401.06032, "TWTUSDT": 4450442.7694, "ATOMUSDT": 46000503.12057, "ZILUSDT": 6296671.93461, "ICPUSDT": 28141581.756, "AXSUSDT": 17047634.144, "PHBUSDT": 11087746.1602, "ORBSUSDT": 4712914.15086, "THEUSDT": 357217764.4855, "UNIUSDT": 71585016.815, "DASHUSDT": 3647298.02878, "BANANAUSDT": 22036084.0564, "API3USDT": 8829614.77349, "INJUSDT": 83204851.1824, "HBARUSDT": 15066127.16455, "1000SATSUSDT": 162070647.9449098, "VANRYUSDT": 10567112.09354, "SUSHIUSDT": 13373029.0051, "STRKUSDT": 39475294.73643, "DUSKUSDT": 6688119.16116, "ONTUSDT": 4725858.81213, "MAGICUSDT": 5684371.20466, "BTCUSDT_241227": 21436680.6144, "ARBUSDT": 70626501.43056, "FLUXUSDT": 5039891.476, "IOTAUSDT": 5881314.08357, "LDOUSDT": 30584975.6082, "BANUSDT": 131178263.0244, "DOGSUSDT": 161669449.3769017, "ZENUSDT": 6502044.5115, "AEVOUSDT": 19011565.76194, "CELRUSDT": 3944278.00604, "ASTRUSDT": 6378894.856518, "BNBUSDT": 323611826.144, "ONGUSDT": 3105861.97869, "CATIUSDT": 83427766.5271, "APTUSDT": 166034611.21595, "DYMUSDT": 19820162.84787, "LINKUSDT": 121060104.92834, "ZROUSDT": 51339832.49496, "1000CHEEMSUSDT": 14127044.2095662, "RDNTUSDT": 18487938.34644, "MBOXUSDT": 7748869.1359, "SNXUSDT": 10369098.5591, "AVAXUSDT": 167652357.105, "HFTUSDT": 2347737.35169, "EOSUSDT": 38063239.2865, "KDAUSDT": 5961254.6318, "YGGUSDT": 16525301.8349, "SYSUSDT": 5883824.0871, "1000BONKUSDT": 93554242.842908, "ALGOUSDT": 10968112.8999, "BRETTUSDT": 13184561.33174, "SWELLUSDT": 34613518.37553, "OMNIUSDT": 13160271.95258, "NEIROETHUSDT": 159201613.5788, "1000RATSUSDT": 58553753.27284, "QTUMUSDT": 3661218.5188, "ALTUSDT": 23281130.93089, "SANDUSDT": 23135941.3145, "MORPHOUSDT": 60324781.63364, "1000LUNCUSDT": 21057421.63979, "BOMEUSDT": 122038025.619489, "JUPUSDT": 40134653.8316, "1000CATUSDT": 55469619.11436, "BBUSDT": 22992023.1442, "RENDERUSDT": 40626676.609, "TROYUSDT": 50219435.984757, "ATAUSDT": 4223825.8364, "GHSTUSDT": 4508436.552, "AMBUSDT": 5570503.446766, "RAREUSDT": 27208953.30984, "CETUSUSDT": 41002872.35112, "SCRUSDT": 44850405.2468, "ACEUSDT": 11210264.350742, "MAVUSDT": 5690327.53903, "BELUSDT": 7532425.7659, "HIFIUSDT": 5906700.1116, "BAKEUSDT": 12711333.9517, "LTCUSDT": 89910539.03055, "FILUSDT": 87785080.4806, "LEVERUSDT": 7188136.178938, "POLYXUSDT": 7147425.22206, "CRVUSDT": 68405620.0859, "LRCUSDT": 4723323.99275, "ARPAUSDT": 8640925.08463, "SUIUSDT": 631889529.60914, "XLMUSDT": 16129269.13805, "COTIUSDT": 11873431.25332, "POLUSDT": 31718594.0564, "RENUSDT": 4395173.78213, "APEUSDT": 46916686.29, "GTCUSDT": 6541915.1787, "NEOUSDT": 12093063.6097, "POWRUSDT": 3721471.1145, "NTRNUSDT": 3178490.5613, "TAOUSDT": 102923231.96435, "1000PEPEUSDT": 794404333.2654705, "DARUSDT": 12664105.80186, "MEMEUSDT": 23585254.225025, "PNUTUSDT": 1119377428.29552, "QUICKUSDT": 4360612.04801, "DRIFTUSDT": 52174015.6684, "BSWUSDT": 3787326.45918, "COSUSDT": 4671418.656052, "ETHFIUSDT": 44085025.24942, "ETCUSDT": 46346463.70291, "OMGUSDT": 3255822.24861, "LINAUSDT": 10116418.51396, "XEMUSDT": 4483521.1258, "NEIROUSDT": 777469583.9095976, "SAFEUSDT": 15180487.9246, "BNXUSDT": 23143014.70201, "HMSTRUSDT": 61263162.218704, "XTZUSDT": 6432640.357, "ONDOUSDT": 49723066.39611, "EDUUSDT": 7715724.8436, "UXLINKUSDT": 39879976.4996, "FIDAUSDT": 24706896.1923, "KAVAUSDT": 8443451.07684, "XAIUSDT": 22210054.661, "HIPPOUSDT": 60777038.4419, "HOOKUSDT": 7069393.20989, "ZECUSDT": 14238842.99885, "LQTYUSDT": 8400637.43708, "EGLDUSDT": 7801587.3254, "GASUSDT": 6063112.061, "PONKEUSDT": 32037240.97271, "ONEUSDT": 5634202.90055, "PENDLEUSDT": 52767088.3505, "1000WHYUSDT": 12951397.7527812, "LPTUSDT": 10698223.2278, "PERPUSDT": 3534435.60312, "COWUSDT": 50382322.7437, "GMXUSDT": 6053315.98631, "XVGUSDT": 2873329.2752, "NKNUSDT": 3229800.74501, "ENSUSDT": 27882112.4222, "WLDUSDT": 279187845.5663, "ACTUSDT": 356053961.54053, "JTOUSDT": 37297602.6591, "ETHWUSDT": 3732053.7899, "C98USDT": 5666841.1814, "BONDUSDT": 5667005.4397, "1000FLOKIUSDT": 106553058.11367, "RONINUSDT": 4540539.8441, "ARKMUSDT": 43964432.8948, "SANTOSUSDT": 17734204.2194, "TRUUSDT": 8116942.65184, "LITUSDT": 5497729.0073, "POPCATUSDT": 181828817.5685, "DEGENUSDT": 41410525.476496, "ALICEUSDT": 8226495.77, "DODOXUSDT": 3811133.182467, "LISTAUSDT": 18790296.8567, "ETHUSDT_250328": 7465209.36962, "MANAUSDT": 13704518.9537, "METISUSDT": 6357776.9343, "OPUSDT": 75615732.51572, "LSKUSDT": 2229775.9304, "WIFUSDT": 556637382.81436, "ARUSDT": 32269719.3823, "OXTUSDT": 2326328.07912, "ETHUSDT_241227": 11247696.9545, "BANDUSDT": 4154736.83386, "MEWUSDT": 78896179.207292, "EIGENUSDT": 121426585.44903, "BEAMXUSDT": 15166571.981751, "ZRXUSDT": 5879853.94158, "FXSUSDT": 3524644.00185, "SAGAUSDT": 109212841.24536, "TLMUSDT": 4949788.836569, "STXUSDT": 58340486.0563, "VOXELUSDT": 6621444.8832, "ALPHAUSDT": 4006200.0567, "ACHUSDT": 6851992.859834, "XRPUSDT": 297492932.21316, "NFPUSDT": 7575430.77547, "LOOMUSDT": 5222915.18427, "BALUSDT": 3379263.5455, "JOEUSDT": 3062739.6896, "SFPUSDT": 3378957.1698, "PEOPLEUSDT": 147896445.76975, "GUSDT": 4800598.46261, "COMBOUSDT": 2590352.0608, "CTSIUSDT": 4929785.3834, "FIOUSDT": 9212560.35908, "CFXUSDT": 23836656.29846, "TOKENUSDT": 9191514.44576, "ENJUSDT": 5466685.4511, "ARKUSDT": 16225674.0803, "BADGERUSDT": 2968777.2809, "BSVUSDT": 5982729.975, "1INCHUSDT": 11930795.1012, "DYDXUSDT": 51600567.8611, "REIUSDT": 5697003.93732, "PIXELUSDT": 21990321.6822, "RPLUSDT": 5029106.3, "XMRUSDT": 12016168.15275, "MOODENGUSDT": 400933287.05522, "SCRTUSDT": 58677897.9076, "ENAUSDT": 150374906.6259, "SOLUSDT": 2161046261.375, "CHZUSDT": 17728467.04715, "VIDTUSDT": 19772767.72095, "STGUSDT": 5088604.372, "RVNUSDT": 4262534.20304, "CELOUSDT": 18964854.1502, "KASUSDT": 16045918.25464, "NEARUSDT": 121472448.875, "IOUSDT": 62413093.4345, "TRBUSDT": 45714363.8576, "ILVUSDT": 5141143.721, "TURBOUSDT": 95565255.2584047, "PORTALUSDT": 10979576.38298, "ETHUSDT": 5708121980.45667, "DENTUSDT": 3348995.081037, "AGLDUSDT": 4436204.7836, "FLMUSDT": 6351209.9305, "KEYUSDT": 6072333.99251, "HOTUSDT": 6536694.219739, "CHESSUSDT": 6698449.7943, "BNTUSDT": 2164171.5085, "SPELLUSDT": 5221479.8791844, "1000XECUSDT": 3568022.81552, "OMUSDT": 24456880.279673, "GLMUSDT": 5104807.83244, "1000SHIBUSDT": 142045686.574164, "REZUSDT": 18089539.86123, "STMXUSDT": 9663827.7948, "STORJUSDT": 12813175.1976,