{"AAVEUSDT": 127493016.181, "BANUSDT": 113815300.5312, "SLERFUSDT": 20836065.2376, "RUNEUSDT": 60086895.103, "CKBUSDT": 22006131.625202, "CTSIUSDT": 5455353.5782, "STRKUSDT": 41980736.15092, "OPUSDT": 80271374.73054, "HIFIUSDT": 6975349.7406, "CETUSUSDT": 41398153.49946, "FXSUSDT": 3764398.88283, "ONGUSDT": 3641063.07056, "QUICKUSDT": 4866193.27089, "BSVUSDT": 6797691.413, "BONDUSDT": 5667005.4397, "SUSHIUSDT": 15096949.511, "LITUSDT": 5497729.0073, "SXPUSDT": 15049250.25484, "ZROUSDT": 51249076.45488, "ATOMUSDT": 51285122.01909, "ILVUSDT": 5472403.284, "DYDXUSDT": 60791362.9588, "MOVEUSDT": 147957467.4624, "BANDUSDT": 4345263.6979, "AEROUSDT": 22059395.57296, "ALTUSDT": 25235885.522, "ONEUSDT": 6126508.25679, "HIGHUSDT": 8971036.08026, "GTCUSDT": 6585851.7463, "BICOUSDT": 3750189.9315, "THEUSDT": 210365578.21361, "DOTUSDT": 75794160.2194, "1000SHIBUSDT": 195428262.893056, "RPLUSDT": 5394403.8871, "XEMUSDT": 4187873.7593, "HOTUSDT": 6770010.328298, "SPXUSDT": 8332629.8657, "SKLUSDT": 4652135.60391, "SANTOSUSDT": 17734204.2194, "GOATUSDT": 364754261.7376, "RDNTUSDT": 19398985.86373, "RENDERUSDT": 40638724.0217, "BTCUSDT_241227": 23924814.5313, "CAKEUSDT": 8338532.8977, "EDUUSDT": 8210100.5592, "BNTUSDT": 2272791.30799, "SUIUSDT": 789842612.66887, "JUPUSDT": 45123876.992, "RVNUSDT": 4697449.65443, "JTOUSDT": 40954853.2687, "ARUSDT": 35892783.5462, "XVSUSDT": 3561054.7437, "AXLUSDT": 15777083.63419, "COSUSDT": 4954181.052292, "KSMUSDT": 6170227.8144, "PORTALUSDT": 11595223.10595, "IDUSDT": 8966040.01129, "LINAUSDT": 10007134.30952, "RLCUSDT": 3780867.98521, "KDAUSDT": 6363460.7904, "BBUSDT": 22992023.1442, "CELOUSDT": 27158146.7289, "DUSKUSDT": 6688119.16116, "TNSRUSDT": 15920005.46154, "BLURUSDT": 28627266.28187, "BOMEUSDT": 144795259.698428, "BNXUSDT": 22446561.32607, "PHBUSDT": 12293920.4497, "1000RATSUSDT": 59059735.15625, "SPELLUSDT": 5247804.1291477, "ANKRUSDT": 4683886.10808, "ROSEUSDT": 13763028.96123, "ALGOUSDT": 11357495.76413, "ORCAUSDT": 59856814.821, "TURBOUSDT": 125999166.3165653, "CRVUSDT": 69824914.2904, "AVAXUSDT": 171897063.65, "ASTRUSDT": 6681941.34494, "MANAUSDT": 14792337.0017, "DYMUSDT": 21254454.62849, "TRXUSDT": 56783389.6267, "ETHUSDT_250328": 8575191.38432, "ICXUSDT": 3561218.3479, "METISUSDT": 7641796.3922, "TONUSDT": 94845683.20493, "CHILLGUYUSDT": 96953562.5647, "ALPHAUSDT": 4145054.09218, "DENTUSDT": 3555923.727055, "DODOXUSDT": 4243799.634987, "AXSUSDT": 18532097.007, "ENSUSDT": 28722319.4963, "SNXUSDT": 10925220.7716, "ARPAUSDT": 9323180.41494, "ZKUSDT": 28189891.07374, "TROYUSDT": 52316361.236472, "SEIUSDT": 131353260.0529, "KASUSDT": 16797000.90437, "COTIUSDT": 13621056.31758, "TOKENUSDT": 9424304.46448, "GRTUSDT": 20047172.7968, "CYBERUSDT": 7978081.1822, "GLMUSDT": 5493669.03881, "BIGTIMEUSDT": 79321369.7869, "IMXUSDT": 20529269.6758, "ALPACAUSDT": 11069662.44337, "XLMUSDT": 17400805.77666, "JOEUSDT": 3255990.6586, "COWUSDT": 43692165.0328, "XRPUSDT": 330090483.87224, "LTCUSDT": 91817026.74101, "CHESSUSDT": 6831526.1361, "BTCUSDT": 14691178661.737, "MOVRUSDT": 5044226.87872, "TIAUSDT": 248656932.3069, "AERGOUSDT": 5579198.887, "NKNUSDT": 3308791.28436, "SANDUSDT": 24644496.7406, "UNIUSDT": 77178217.141, "SWELLUSDT": 29540219.1255, "KAIAUSDT": 30288442.8296, "1000CHEEMSUSDT": 19115719.9881192, "APTUSDT": 187122376.54689, "ETHUSDT_241227": 12404867.56038, "VIDTUSDT": 17541888.99572, "PIXELUSDT": 23555958.81368, "BALUSDT": 3612031.3107, "BADGERUSDT": 3175912.8301, "BTCDOMUSDT": 2894105.9472, "MKRUSDT": 40660624.6732, "ATAUSDT": 4368827.5656, "CHRUSDT": 8026792.0072, "NOTUSDT": 114964561.638498, "LPTUSDT": 11305235.9475, "FTMUSDT": 192215955.8606, "QTUMUSDT": 3837308.9033, "DOGEUSDT": 494882863.79836, "NFPUSDT": 7995295.52827, "LINKUSDT": 130361241.48582, "MAVUSDT": 5690664.01591, "YGGUSDT": 16953380.9798, "FILUSDT": 88654814.2359, "SCRTUSDT": 21745353.6658, "LOOMUSDT": 6318820.10464, "COMBOUSDT": 2761163.63922, "REZUSDT": 18089539.86123, "AUCTIONUSDT": 9653512.15263, "PYTHUSDT": 18903469.10616, "MEWUSDT": 86796824.362364, "NEOUSDT": 12133844.97096, "DIAUSDT": 21084231.5431, "BSWUSDT": 4073023.48017, "ADAUSDT": 125170588.8461, "KOMAUSDT": 26714426.76569, "OMUSDT": 29888105.558014, "CHZUSDT": 24358096.04713, "GHSTUSDT": 5012131.45, "ARBUSDT": 78411052.74442, "REEFUSDT": 39779865.942713, "NEIROETHUSDT": 147986882.6948, "STXUSDT": 59960141.6581, "POWRUSDT": 4594132.5879, "NULSUSDT": 4360894.0487, "ORBSUSDT": 4769872.69954, "MOODENGUSDT": 392747599.58733, "API3USDT": 10262636.88414, "HMSTRUSDT": 61263162.218704, "HOOKUSDT": 6923408.89755, "ONDOUSDT": 54482875.2359, "SOLUSDT": 2235550608.14, "RIFUSDT": 4030448.17009, "ZILUSDT": 6702933.08483, "THETAUSDT": 18043495.99188, "SYSUSDT": 5681330.96752, "USDCUSDT": 933884.427128, "FETUSDT": 153072505.338, "1000XUSDT": 28344887.96522, "1000CATUSDT": 41444183.42816, "RONINUSDT": 4764690.09838, "SUNUSDT": 22846165.317337, "1000BONKUSDT": 110979078.89918, "YFIUSDT": 5288517.397, "MASKUSDT": 18167620.6828, "BNBUSDT": 340283555.3297, "PERPUSDT": 3959597.48831, "DEFIUSDT": 996490.0576, "ORDIUSDT": 229897584.2269, "APEUSDT": 62056713.1291, "UMAUSDT": 13026724.588, "1000000MOGUSDT": 35160528.30357, "INJUSDT": 90802481.9673, "ETHWUSDT": 7876242.5606, "SUPERUSDT": 24939263.0296, "FLUXUSDT": 5114032.2703, "NEARUSDT": 129117893.913, "ZECUSDT": 14238842.99885, "ARKMUSDT": 50428652.9959, "TAOUSDT": 133819781.82862, "WLDUSDT": 315459063.4967, "1000XECUSDT": 4251599.21218, "OGNUSDT": 4673437.478, "SCRUSDT": 46647998.7608, "MTLUSDT": 4897883.2061, "1000FLOKIUSDT": 106553058.11367, "LOKAUSDT": 3742754.0369, "XVGUSDT": 3086344.828078, "CATIUSDT": 79227103.5003, "MAVIAUSDT": 9002219.14305, "ENAUSDT": 166259715.9362, "BANANAUSDT": 23550690.1623, "EOSUSDT": 40200002.8498, "HFTUSDT": 2567336.62646, "MYROUSDT": 25195249.99104, "AGLDUSDT": 5055062.6218, "STGUSDT": 5477579.663, "LQTYUSDT": 8726194.69451, "SFPUSDT": 3388138.753, "IOTAUSDT": 6222307.39914, "SSVUSDT": 12014554.68441, "AIUSDT": 15070398.01443, "GALAUSDT": 68761617.40405, "1MBABYDOGEUSDT": 91418133.2594893, "ACEUSDT": 11556582.918931, "POPCATUSDT": 197893058.8013, "BCHUSDT": 81306056.19271, "ENJUSDT": 5891766.6847, "BLZUSDT": 6488450.07503, "MEUSDT": 132681783.111, "GMXUSDT": 6220606.51497, "RENUSDT": 3987177.35248, "C98USDT": 5833364.0251, "TRUUSDT": 8698845.84591, "WUSDT": 32796764.81403, "TLMUSDT": 5065272.31583, "ACXUSDT": 129721036.54735, "1000PEPEUSDT": 826940562.7199653, "JASMYUSDT": 32949767.808754, "MINAUSDT": 14593566.9479, "IOSTUSDT": 4168011.202965, "OXTUSDT": 2589629.87333, "UXLINKUSDT": 39496142.4805, "QNTUSDT": 5559360.93, "TWTUSDT": 5990438.7031, "1000WHYUSDT": 12951397.7527812, "OMGUSDT": 3951811.319, "TRBUSDT": 45490385.899, "GRASSUSDT": 84331142.19656, "1000LUNCUSDT": 23669951.09954, "EIGENUSDT": 131279991.8557, "XTZUSDT": 6618011.879, "HIPPOUSDT": 62931977.43219, "ETCUSDT": 50274332.4526, "GASUSDT": 8764260.6837, "ACTUSDT": 337211572.60646, "PNUTUSDT": 931658216.41691, "VANRYUSDT": 10983473.24082, "ZRXUSDT": 6465222.34773, "WIFUSDT": 588807202.53926, "BELUSDT": 7532425.7659, "SYNUSDT": 9284312.8372, "BAKEUSDT": 12626570.2774, "ARKUSDT": 19760727.9724, "DOGSUSDT": 159549828.3836219, "ZETAUSDT": 33932205.5331, "DRIFTUSDT": 47808874.3302, "MEMEUSDT": 32724154.175638, "BRETTUSDT": 14192299.78141, "LSKUSDT": 2451232.698, "REIUSDT": 6075547.37201, "STMXUSDT": 9046817.51749, "SAFEUSDT": 15260551.204, "HBARUSDT": 16448067.06839, "VETUSDT": 10399378.872661, "LRCUSDT": 5098187.14244, "POLUSDT": 32108199.17751, "PENDLEUSDT": 53407882.4949, "LUNA2USDT": 11423628.6527, "FIDAUSDT": 26719176.7876, "DASHUSDT": 3671952.02424, "RSRUSDT": 12077773.709982, "AEVOUSDT": 19011565.76194, "KAVAUSDT": 9756453.52621, "WOOUSDT": 11180684.654, "VOXELUSDT": 6277279.6283, "ALICEUSDT": 8715206.1914, "AMBUSDT": 5598303.865146, "SAGAUSDT": 119415386.33071, "MBOXUSDT": 7748869.1359, "FLMUSDT": 6258808.5565, "NEIROUSDT": 769676937.1288457, "DARUSDT": 12709766.37777, "COMPUSDT": 8630853.53095, "MANTAUSDT": 18529455.44628, "1000SATSUSDT": 151054258.2893087,