{"VETUSDT": 15354143.856074, "TONUSDT": 66066570.72261, "PERPUSDT": 5387897.29844, "DODOXUSDT": 5031210.484409, "XAIUSDT": 24435164.8901, "KASUSDT": 22631144.11799, "STEEMUSDT": 3961346.1944, "YFIUSDT": 8356147.815, "AAVEUSDT": 147050375.984, "NEOUSDT": 17237564.28291, "EOSUSDT": 56245930.8496, "RVNUSDT": 6405368.73031, "MAVIAUSDT": 5979088.82987, "BSWUSDT": 3754386.11266, "AVAXUSDT": 218472077.849, "REEFUSDT": 17614783.071668, "ENAUSDT": 314238214.411, "LUMIAUSDT": 13586061.4557, "BTCUSDT": 15122853835.9462, "EGLDUSDT": 12253908.13, "MBOXUSDT": 7424724.2265, "ETHFIUSDT": 66969268.50776, "SKLUSDT": 6534171.12919, "CHESSUSDT": 5652753.9565, "MOVRUSDT": 6315087.84297, "KMNOUSDT": 6564897.7446, "FILUSDT": 126232750.8142, "MEMEUSDT": 40361559.144741, "1000XUSDT": 15868431.26138, "ETHWUSDT": 8198637.8116, "AI16ZUSDT": 229201370.20513, "1000CATUSDT": 37704003.46417, "ORDIUSDT": 182508406.718, "LEVERUSDT": 6731718.1954772, "XRPUSDT": 536335954.97895, "TNSRUSDT": 17690038.38636, "COTIUSDT": 11494993.63193, "VIRTUALUSDT": 213402453.82393, "ONDOUSDT": 86198201.75579, "C98USDT": 7272453.3798, "RIFUSDT": 4137709.28506, "HIPPOUSDT": 39866978.94339, "MORPHOUSDT": 72888414.90574, "MAVUSDT": 6430651.43514, "APTUSDT": 214961428.30936, "SPELLUSDT": 5906594.4755718, "LSKUSDT": 4138666.0365, "COMPUSDT": 11293411.47103, "MEUSDT": 93256486.1238, "MOVEUSDT": 281645748.0359, "THETAUSDT": 24276424.98914, "XLMUSDT": 30454085.41276, "ETHUSDT": 7309310195.27607, "ONTUSDT": 6816735.19109, "STGUSDT": 9213228.5882, "1000SHIBUSDT": 243587864.330069, "USTCUSDT": 11095476.069311, "OPUSDT": 93505433.1626, "AEVOUSDT": 17136326.39466, "ATAUSDT": 5958022.3644, "ONGUSDT": 5666649.79402, "HFTUSDT": 3516098.09342, "XTZUSDT": 10351109.9727, "QTUMUSDT": 5575591.128, "1000LUNCUSDT": 24811772.23187, "CAKEUSDT": 13361200.6613, "GHSTUSDT": 3753639.9073, "ZECUSDT": 26647285.46287, "BCHUSDT": 126433391.39951, "BLURUSDT": 24119257.13556, "COMBOUSDT": 3785391.21914, "ACHUSDT": 9092103.076884, "SUSHIUSDT": 23258434.7424, "ALICEUSDT": 9808909.0658, "DEGOUSDT": 5814163.2142, "STORJUSDT": 19960117.8526, "ARUSDT": 35350554.4987, "CHZUSDT": 36950762.56197, "WIFUSDT": 507243859.70153, "IDUSDT": 14893214.71971, "BADGERUSDT": 5397516.755, "NULSUSDT": 3469215.0596, "FETUSDT": 132477172.7016, "CELRUSDT": 8327897.52446, "AIXBTUSDT": 133968678.76072, "1000XECUSDT": 6711833.34619, "MASKUSDT": 28721618.9113, "SWARMSUSDT": 89630962.9695, "SONICUSDT": 107060633.21833, "HOOKUSDT": 8336208.57453, "ARBUSDT": 114375229.76167, "LISTAUSDT": 14431291.1611, "BTCUSDT_250328": 21178263.1378, "FIOUSDT": 8168468.07889, "STRKUSDT": 34929580.5838, "ETHUSDT_250627": 6115724.69681, "DARUSDT": 8375731.05852, "COOKIEUSDT": 64857674.076, "CELOUSDT": 24961526.9755, "REIUSDT": 4669140.84705, "ZRXUSDT": 12141678.61972, "PEOPLEUSDT": 91099000.92653, "HIVEUSDT": 68621226.0084, "BANDUSDT": 5395991.21352, "ILVUSDT": 6475326.1059, "ADAUSDT": 254794094.7475, "DUSKUSDT": 7038965.33905, "DYDXUSDT": 68438972.7684, "BTCUSDT_250627": 8881949.6796, "KAIAUSDT": 15836106.8511, "LPTUSDT": 14554013.4361, "JTOUSDT": 43593806.5729, "MKRUSDT": 42902390.7529, "CYBERUSDT": 8097253.2371, "HIGHUSDT": 8627872.43437, "ARPAUSDT": 6648329.6354, "PHAUSDT": 63966010.68381, "HOTUSDT": 10346791.525638, "1000000MOGUSDT": 23444851.88154, "DASHUSDT": 6129844.78737, "AMBUSDT": 5107695.164959, "NEIROUSDT": 512174499.0340785, "ALTUSDT": 23281130.93089, "IOSTUSDT": 5837827.962426, "API3USDT": 11659365.58262, "LRCUSDT": 6529837.26898, "EDUUSDT": 7739867.4267, "OMNIUSDT": 14749714.15769, "UXLINKUSDT": 42418956.7016, "PIXELUSDT": 21782597.5541, "IMXUSDT": 19424283.8375, "FTMUSDT": 163087271.5909, "ACEUSDT": 10707325.364928, "IOTAUSDT": 11669492.18148, "CTSIUSDT": 6724990.5509, "UMAUSDT": 11211895.141, "SOLUSDT": 2341030574.536, "KDAUSDT": 7350235.088, "RAYSOLUSDT": 13106266.3547, "SCRUSDT": 38154138.215, "XMRUSDT": 14404871.69273, "1000FLOKIUSDT": 112577868.2214, "AUCTIONUSDT": 13062271.80338, "IOUSDT": 55688847.78021, "FLOWUSDT": 16334330.7288, "TOKENUSDT": 9919581.47838, "RLCUSDT": 5741545.79182, "SPXUSDT": 30384852.3137, "XVSUSDT": 5190820.6277, "DOTUSDT": 114089386.1747, "USUALUSDT": 353926864.6598, "GASUSDT": 10807809.294, "PORTALUSDT": 13215194.67229, "MANTAUSDT": 18123477.00738, "KAVAUSDT": 10886707.22197, "LQTYUSDT": 9077325.9932, "OGNUSDT": 8370226.569, "TUSDT": 4982372.8046, "KOMAUSDT": 23156484.32128, "DEXEUSDT": 28641136.89858, "BTCDOMUSDT": 5725721.0454, "THEUSDT": 94123642.30079, "1000BONKUSDT": 152552191.032814, "FXSUSDT": 5827272.74995, "ORCAUSDT": 18478613.7596, "EIGENUSDT": 115886889.92113, "MTLUSDT": 7285227.2486, "OMUSDT": 45484115.724776, "IOTXUSDT": 7490907.15154, "NTRNUSDT": 4121261.3465, "BELUSDT": 5790006.6895, "OMGUSDT": 3477673.4684, "MYROUSDT": 21678757.99094, "ACXUSDT": 27739886.22499, "SSVUSDT": 15842642.05055, "ASTRUSDT": 7035855.659246, "CFXUSDT": 29089505.53828, "DENTUSDT": 5711146.03012, "SAGAUSDT": 64831191.23794, "POLYXUSDT": 11254992.75126, "1INCHUSDT": 13231920.8571, "LINKUSDT": 223491689.13695, "STMXUSDT": 9820076.91936, "CETUSUSDT": 33617839.19386, "DEGENUSDT": 25514815.98389, "MINAUSDT": 16241976.7376, "BNTUSDT": 2708364.99556, "GRIFFAINUSDT": 54484168.83279, "AIUSDT": 16973738.82937, "WOOUSDT": 12382238.35882, "RENDERUSDT": 46304899.7473, "1000WHYUSDT": 9911172.0533225, "CGPTUSDT": 28175701.63157, "MEWUSDT": 52870302.709069, "RSRUSDT": 14678451.996532, "VIDTUSDT": 11985603.3664, "BALUSDT": 3938627.6242, "ARKUSDT": 18654363.4896, "INJUSDT": 77099995.961, "FLUXUSDT": 4311198.4836, "ZEREBROUSDT": 75592606.1418, "DYMUSDT": 16649955.61684, "RUNEUSDT": 62918455.838, "RPLUSDT": 4018854.7167, "CKBUSDT": 17274169.558461, "GRTUSDT": 25334423.46016, "JOEUSDT": 4510164.57632, "SANDUSDT": 38211990.34455, "BSVUSDT": 8419849.701, "ROSEUSDT": 15867505.79512, "ENSUSDT": 48232607.4607, "ALCHUSDT": 50432249.64667, "NKNUSDT": 4269256.46233, "DIAUSDT": 11701187.5848, "MANAUSDT": 24701725.7396, "ACTUSDT": 255369592.3745, "HMSTRUSDT": 40893929.624838, "LINAUSDT": 10850964.93313, "USDCUSDT": 2640897.406619, "FARTCOINUSDT": 243886621.66375, "GLMUSDT": 9583566.77628, "HBARUSDT": 37030324.05046, "BNBUSDT": 428184701.8777, "BONDUSDT": 2084947.5224, "QNTUSDT": 8313267.472, "GUSDT": 5079415.58333, "AGLDUSDT": 21304857.1716, "1000RATSUSDT": 39123952.01126, "AXSUSDT": 28959935.54, "BIOUSDT": 180249286.6591, "PYTHUSDT": 26482128.7362, "TROYUSDT": 53373769.583092, "DOGSUSDT": 90190250.4295539, "LOKAUSDT": 3554081.2036, "PENGUUSDT": 270759268.0906, "NOTUSDT": 78801017.759443, "ALPHAUSDT": 10572965.82191, "AEROUSDT": 12061512.00869, "MAGICUSDT": 8328996.4498, "GRASSUSDT": 50929778.31802, "BEAMXUSDT": 16534774.378567, "SYSUSDT": 4345819.275, "DFUSDT": 15679112.21368, "ALGOUSDT": 26314009.19565, "BLZUSDT": 5171462.61287, "ICXUSDT": 5405770.9129, "SCRTUSDT": 11611091.4801, "METISUSDT": 8337269.4952, "ETHUSDT_250328": 11789397.21523, "WAXPUSDT": 4359921.95464, "SEIUSDT": 111640063.0417, "PNUTUSDT": 529917333.32735, "BNXUSDT": 13085516.70894, "POWRUSDT": 8517794.9315, "POLUSDT": 34979364.4766, "TRBUSDT": 36177091.9809, "DEFIUSDT": 1451492.7337, "ATOMUSDT": 52857187.47924, "BATUSDT": 7819169.35918, "VANAUSDT": 99997217.98152, "LTCUSDT": 141913548.31884, "AXLUSDT": 13940249.79484, "ZILUSDT": 10468877.91523, "MOCAUSDT": 127161062.5659, "WUSDT": 37575084.15248, "PONKEUSDT": 14680222.23992, "1000PEPEUSDT": 1042061977.2189078, "TIAUSDT": 209475840.9768, "VELODROMEUSDT": 28302969.34154, "NMRUSDT": 5360923.0933, "DOGEUSDT": 1687467046.93449, "CHRUSDT": 8673709.6091, "JUPUSDT": 51056646.8247, "BOMEUSDT": 124854145.460859, "NEIROETHUSDT": 74076243.22196, "CATIUSDT": 38451063.9357, "QUICKUSDT": 3363978.91451, "COSUSDT": 5214874.378803, "YGGUSDT": 15967740.0928, "JASMYUSDT": 36376693.027482, "ZROUSDT": 42354134.10892, "ZENUSDT": 10705042.9366, "NEARUSDT": 131823265.782, "1000SATSUSDT": 114786842.2786498, "AERGOUSDT": 7183893.446, "ICPUSDT": 32388461.814, "DUSDT": 27716334.14563, "POPCATUSDT": 179001432.0786, "PENDLEUSDT": 51487883.6852, "MOODENGUSDT": 195419985.03325,