{"GALAUSDT": 124164771.69236, "ADAUSDT": 553746784.2769, "AI16ZUSDT": 190241618.72018, "MOVEUSDT": 114589827.3287, "BTCUSDT_250627": 14617302.6023, "SPELLUSDT": 11097529.3993264, "MANTAUSDT": 14014473.58196, "KOMAUSDT": 10367239.75974, "SEIUSDT": 77255170.1766, "WOOUSDT": 7776542.46291, "POWRUSDT": 9507826.2338, "NEIROUSDT": 256214505.8423537, "HEIUSDT": 30546027.94956, "TRUUSDT": 8335670.84491, "SONICUSDT": 15514591.17839, "SSVUSDT": 18192228.31041, "BIGTIMEUSDT": 23043618.80465, "SKLUSDT": 8609230.42724, "FIDAUSDT": 11953880.5829, "IMXUSDT": 15625898.8294, "HMSTRUSDT": 15470715.389013, "1000SATSUSDT": 66270220.8613204, "BBUSDT": 18609521.66326, "1MBABYDOGEUSDT": 54682988.3112807, "ARBUSDT": 115801286.14996, "FARTCOINUSDT": 282338509.44978, "SCRUSDT": 17287001.6955, "SOLVUSDT": 54841068.7051, "BSVUSDT": 5290528.823, "ALCHUSDT": 37742093.11636, "SLERFUSDT": 5010040.1261, "LOKAUSDT": 3396638.5705, "LINKUSDT": 370853190.15251, "GRASSUSDT": 28547459.4493, "TAOUSDT": 129924973.74069, "CAKEUSDT": 20531180.4554, "1000000MOGUSDT": 19726510.68481, "ONEUSDT": 16627637.71569, "GPSUSDT": 20489353.6366, "NOTUSDT": 45829881.228388, "NFPUSDT": 8190996.54766, "CHZUSDT": 25542600.78948, "COSUSDT": 4057512.650342, "BIOUSDT": 39952001.6823, "OPUSDT": 101347067.55548, "CHESSUSDT": 4916107.635, "QNTUSDT": 12791757.427, "ICPUSDT": 36251765.224, "SAGAUSDT": 27484298.50948, "MAGICUSDT": 8376129.60219, "XAIUSDT": 16965719.58316, "PENGUUSDT": 186727722.418751, "JASMYUSDT": 43515543.962457, "ANIMEUSDT": 48223768.2814, "PORTALUSDT": 9946491.66143, "USDCUSDT": 5144499.512828, "KAVAUSDT": 14518832.07955, "RIFUSDT": 3819990.64217, "AEVOUSDT": 14219975.21707, "STMXUSDT": 11750102.4491, "IOSTUSDT": 6752589.79635, "1000RATSUSDT": 20619178.20458, "MELANIAUSDT": 47988713.33957, "EIGENUSDT": 100374759.06788, "B3USDT": 25298249.38312, "VANRYUSDT": 11456546.2625, "ATOMUSDT": 61409764.68805, "RPLUSDT": 4523749.3089, "HFTUSDT": 4176572.91887, "MOVRUSDT": 6503982.43669, "DUSKUSDT": 5907064.12537, "LAYERUSDT": 92320765.4212, "GUSDT": 6383141.61158, "VANAUSDT": 43106419.67789, "THETAUSDT": 32794375.40498, "COWUSDT": 36503674.1674, "VTHOUSDT": 19837394.603702, "IDUSDT": 10291706.56018, "TURBOUSDT": 59236590.6199851, "BATUSDT": 11984209.39252, "LPTUSDT": 16556473.1168, "BRETTUSDT": 20678415.05977, "ARCUSDT": 175962657.39717, "BCHUSDT": 95712791.80609, "MEUSDT": 48150604.4135, "ARUSDT": 37962170.3745, "BERAUSDT": 229681000.286, "PIXELUSDT": 14680709.23283, "DENTUSDT": 6962742.626411, "ETHUSDT": 8679677888.80398, "UNIUSDT": 135139837.446, "SOLUSDT": 2710200220.524, "HOTUSDT": 9857011.43004, "GMTUSDT": 46654971.28611, "BOMEUSDT": 68488652.660812, "COMPUSDT": 18757649.86665, "MYROUSDT": 8817201.42265, "ALGOUSDT": 88042265.22451, "POPCATUSDT": 138393334.4777, "NEIROETHUSDT": 20931069.08416, "PROMUSDT": 6233317.4293, "APEUSDT": 64252461.2473, "NTRNUSDT": 3196535.3577, "ZKUSDT": 24802509.92328, "IOTAUSDT": 30824122.66117, "POLYXUSDT": 10914866.55296, "SCRTUSDT": 4577988.3404, "ACEUSDT": 6569191.183475, "QTUMUSDT": 11192753.1102, "BTCUSDT_250328": 30289900.2715, "HIFIUSDT": 5409039.288, "TONUSDT": 54499117.91469, "AVAXUSDT": 256062306.237, "TWTUSDT": 6524053.2958, "1000PEPEUSDT": 948040396.4955852, "CETUSUSDT": 19617968.57149, "RAREUSDT": 6762824.85293, "XRPUSDT": 2270412411.02626, "SUSDT": 45705697.4669, "INJUSDT": 79246643.4047, "1000SHIBUSDT": 197566786.111688, "VOXELUSDT": 5387001.1228, "QUICKUSDT": 2249791.67681, "AXSUSDT": 27424045.503, "PHAUSDT": 14191949.74606, "STEEMUSDT": 8264933.40516, "COTIUSDT": 11182186.42163, "SYSUSDT": 3090092.5574, "RSRUSDT": 24481199.068285, "RLCUSDT": 5877289.84712, "XTZUSDT": 25023280.4687, "AKTUSDT": 4248278.9737, "ZEREBROUSDT": 40004200.796, "OMGUSDT": 2127316.65074, "KASUSDT": 20698770.36861, "KDAUSDT": 10083478.4968, "ATAUSDT": 8118443.2269, "ARPAUSDT": 6176019.89296, "GRTUSDT": 25179539.12667, "CGPTUSDT": 24019807.80261, "DFUSDT": 10691793.64082, "1000WHYUSDT": 7553735.7581697, "IPUSDT": 305249320.313104, "XMRUSDT": 22092777.72847, "NULSUSDT": 3028492.051, "ZETAUSDT": 7353667.0006, "CKBUSDT": 9935830.295586, "DEGOUSDT": 3429705.40361, "BAKEUSDT": 11903357.0084, "CELOUSDT": 12925409.983, "TLMUSDT": 5356073.159549, "USTCUSDT": 8190575.717935, "PIPPINUSDT": 32191345.58859, "VETUSDT": 42068467.140856, "ZENUSDT": 45717096.5368, "LUMIAUSDT": 11095250.438, "HOOKUSDT": 6180785.53122, "MORPHOUSDT": 50584507.70154, "METISUSDT": 5859033.9041, "LITUSDT": 6526597.3352, "STGUSDT": 10916758.3355, "STXUSDT": 38889473.6203, "BTCUSDT": 14403072504.9993, "KNCUSDT": 5490736.3771, "AIUSDT": 20526576.97529, "PEOPLEUSDT": 50538668.66124, "LTCUSDT": 312387292.08245, "BEAMXUSDT": 15270521.23873, "ARKMUSDT": 49399775.7182, "HIVEUSDT": 23581223.90148, "BANUSDT": 78966665.0947, "ETHUSDT_250328": 15384671.04532, "SHELLUSDT": 32785972.691, "USUALUSDT": 113811921.7718, "EDUUSDT": 5543213.9969, "OXTUSDT": 4295423.35748, "ACTUSDT": 175950170.40965, "CHRUSDT": 8636963.47, "SUSHIUSDT": 31797853.6944, "OGNUSDT": 7864846.988, "GHSTUSDT": 2430361.9598, "SUPERUSDT": 12793486.9811, "SXPUSDT": 15966502.55501, "HIPPOUSDT": 14211249.85099, "MASKUSDT": 23094466.601, "DUSDT": 11570279.7241, "TRUMPUSDT": 1047920689.84007, "SUNUSDT": 6790420.804106, "NEARUSDT": 120181067.926, "ONTUSDT": 11044305.15442, "ILVUSDT": 6181416.0374, "LDOUSDT": 101965030.7895, "OMUSDT": 82992468.036708, "AMBUSDT": 4637625.848885, "MBOXUSDT": 7221495.875, "DYDXUSDT": 55203942.8758, "MEWUSDT": 15191249.582367, "AERGOUSDT": 9840854.316, "OMNIUSDT": 10724068.15651, "DEFIUSDT": 2510434.5, "XVSUSDT": 7562747.0917, "ONDOUSDT": 202283203.58515, "AVAUSDT": 11240135.83582, "ETHWUSDT": 4806002.2452, "ACHUSDT": 10798972.020265, "ROSEUSDT": 13114690.45302, "NKNUSDT": 3585765.89045, "RAYSOLUSDT": 19751176.4825, "ORDIUSDT": 122001745.954, "FLMUSDT": 7716716.4214, "SWARMSUSDT": 161702198.2423, "BICOUSDT": 5117888.3, "COOKIEUSDT": 35069653.9462, "AXLUSDT": 9521927.63183, "ICXUSDT": 7513658.0968, "ALICEUSDT": 9353600.3115, "TRBUSDT": 33848989.8809, "BTCDOMUSDT": 8819694.3164, "RUNEUSDT": 69960750.961, "EOSUSDT": 77297861.8086, "ETHUSDT_250627": 7524704.21821, "TROYUSDT": 17606418.693903, "1000FLOKIUSDT": 85398661.25839, "BSWUSDT": 4511427.92343, "ALTUSDT": 14617418.26871, "YGGUSDT": 9023771.7813, "NMRUSDT": 6209594.3083, "TUSDT": 4446629.33059, "DOGEUSDT": 1447537738.02187, "ANKRUSDT": 7323794.01915, "GASUSDT": 8855578.6865, "THEUSDT": 50737631.07371, "APTUSDT": 138948507.23389, "CATIUSDT": 11813858.1154, "KSMUSDT": 11543367.476, "DIAUSDT": 3956544.9337, "BANDUSDT": 5577188.01676, "1000XUSDT": 7253759.02173, "1000XECUSDT": 6025958.13065, "VIRTUALUSDT": 155953291.60145, "DODOXUSDT": 4324105.894875, "SNXUSDT": 18327069.2973, "BNBUSDT": 518266225.2649, "DOTUSDT": 169075136.2109, "BADGERUSDT": 6246381.7429, "LUNA2USDT": 16566578.4175, "FLUXUSDT": 4328958.6759, "DASHUSDT": 10758654.56575, "FETUSDT": 105059919.8801, "BANANAUSDT": 12409104.3329, "UXLINKUSDT": 44155998.3403, "1000CATUSDT": 29111195.29743, "SANTOSUSDT": 4457157.3877, "API3USDT": 7048223.42415, "PENDLEUSDT": 45776444.8162, "BLURUSDT": 15450116.77376, "MINAUSDT": 11172536.6892, "GLMUSDT": 10905927.73334, "VINEUSDT": 170813644.57357, "SFPUSDT": 4552864.0848, "XVGUSDT": 15654793.3419025, "CYBERUSDT": 6504599.1492, "DEXEUSDT": 25947237.02913, "PERPUSDT": 4402736.79864, "ETHFIUSDT": 70576138.00977, "WLDUSDT": 252683100.6109, "RENDERUSDT": 51249668.8534, "RDNTUSDT": 7967567.70413, "DEGENUSDT": 18723310.001037, "ALPACAUSDT": 4455974.86161, "UMAUSDT": 7148770.48, "RONINUSDT": 7782277.94333, "EGLDUSDT": 13557792.3956, "AGLDUSDT": 28186838.0249, "POLUSDT": 31733673.00083, "SAFEUSDT": 5446865.3409, "ALPHAUSDT": 6507770.37538, "FXSUSDT": 7260614.89913, "REZUSDT": 9174060.6442, "1000CHEEMSUSDT": 21934095.3031532, "ENJUSDT": 9500913.45793, "FILUSDT": 149539852.6963, "DOGSUSDT": 42856321.3714458, "WAXPUSDT": 4906930.30113, "GOATUSDT": 104975132.4547, "SPXUSDT": 35416229.4338, "FIOUSDT": 5150414.19341, "BNTUSDT": 2964252.23136, "ENAUSDT": 396784486.3067, "GTCUSDT": 7818546.5513,