{"API3USDT": 12017847.14118, "RAREUSDT": 14881800.53789, "MOCAUSDT": 152613929.023, "HFTUSDT": 3403623.93749, "WLDUSDT": 340274035.0453, "REEFUSDT": 20916348.978773, "1000BONKUSDT": 157423124.945883, "SANTOSUSDT": 11130336.1874, "AGLDUSDT": 16656748.7723, "PNUTUSDT": 556542221.32973, "AI16ZUSDT": 168732411.29498, "ARUSDT": 35350554.4987, "USUALUSDT": 353926864.6598, "OXTUSDT": 3912152.10541, "RIFUSDT": 4137709.28506, "LOKAUSDT": 3596458.7187, "LPTUSDT": 13729358.9905, "STMXUSDT": 9663827.7948, "AXLUSDT": 15777083.63419, "OMNIUSDT": 15072824.12948, "BALUSDT": 3938627.6242, "BNXUSDT": 14763343.43437, "CHILLGUYUSDT": 106503996.0804, "DOTUSDT": 113459665.9926, "1000000MOGUSDT": 24443530.4499, "1000SATSUSDT": 115304368.1357719, "ONGUSDT": 5661591.84436, "AUCTIONUSDT": 12700600.21914, "KNCUSDT": 4983284.2205, "DARUSDT": 9787744.80116, "ETHUSDT_250328": 11072396.466, "1000CHEEMSUSDT": 30581705.6860028, "EOSUSDT": 50918494.2217, "DEFIUSDT": 1257160.7549, "ARPAUSDT": 6739874.58119, "CAKEUSDT": 10335453.1446, "CHESSUSDT": 5652753.9565, "BAKEUSDT": 12101150.7354, "1000XECUSDT": 6339556.45606, "AEROUSDT": 10773006.27689, "ENSUSDT": 43416467.0464, "GRTUSDT": 25334423.46016, "BOMEUSDT": 124854145.460859, "LITUSDT": 7796757.9445, "GALAUSDT": 92492937.6407, "AMBUSDT": 5598303.865146, "APEUSDT": 106923772.879, "MAVIAUSDT": 6619774.36589, "WUSDT": 39073434.789247, "SLERFUSDT": 7935379.9903, "FXSUSDT": 5382615.31241, "GLMUSDT": 9546462.78952, "ACXUSDT": 31378367.3838, "UMAUSDT": 12024932.019, "VIDTUSDT": 12891227.11646, "AIXBTUSDT": 89865760.60687, "EDUUSDT": 7739867.4267, "HOTUSDT": 9479539.351885, "SNXUSDT": 13665730.7207, "FIOUSDT": 8821161.72654, "GRIFFAINUSDT": 42444696.1392, "FLMUSDT": 7716716.4214, "GHSTUSDT": 4003418.3387, "DASHUSDT": 4747114.97598, "COTIUSDT": 11873431.25332, "NTRNUSDT": 4246942.3211, "1INCHUSDT": 13203239.3438, "SPXUSDT": 29200663.5379, "ZILUSDT": 9527896.01236, "RSRUSDT": 12724555.278931, "ARKUSDT": 18654363.4896, "ACHUSDT": 9173830.485442, "DUSKUSDT": 6875217.32269, "1000WHYUSDT": 10526521.6145688, "ZECUSDT": 26008408.1053, "POLYXUSDT": 10857138.16935, "ARKMUSDT": 61201972.6563, "AEVOUSDT": 17509749.46121, "AERGOUSDT": 6005204.4355, "JUPUSDT": 50532861.9499, "BNBUSDT": 406893971.8769, "SANDUSDT": 34287757.5489, "ENAUSDT": 288252242.9304, "HIVEUSDT": 68621226.0084, "RDNTUSDT": 14936901.99617, "HIGHUSDT": 8971036.08026, "EGLDUSDT": 11136087.4713, "SWELLUSDT": 13369379.73914, "BANDUSDT": 5404741.51122, "SSVUSDT": 14198862.4004, "METISUSDT": 8337269.4952, "JTOUSDT": 43593806.5729, "CHZUSDT": 34227596.67869, "MORPHOUSDT": 75094940.17006, "BEAMXUSDT": 17442744.318731, "AVAXUSDT": 214506359.383, "SFPUSDT": 3648420.1815, "BLZUSDT": 6841141.65585, "DIAUSDT": 13281719.3586, "ACEUSDT": 10951511.623544, "1000PEPEUSDT": 1065911319.1737117, "BTCDOMUSDT": 5629339.0276, "MAGICUSDT": 8093365.20061, "BTCUSDT": 14795216327.4512, "OGNUSDT": 7010073.3514, "ACTUSDT": 265067226.18994, "CRVUSDT": 70520163.7829, "WOOUSDT": 12629344.74499, "CYBERUSDT": 8184028.7218, "FTMUSDT": 179797770.8863, "OPUSDT": 90397728.4608, "DYDXUSDT": 68443281.141, "JASMYUSDT": 36052642.945664, "KMNOUSDT": 6637908.64364, "BELUSDT": 7107387.7199, "KAIAUSDT": 15836106.8511, "ETHUSDT": 7163438364.52393, "USDCUSDT": 2321742.693465, "ICXUSDT": 4599783.7098, "ZETAUSDT": 25262552.5234, "ZEREBROUSDT": 44025176.3343, "KOMAUSDT": 24856219.14754, "TOKENUSDT": 9915860.46543, "SYNUSDT": 8973481.9933, "ORCAUSDT": 21233173.5944, "XVGUSDT": 4413378.7076185, "DYMUSDT": 18729330.79841, "UXLINKUSDT": 42418956.7016, "CELRUSDT": 6963406.12463, "LQTYUSDT": 8894199.93848, "MEUSDT": 117034039.9414, "LDOUSDT": 48428345.799, "ILVUSDT": 6361682.7898, "IOTXUSDT": 7490907.15154, "SOLUSDT": 2325656977.561, "MASKUSDT": 32368248.5767, "STXUSDT": 70863217.6612, "RONINUSDT": 6854615.25735, "LINAUSDT": 10850964.93313, "XTZUSDT": 9171822.5332, "NEIROETHUSDT": 83210115.58679, "VETUSDT": 13041783.225454, "TLMUSDT": 5991543.382832, "COWUSDT": 56175910.0108, "ICPUSDT": 31956543.566, "BANUSDT": 89618041.5037, "ORDIUSDT": 198043745.751, "NEARUSDT": 131823265.782, "FETUSDT": 136692007.4267, "STRKUSDT": 35141265.04279, "GASUSDT": 10338448.5634, "COOKIEUSDT": 23843751.2745, "VANAUSDT": 117548272.13224, "NEIROUSDT": 577005656.4430774, "NOTUSDT": 79406485.055942, "FLOWUSDT": 13460414.8762, "TRXUSDT": 72171410.92838, "INJUSDT": 77099995.961, "CTSIUSDT": 6302265.1319, "ALPACAUSDT": 8929924.06616, "LRCUSDT": 6529837.26898, "JOEUSDT": 4206079.20601, "MBOXUSDT": 7470055.8513, "MANTAUSDT": 18123477.00738, "PHAUSDT": 68024613.29051, "OMGUSDT": 3568639.56579, "WIFUSDT": 537985923.77094, "ATOMUSDT": 52778355.95454, "REIUSDT": 5068014.85995, "SYSUSDT": 4412553.9244, "SXPUSDT": 21493277.24269, "YGGUSDT": 16269564.8461, "BIOUSDT": 223173111.077, "BCHUSDT": 119693881.54819, "RLCUSDT": 5741545.79182, "BONDUSDT": 2982876.2471, "AKTUSDT": 7900240.413, "EIGENUSDT": 121426585.44903, "XEMUSDT": 1635163.145, "USTCUSDT": 12110024.366524, "TIAUSDT": 212746712.916, "VANRYUSDT": 12728510.32205, "VELODROMEUSDT": 32299275.77593, "BBUSDT": 22135563.1191, "BIGTIMEUSDT": 50445066.25259, "DOGEUSDT": 1535512026.80157, "SAGAUSDT": 73173721.18394, "PONKEUSDT": 16392801.26511, "THETAUSDT": 23520710.28228, "1000SHIBUSDT": 255337707.897311, "TRUUSDT": 9710291.15659, "MAVUSDT": 6502431.83889, "AIUSDT": 16365685.12378, "MOVEUSDT": 304719591.9937, "ASTRUSDT": 6793576.42291, "ZENUSDT": 8252286.451, "MANAUSDT": 21212493.8044, "QTUMUSDT": 5062116.7364, "REZUSDT": 14360449.98318, "AXSUSDT": 27762775.513, "CFXUSDT": 30277975.6905, "QNTUSDT": 6391247.701, "TUSDT": 4982372.8046, "SUIUSDT": 869483950.04095, "NFPUSDT": 9524452.66531, "PHBUSDT": 12522053.3842, "BSWUSDT": 3787326.45918, "PEOPLEUSDT": 108299390.17156, "YFIUSDT": 7475067.138, "XAIUSDT": 25883135.719, "GMTUSDT": 31074336.80079, "HMSTRUSDT": 44935581.950174, "LINKUSDT": 212432824.07415, "TNSRUSDT": 18063866.13702, "BTCUSDT_250328": 20973082.8575, "XMRUSDT": 13427034.87509, "BTCUSDT_250627": 8516918.1978, "XVSUSDT": 5068069.1863, "STGUSDT": 8114473.8155, "XRPUSDT": 455998971.34349, "PIXELUSDT": 21934935.37144, "MYROUSDT": 22291699.63801, "TONUSDT": 70702235.42885, "CELOUSDT": 27158146.7289, "ALCHUSDT": 44082827.23668, "1000CATUSDT": 40631821.97225, "VOXELUSDT": 4869085.4382, "ARBUSDT": 102535762.74676, "HIFIUSDT": 7545745.1503, "GRASSUSDT": 58395426.23052, "CETUSUSDT": 35947303.71766, "PENDLEUSDT": 51057508.8518, "FIDAUSDT": 19026034.1961, "LUNA2USDT": 16408778.2653, "BRETTUSDT": 17987366.98, "POWRUSDT": 7987286.4547, "TURBOUSDT": 131171538.5008794, "HBARUSDT": 29595925.57723, "HOOKUSDT": 8411403.22475, "LSKUSDT": 3649602.8071, "MEMEUSDT": 38648683.949608, "TAOUSDT": 126124633.36458, "GOATUSDT": 311121383.1165, "FARTCOINUSDT": 183501057.89619, "APTUSDT": 226751347.95676, "PYTHUSDT": 26463488.4036, "PERPUSDT": 5387897.29844, "DRIFTUSDT": 38022733.0362, "RENDERUSDT": 46304899.7473, "PORTALUSDT": 13278496.31614, "SCRTUSDT": 12508492.3468, "1000FLOKIUSDT": 114007379.84338, "RPLUSDT": 4240271.9854, "ONEUSDT": 9356342.96974, "BLURUSDT": 25783764.0715, "DODOXUSDT": 5140801.080585, "1000LUNCUSDT": 25478229.75911, "DEXEUSDT": 29515103.44699, "ZRXUSDT": 10439809.86543, "LISTAUSDT": 14515985.5182, "ORBSUSDT": 3420455.06075, "GUSDT": 5058027.58156, "MOODENGUSDT": 229134079.39, "DFUSDT": 29332886.57215, "ALPHAUSDT": 10572965.82191, "SUPERUSDT": 20026217.5878, "KSMUSDT": 8383249.4986, "LEVERUSDT": 6713535.1184876, "SUNUSDT": 16262947.577272, "ALGOUSDT": 18409699.96152, "IOUSDT": 55688847.78021, "OMUSDT": 44560274.298693, "ZKUSDT": 29513783.33584, "BNTUSDT": 2708364.99556, "RAYSOLUSDT": 13106266.3547, "AAVEUSDT": 147050375.984, "RVNUSDT": 6287929.72415, "NMRUSDT": 5360923.0933, "POLUSDT": 34276219.1407, "GMXUSDT": 7055821.48026, "ENJUSDT": 7478542.42647, "1000XUSDT": 17291726.81806, "CGPTUSDT": 27458405.83409, "CKBUSDT": 18399084.262747, "KDAUSDT": 6978709.8448, "PENGUUSDT": 288751471.422059, "ETHUSDT_250627": 5138178.10355, "IOSTUSDT": 5294749.291863, "UNIUSDT": 135139837.446, "TRBUSDT": 38498778.6468, "COMPUSDT": 10344118.1202,