{"AVAXUSDT": 167346552.018, "1000PEPEUSDT": 735522997.5985919, "HIPPOUSDT": 66141277.74032, "PORTALUSDT": 10845320.25934, "BALUSDT": 3266458.2748, "XTZUSDT": 6255228.9452, "BIGTIMEUSDT": 55128937.38312, "JOEUSDT": 3062739.6896, "BANUSDT": 136046658.9458, "XEMUSDT": 4483521.1258, "INJUSDT": 82393907.6376, "1000SHIBUSDT": 122293844.704451, "DOGSUSDT": 166863449.4404571, "CETUSUSDT": 42733444.54857, "LISTAUSDT": 18790296.8567, "ZECUSDT": 14238842.99885, "ONTUSDT": 4699973.26304, "1000RATSUSDT": 58210747.04639, "C98USDT": 5620754.9675, "HFTUSDT": 2240499.3428, "BOMEUSDT": 121056033.349687, "MINAUSDT": 11975302.4257, "YFIUSDT": 4898590.899, "EIGENUSDT": 121426585.44903, "EOSUSDT": 38063239.2865, "TRXUSDT": 54755986.54796, "DARUSDT": 12515896.76536, "ALGOUSDT": 10936414.97008, "ACEUSDT": 11130403.677618, "BAKEUSDT": 12626570.2774, "EGLDUSDT": 7519285.1636, "PONKEUSDT": 34380403.06172, "COTIUSDT": 10893429.30674, "ALICEUSDT": 8007554.4082, "ORBSUSDT": 4184121.87616, "1000XUSDT": 30894533.40892, "LOKAUSDT": 3320540.4513, "FIOUSDT": 9030621.67742, "UXLINKUSDT": 39522085.0864, "IOTXUSDT": 5199444.08682, "ACTUSDT": 342572732.61877, "AMBUSDT": 5499738.682195, "HIGHUSDT": 8933303.71749, "TONUSDT": 98655594.98329, "XAIUSDT": 21215528.1558, "BNTUSDT": 2112130.39875, "APTUSDT": 144684332.45163, "SLERFUSDT": 25696313.744, "BSVUSDT": 5476639.878, "ETHUSDT_250328": 7058980.89265, "USTCUSDT": 9191021.85007, "RENDERUSDT": 38812875.4558, "BTCUSDT": 13998969371.3328, "ARUSDT": 30936281.2696, "BANANAUSDT": 24427251.2882, "RSRUSDT": 11546356.018001, "PHBUSDT": 10400568.9687, "RUNEUSDT": 51883519.504, "1000WHYUSDT": 3764028.405406, "SCRUSDT": 44850405.2468, "TLMUSDT": 4884385.447577, "PEOPLEUSDT": 152947480.34467, "BATUSDT": 3431137.22857, "ARKUSDT": 9525400.077, "VIDTUSDT": 20465593.65161, "LPTUSDT": 10698223.2278, "BEAMXUSDT": 15105999.963188, "AERGOUSDT": 4821354.5604, "LOOMUSDT": 5108847.50722, "MANAUSDT": 13393020.9619, "TNSRUSDT": 14208632.64192, "SCRTUSDT": 18985121.806, "DEGENUSDT": 41963148.351284, "XRPUSDT": 295096493.03407, "ETHUSDT": 5659435689.68286, "XVGUSDT": 2762467.483826, "ARPAUSDT": 8444532.18482, "TWTUSDT": 3937748.5176, "SOLUSDT": 2140000215.356, "LITUSDT": 5097301.623, "IOSTUSDT": 3965035.249683, "SXPUSDT": 8000525.719, "NEOUSDT": 11785321.59067, "BTCUSDT_241227": 20269146.5138, "TRUUSDT": 8076945.62058, "NEIROUSDT": 800541669.8002131, "BCHUSDT": 76978674.18335, "OMUSDT": 23909790.273734, "ALPHAUSDT": 4006200.0567, "TROYUSDT": 82808560.936976, "GUSDT": 4703633.39267, "KAVAUSDT": 7279681.03581, "WUSDT": 19571033.63068, "LEVERUSDT": 7144790.2913133, "MKRUSDT": 36501414.435, "COMBOUSDT": 2588360.64639, "LDOUSDT": 30574425.3212, "SEIUSDT": 104245980.925, "IOUSDT": 62158624.2026, "1INCHUSDT": 11272949.4979, "WAXPUSDT": 2524308.89751, "ATOMUSDT": 45463099.57852, "NMRUSDT": 4542948.8285, "KSMUSDT": 5374340.0466, "AUCTIONUSDT": 9636331.39645, "CFXUSDT": 23526732.48697, "AEVOUSDT": 18837069.48052, "MOODENGUSDT": 479915089.96518, "DOTUSDT": 70318360.3023, "SUSHIUSDT": 12922340.7886, "NOTUSDT": 117118546.87545, "HIFIUSDT": 5906700.1116, "OPUSDT": 75537789.04123, "SPELLUSDT": 5128178.0821377, "NEIROETHUSDT": 167655464.20743, "BSWUSDT": 3521093.83575, "GASUSDT": 5943172.0541, "BTCDOMUSDT": 2491564.554, "ENJUSDT": 5370280.25756, "MANTAUSDT": 16314734.11123, "MAVUSDT": 5549685.19487, "DENTUSDT": 3348995.081037, "OMGUSDT": 3130774.56239, "1000CHEEMSUSDT": 11389424.626269, "VOXELUSDT": 6490121.4069, "HOTUSDT": 6536694.219739, "XVSUSDT": 3104444.7193, "CELOUSDT": 15283760.8628, "ALTUSDT": 22095302.1467, "IDUSDT": 6607991.15494, "COWUSDT": 56175910.0108, "ICPUSDT": 26788897.665, "LINKUSDT": 116364528.2673, "THETAUSDT": 16307943.40987, "AIUSDT": 14930783.99208, "MOVRUSDT": 4827208.88505, "BELUSDT": 7167910.6004, "TURBOUSDT": 83013836.8224553, "ORDIUSDT": 218010706.2391, "NKNUSDT": 3140635.70137, "REIUSDT": 4983503.80355, "DEFIUSDT": 982327.6004, "BANDUSDT": 4147167.14963, "UNIUSDT": 69864424.961, "PENDLEUSDT": 51487883.6852, "DRIFTUSDT": 58431948.4109, "GLMUSDT": 5104807.83244, "ZKUSDT": 26132491.83575, "DUSKUSDT": 6673994.64873, "FIDAUSDT": 24113499.1936, "MASKUSDT": 14814762.0974, "ACHUSDT": 6681530.456688, "JASMYUSDT": 31741808.032929, "QNTUSDT": 4854464.435, "FLMUSDT": 6258808.5565, "STEEMUSDT": 1678756.98023, "WOOUSDT": 8614986.95125, "AAVEUSDT": 123582195.173, "AKTUSDT": 22504779.7688, "IMXUSDT": 19740687.909, "SUIUSDT": 621853913.10763, "DYMUSDT": 18730925.8388, "MEWUSDT": 80030702.75306, "BNBUSDT": 322944993.5081, "ZRXUSDT": 5879853.94158, "POWRUSDT": 3714976.9583, "GMTUSDT": 23939342.75188, "ZETAUSDT": 24491425.6043, "NULSUSDT": 3999543.9962, "ETHUSDT_241227": 11241397.26677, "DYDXUSDT": 47471824.1287, "POPCATUSDT": 181828817.5685, "AXLUSDT": 10286731.54913, "FTMUSDT": 160578191.0832, "FLOWUSDT": 9212132.0651, "SNXUSDT": 9940551.937, "ONGUSDT": 3105861.97869, "RLCUSDT": 3483788.0842, "LSKUSDT": 2227102.7729, "BLZUSDT": 4936705.88911, "STGUSDT": 4923804.4191, "PERPUSDT": 3512822.95382, "GOATUSDT": 409365770.5073, "AXSUSDT": 16722864.673, "JUPUSDT": 35003340.1399, "ONDOUSDT": 49681996.28705, "1000XECUSDT": 3568022.81552, "XMRUSDT": 11978058.84109, "OXTUSDT": 2282375.85361, "GRTUSDT": 17659852.10582, "DOGEUSDT": 335764957.09684, "MEMEUSDT": 23047605.956849, "CHESSUSDT": 6501218.9191, "ICXUSDT": 3151690.807, "BBUSDT": 22770703.9379, "BTCUSDT_250328": 17281847.5285, "CATIUSDT": 97432402.6574, "SANTOSUSDT": 21625021.9042, "CELRUSDT": 3923027.67158, "ARBUSDT": 66394465.67023, "NEARUSDT": 117436010.995, "TIAUSDT": 185528444.3507, "CTSIUSDT": 4682171.6721, "SANDUSDT": 21903588.9582, "MAGICUSDT": 5459873.92922, "ILVUSDT": 4992516.8044, "RPLUSDT": 4930237.8714, "POLYXUSDT": 7115697.24203, "SWELLUSDT": 34613518.37553, "VANRYUSDT": 10190234.36433, "SAGAUSDT": 109212841.24536, "CRVUSDT": 67868698.441, "BONDUSDT": 5024726.55, "OGNUSDT": 4647971.5462, "PNUTUSDT": 1246797489.02594, "1MBABYDOGEUSDT": 99515725.4964988, "CAKEUSDT": 7795751.1443, "SKLUSDT": 3989130.81872, "BLURUSDT": 22989398.0717, "BRETTUSDT": 12953533.37288, "ALPACAUSDT": 11069662.44337, "ARKMUSDT": 39431106.1053, "MBOXUSDT": 7656027.2258, "1000CATUSDT": 64136284.45196, "TRBUSDT": 43774735.6914, "1000SATSUSDT": 167732319.0270534, "ZROUSDT": 51240543.1061, "PYTHUSDT": 15248174.953, "STXUSDT": 54492584.96, "ONEUSDT": 5486234.45275, "QTUMUSDT": 3661218.5188, "YGGUSDT": 16179200.1791, "GHSTUSDT": 4313188.202, "RIFUSDT": 3787267.14526, "ADAUSDT": 119489230.4191, "FXSUSDT": 3446260.84434, "CHZUSDT": 13843270.6493, "MTLUSDT": 4245924.5838, "MAVIAUSDT": 7736045.37749, "METISUSDT": 6155746.1291, "TUSDT": 4173401.06032, "DODOXUSDT": 3636876.40953, "GALAUSDT": 64475955.25738, "UNFIUSDT": 5548041.2278, "BNXUSDT": 24961180.39938, "USDCUSDT": 830595.386307, "RDNTUSDT": 17639868.99566, "SYNUSDT": 8930609.5916, "TAOUSDT": 98044543.05916, "UMAUSDT": 12258944.988, "QUICKUSDT": 3614250.21393, "COMPUSDT": 7981179.26009, "ETHFIUSDT": 44085025.24942, "HOOKUSDT": 6923408.89755, "CHRUSDT": 7899471.5473, "RONINUSDT": 4415417.79114, "LUNA2USDT": 9023081.2352, "SYSUSDT": 5681330.96752, "STORJUSDT": 12813175.1976, "ZENUSDT": 6502044.5115, "ATAUSDT": 4210910.5625, "1000BONKUSDT": 90311805.660653, "SFPUSDT": 3153058.4994, "BADGERUSDT": 2839741.4612, "GTCUSDT": 6455587.9195, "LRCUSDT": 4573580.05145, "API3USDT": 8513324.74028, "KASUSDT": 15324779.48865, "NFPUSDT": 7496558.76484, "BICOUSDT": 3380628.3024, "RAREUSDT": 29672208.59084, "APEUSDT": 43171898.9047, "POLUSDT": 31185821.3019, "RENUSDT": 4395173.78213, "COSUSDT": 3961669.636856, "NTRNUSDT": 3135760.5098, "STRKUSDT": 37505056.77323, "LINAUSDT": 9889528.99703, "GRASSUSDT": 95177743.76503, "ENSUSDT": 27882112.4222, "FILUSDT": 87489044.6109, "KEYUSDT": 6072333.99251, "RVNUSDT": 4053826.37068, "HBARUSDT": 14699016.42783, "MYROUSDT": 19611944.30477, "DIAUSDT": 29224091.1917, "ZILUSDT": 6079486.54556, "EDUUSDT": 7692685.4385, "CYBERUSDT": 7133024.5408, "STMXUSDT": 9663827.7948, "KDAUSDT": 5494972.1785, "DASHUSDT": 3647298.02878, "LTCUSDT": 89570366.06088, "ANKRUSDT": 4289562.211,