{"HEIUSDT": 9667121.23745, "NFPUSDT": 5724007.55691, "POLYXUSDT": 5624076.93062, "ALGOUSDT": 53602325.0778, "PIPPINUSDT": 18227555.57975, "VOXELUSDT": 3541812.8637, "BANUSDT": 23232054.6934, "ARPAUSDT": 4365145.82733, "MOODENGUSDT": 31121708.46707, "IPUSDT": 95835367.534808, "SONICUSDT": 13280026.92701, "SOLVUSDT": 46790196.0581, "KDAUSDT": 5198316.4413, "NEARUSDT": 105835921.829, "QUICKUSDT": 1918598.9391, "NOTUSDT": 38919713.128986, "ASTRUSDT": 4664497.300104, "GPSUSDT": 19839991.3587, "RVNUSDT": 3702177.61176, "ORDIUSDT": 97766289.7904, "COMPUSDT": 14030096.9446, "DEGENUSDT": 8222723.315292, "CFXUSDT": 17797650.02769, "CETUSUSDT": 12076709.41633, "ICXUSDT": 4244861.4594, "AAVEUSDT": 187978536.714, "ZENUSDT": 35697982.3063, "NULSUSDT": 2203972.9856, "VVVUSDT": 13788450.44316, "EDUUSDT": 4436335.4815, "DOTUSDT": 124784793.7054, "POWRUSDT": 4525134.7656, "BROCCOLIF3BUSDT": 21357680.635774, "MEWUSDT": 10222321.080282, "ZRXUSDT": 7444930.86578, "IOUSDT": 30682074.62091, "1MBABYDOGEUSDT": 28045434.9262117, "SCRUSDT": 9183501.0448, "STRKUSDT": 17998882.41306, "LINAUSDT": 6535444.01099, "VICUSDT": 6609917.1743, "SANDUSDT": 44652288.33246, "ALCHUSDT": 54982878.91686, "ONTUSDT": 6200693.17812, "ARKMUSDT": 37785028.9069, "OMUSDT": 54871141.047299, "ETHFIUSDT": 48677693.88664, "CRVUSDT": 106669822.1145, "NEIROETHUSDT": 15255427.40077, "LDOUSDT": 71249943.6412, "B3USDT": 12241901.57307, "NTRNUSDT": 2356444.1166, "CHZUSDT": 17400216.60464, "UMAUSDT": 5625757.268, "SNXUSDT": 13975509.6489, "IDUSDT": 8604960.71059, "ENSUSDT": 36794346.1847, "DEXEUSDT": 13148099.7397, "RDNTUSDT": 4966495.93411, "KNCUSDT": 3498937.0384, "WOOUSDT": 5382663.12265, "CHILLGUYUSDT": 28915007.6227, "HFTUSDT": 3610238.23415, "MOVRUSDT": 4174028.20843, "NEOUSDT": 15285342.72702, "OPUSDT": 80351581.90921, "C98USDT": 6741901.314, "LINKUSDT": 289949248.98508, "BANANAS31USDT": 32886048.971763, "PHBUSDT": 4612806.8402, "COTIUSDT": 9076663.57538, "ZROUSDT": 25870041.81924, "PHAUSDT": 6680504.20299, "ZILUSDT": 8149202.10843, "BNXUSDT": 6142596.44771, "BAKEUSDT": 10158461.9889, "APTUSDT": 105997707.90759, "DEFIUSDT": 1942882.4692, "GUNUSDT": 585714307.8762, "CATIUSDT": 9068670.9882, "1000XUSDT": 4472404.12009, "SXPUSDT": 8390540.43098, "ETHUSDT": 7161385120.35718, "SPELLUSDT": 10149236.3054181, "RSRUSDT": 18600010.788634, "FLUXUSDT": 2833150.7476, "KAIAUSDT": 4684323.2527, "AEROUSDT": 7006541.02441, "PYTHUSDT": 16023142.68131, "COOKIEUSDT": 24264564.7809, "AEVOUSDT": 10145629.38579, "STGUSDT": 6006901.8559, "ATOMUSDT": 52226548.11632, "KMNOUSDT": 3848533.6092, "POPCATUSDT": 84804179.2947, "COMBOUSDT": 2595871.59946, "AIUSDT": 12028471.00899, "CELOUSDT": 8255425.5273, "MANTAUSDT": 10901605.70388, "YFIUSDT": 7372432.492, "HOTUSDT": 5800930.528871, "1INCHUSDT": 8961749.4601, "MTLUSDT": 3492452.134, "ADAUSDT": 473562584.6293, "IOTAUSDT": 15568749.69674, "ENJUSDT": 7125165.86007, "PONKEUSDT": 5875373.85367, "VINEUSDT": 74095018.03869, "RIFUSDT": 3004467.26883, "DOGEUSDT": 1012300015.16083, "AVAXUSDT": 224626257.125, "WALUSDT": 86742340.4349, "RENDERUSDT": 36697240.6298, "TWTUSDT": 4543420.0064, "ARBUSDT": 73910738.36785, "RUNEUSDT": 48411077.346, "MINAUSDT": 7298546.2673, "GRIFFAINUSDT": 64240262.24888, "FUNUSDT": 23996476.630272, "BTCUSDT_250627": 18641168.1127, "THEUSDT": 28109517.16085, "KAVAUSDT": 11544722.77125, "MORPHOUSDT": 15646114.95778, "XVGUSDT": 7322453.2366152, "HMSTRUSDT": 13777125.075454, "XAIUSDT": 10344902.82724, "FIDAUSDT": 8058536.66228, "CELRUSDT": 4306839.56305, "GRTUSDT": 17866730.91888, "FETUSDT": 77561876.1179, "BRETTUSDT": 12806886.50417, "LPTUSDT": 11173336.9867, "NMRUSDT": 4549978.0326, "ARCUSDT": 149461101.4664, "AXLUSDT": 7125354.67146, "KSMUSDT": 6196593.0072, "1000000MOGUSDT": 10838818.77179, "CHRUSDT": 5806086.93, "ANKRUSDT": 4813953.71792, "GLMUSDT": 7894123.74503, "LUNA2USDT": 10165038.4162, "SYSUSDT": 2817390.10981, "USUALUSDT": 44679663.8594, "BTCUSDT": 14050947379.4366, "BLURUSDT": 11065112.33559, "ALPACAUSDT": 4116876.99819, "JUPUSDT": 51056646.8247, "1000WHYUSDT": 4437202.8014122, "DENTUSDT": 4132287.360156, "AKTUSDT": 3443121.7227, "1000PEPEUSDT": 751606470.8532506, "MBOXUSDT": 4724139.929, "GMTUSDT": 32481427.44234, "SAFEUSDT": 4335445.5847, "MANAUSDT": 18335788.7013, "SWELLUSDT": 4745656.32697, "SAGAUSDT": 19576779.49981, "BTCDOMUSDT": 7309498.0329, "STORJUSDT": 6374713.0252, "ACTUSDT": 71184987.223, "HIFIUSDT": 3423388.7722, "QNTUSDT": 8685715.935, "ALICEUSDT": 7209311.9702, "ALPHAUSDT": 4063699.9472, "AIXBTUSDT": 72572514.61458, "TIAUSDT": 101452532.092, "LQTYUSDT": 5493728.67198, "PENGUUSDT": 75931298.269702, "CHESSUSDT": 3569015.501, "AGLDUSDT": 19390281.8868, "WAXPUSDT": 2877834.63474, "ANIMEUSDT": 26143668.5275, "EOSUSDT": 62055031.875, "GASUSDT": 5085011.4581, "UXLINKUSDT": 24231322.2401, "ARKUSDT": 5316961.9098, "SFPUSDT": 3009101.7967, "STEEMUSDT": 4677522.80069, "SUIUSDT": 628598685.11342, "ZETAUSDT": 5653841.0896, "ROSEUSDT": 8303174.5139, "NILUSDT": 98262044.2513, "STXUSDT": 22953649.4638, "WIFUSDT": 295310135.14184, "TRUUSDT": 5773393.4204, "TNSRUSDT": 9540713.75937, "TONUSDT": 49387274.12737, "BRUSDT": 16049566.3998, "BTCUSDT_250926": 1664654.9403, "VANAUSDT": 40503770.86873, "ONDOUSDT": 147594624.80845, "OMNIUSDT": 8333537.32345, "BATUSDT": 6835985.79947, "CAKEUSDT": 20957094.9677, "SHELLUSDT": 30648794.1046, "VELODROMEUSDT": 4977211.06565, "ALTUSDT": 10131302.03527, "KOMAUSDT": 7457533.41735, "SUSHIUSDT": 18371723.4945, "SKLUSDT": 6193183.2589, "RAREUSDT": 5715068.45889, "MASKUSDT": 15407709.0793, "TRUMPUSDT": 562741112.95592, "TOKENUSDT": 3498538.17809, "BBUSDT": 10552708.67108, "AXSUSDT": 15020050.779, "XMRUSDT": 16618321.01691, "MUBARAKUSDT": 279638522.0185, "AUCTIONUSDT": 16927211.7188, "MELANIAUSDT": 37853262.12031, "QTUMUSDT": 7876899.715, "TRXUSDT": 110541533.58142, "HIVEUSDT": 14709057.24268, "XTZUSDT": 10786553.534, "GALAUSDT": 77318900.06112, "IOSTUSDT": 5294749.291863, "1000SATSUSDT": 50405366.2032631, "TROYUSDT": 8190623.674148, "POLUSDT": 23794179.63946, "PAXGUSDT": 11978962.8344, "PEOPLEUSDT": 35578932.81406, "ZEREBROUSDT": 37252544.5126, "GUSDT": 3720927.52394, "IMXUSDT": 12448219.1357, "MAVIAUSDT": 21950944.983, "XRPUSDT": 1803767578.14167, "DOGSUSDT": 34542344.0431493, "WLDUSDT": 174528717.3179, "AVAAIUSDT": 29221423.1529, "IOTXUSDT": 5749242.55471, "MAVUSDT": 4000681.13654, "MOCAUSDT": 11614736.6995, "ACEUSDT": 4205434.077202, "XVSUSDT": 5407606.9131, "BALUSDT": 2796234.6911, "1000LUNCUSDT": 11570334.32396, "PARTIUSDT": 130620944.5545, "OGNUSDT": 4264247.0044, "BSWUSDT": 3310472.89722, "FORMUSDT": 45555056.47673, "RPLUSDT": 3620785.1979, "WUSDT": 16985749.655687, "HOOKUSDT": 3958500.25969, "AVAUSDT": 6447081.65727, "FXSUSDT": 5438118.58344, "FARTCOINUSDT": 277319646.45495, "1000SHIBUSDT": 119548207.125324, "JTOUSDT": 31970721.2952, "JELLYJELLYUSDT": 35684385.80964, "DEGOUSDT": 3404962.08705, "ARUSDT": 24957869.366, "YGGUSDT": 5871049.3739, "UNIUSDT": 81765011.682, "SWARMSUSDT": 80566953.0407, "GOATUSDT": 42347548.4544, "BCHUSDT": 89248418.95661, "MLNUSDT": 138432136.1372, "LTCUSDT": 268108479.634, "SYNUSDT": 3841791.9604, "COWUSDT": 20068251.8341, "BIOUSDT": 24728457.5786, "INJUSDT": 65226014.0744, "EGLDUSDT": 9801563.3883, "ACXUSDT": 5514586.68488, "ZKUSDT": 16048216.48773, "ATAUSDT": 5499477.6137, "CGPTUSDT": 13008643.97834, "BEAMXUSDT": 11659349.269945, "DASHUSDT": 5462039.16772, "BOMEUSDT": 46442192.788506, "TUSDT": 3266192.74787, "VIDTUSDT": 5892812.75036, "1000CATUSDT": 18781614.55928, "PENDLEUSDT": 34217725.0723, "LOKAUSDT": 2219376.8845, "BSVUSDT": 3638738.619, "APEUSDT": 46266899.1573, "GMXUSDT": 5689734.83069, "RONINUSDT": 4222138.203, "TUTUSDT": 51681947.90543, "AI16ZUSDT": 114013054.86757, "SANTOSUSDT": 3785610.5215, "KASUSDT": 16252711.39786, "TRBUSDT": 25297301.8459, "REZUSDT": 9073713.56312, "1000RATSUSDT": 15631048.94173, "AERGOUSDT": 6477078.4413, "HIPPOUSDT": 5287832.54917, "1000CHEEMSUSDT": 20504636.2576729, "GRASSUSDT": 21851313.1729, "VETUSDT": 28262860.236161, "JASMYUSDT": 23606565.183847,