{"COMPUSDT": 7981179.26009, "AUCTIONUSDT": 9380781.93208, "CATIUSDT": 79227103.5003, "LEVERUSDT": 6093789.9782447, "ZKUSDT": 26519524.08921, "TWTUSDT": 3582599.0012, "1MBABYDOGEUSDT": 117235316.0644013, "PEOPLEUSDT": 140240904.90337, "SYSUSDT": 5664992.2547, "CTSIUSDT": 4373262.3641, "DYDXUSDT": 40821754.9029, "RAREUSDT": 36955315.5509, "MAGICUSDT": 5246923.81234, "SKLUSDT": 3989130.81872, "SWELLUSDT": 28331488.36621, "1000XECUSDT": 3402509.11814, "BEAMXUSDT": 14117430.621181, "LQTYUSDT": 7109673.56699, "HMSTRUSDT": 55806441.013063, "API3USDT": 7937283.24225, "GRTUSDT": 17256659.01485, "SANTOSUSDT": 61133741.1502, "HOTUSDT": 5214123.054805, "NEARUSDT": 109029064.154, "RVNUSDT": 3843549.48072, "ENAUSDT": 128132843.7705, "NKNUSDT": 3031671.82793, "DENTUSDT": 3162362.411607, "USTCUSDT": 7008199.66719, "AXSUSDT": 16222787.3, "MASKUSDT": 12991005.6139, "METISUSDT": 5124163.3515, "TAOUSDT": 64961787.14896, "CHZUSDT": 12678114.54754, "BTCUSDT_241227": 18291492.9377, "ZETAUSDT": 23603835.8239, "WOOUSDT": 6822924.94549, "FLUXUSDT": 4725623.4389, "THETAUSDT": 15839861.20538, "TIAUSDT": 171882999.7555, "KDAUSDT": 4817171.3748, "IDUSDT": 5577452.83509, "DOGSUSDT": 159000055.8046442, "CETUSUSDT": 142289351.29376, "KSMUSDT": 4985803.7897, "RDNTUSDT": 13094844.95387, "LPTUSDT": 10051273.1702, "POLYXUSDT": 7073255.62021, "UXLINKUSDT": 42418956.7016, "ICPUSDT": 25242987.949, "ZENUSDT": 6502044.5115, "GRASSUSDT": 57359886.97912, "YFIUSDT": 4868658.035, "PYTHUSDT": 13874441.6898, "TLMUSDT": 4195123.876398, "APTUSDT": 102835422.02614, "UMAUSDT": 11898060.348, "NEIROUSDT": 833968010.9464473, "ALTUSDT": 22095302.1467, "JOEUSDT": 2804268.1254, "BBUSDT": 24480566.796, "1000BONKUSDT": 77197155.868586, "MANTAUSDT": 16122150.00341, "ALPHAUSDT": 3712033.95094, "AVAXUSDT": 156771879.806, "DRIFTUSDT": 350476978.2263, "C98USDT": 5174449.7372, "TOKENUSDT": 8807915.34497, "POWRUSDT": 3520411.7726, "STRKUSDT": 35141265.04279, "SPELLUSDT": 4620878.0487569, "ATOMUSDT": 43979482.129, "ROSEUSDT": 11251493.41429, "DOTUSDT": 67785968.9232, "BNXUSDT": 26930582.6483, "POLUSDT": 27978552.6839, "RSRUSDT": 10377475.614248, "DODOXUSDT": 2650863.438059, "SANDUSDT": 21189777.1586, "SFPUSDT": 3378957.1698, "CKBUSDT": 14044109.868853, "REEFUSDT": 49649942.581508, "LUNA2USDT": 8264482.6252, "NOTUSDT": 121410196.90591, "FLMUSDT": 6057436.4203, "ENJUSDT": 5217220.17297, "VOXELUSDT": 5826831.8297, "ADAUSDT": 110582343.8458, "RENUSDT": 4040834.42815, "HIFIUSDT": 5514044.4623, "LOKAUSDT": 2647391.8354, "PORTALUSDT": 9831365.71189, "XTZUSDT": 5979221.3858, "SOLUSDT": 2107370703.744, "GOATUSDT": 392960156.473, "SUIUSDT": 417803315.34257, "MTLUSDT": 4064844.7949, "LOOMUSDT": 5094730.71991, "RPLUSDT": 3545383.8782, "BELUSDT": 5507868.9245, "JUPUSDT": 34242799.2355, "ZECUSDT": 14238842.99885, "BADGERUSDT": 2720403.995, "BSWUSDT": 2847347.80879, "TRUUSDT": 7330163.96694, "ARKMUSDT": 32031572.2677, "MINAUSDT": 11117462.0077, "BLURUSDT": 22349202.7529, "ONDOUSDT": 49681996.28705, "ARPAUSDT": 5571761.89954, "OGNUSDT": 3961465.8666, "CRVUSDT": 69824914.2904, "FIDAUSDT": 20821753.0511, "ZILUSDT": 5565189.449, "XVGUSDT": 2670528.6426414, "TURBOUSDT": 64239743.203197, "JASMYUSDT": 31792570.241067, "PIXELUSDT": 19611350.742, "PHBUSDT": 7885432.6409, "ILVUSDT": 4674833.556, "HIGHUSDT": 8933303.71749, "RLCUSDT": 3112584.36735, "ALICEUSDT": 7580736.4473, "ETCUSDT": 42681853.86941, "BANANAUSDT": 21923075.4779, "NTRNUSDT": 2982286.6849, "AMBUSDT": 5625853.092964, "1000RATSUSDT": 57599481.14276, "BTCUSDT": 13447232675.7519, "1000FLOKIUSDT": 94374592.04738, "GALAUSDT": 61622217.34481, "SYNUSDT": 8945542.9705, "EDUUSDT": 7299261.9476, "MAVIAUSDT": 7558275.88155, "1000PEPEUSDT": 702100335.0387862, "1000SATSUSDT": 181448308.0786133, "BTCDOMUSDT": 2340369.0826, "DOGEUSDT": 305944574.54456, "BSVUSDT": 5272129.185, "SSVUSDT": 10810412.69585, "GUSDT": 4261952.80791, "LINKUSDT": 110613901.93349, "SUNUSDT": 29932605.422699, "AIUSDT": 14966313.64489, "ASTRUSDT": 5921666.82835, "TUSDT": 4055324.19458, "EGLDUSDT": 7336249.2298, "ETHFIUSDT": 43995536.46896, "SNXUSDT": 9724230.1666, "XMRUSDT": 10607464.91347, "COMBOUSDT": 2588360.64639, "ARBUSDT": 64358112.43689, "HFTUSDT": 2152412.31366, "MKRUSDT": 34223508.1207, "ONTUSDT": 4574458.98134, "OXTUSDT": 2026422.72899, "GMTUSDT": 22255675.12431, "ARKUSDT": 4825208.0624, "ETHUSDT_241227": 10429194.93669, "ETHWUSDT": 2370460.2778, "LSKUSDT": 2227102.7729, "XEMUSDT": 4483521.1258, "CHRUSDT": 7256081.517, "IOTAUSDT": 5306643.25704, "KEYUSDT": 5090150.7133316, "LITUSDT": 5044577.0718, "OPUSDT": 73631355.97406, "AEVOUSDT": 19011565.76194, "BLZUSDT": 4770315.22237, "CFXUSDT": 22334895.85748, "UNIUSDT": 59566588.501, "1INCHUSDT": 9780042.7422, "VETUSDT": 9044628.603275, "ONGUSDT": 3040708.53553, "RENDERUSDT": 34437963.4371, "XRPUSDT": 287185085.21189, "SUSHIUSDT": 12091220.179, "BRETTUSDT": 11823707.57256, "ACEUSDT": 11445789.784981, "BICOUSDT": 3275568.0043, "ORBSUSDT": 4275030.949441, "KNCUSDT": 3427194.1287, "NMRUSDT": 3878916.073, "EIGENUSDT": 129540058.3758, "LTCUSDT": 87833730.20333, "HOOKUSDT": 6921736.06243, "WIFUSDT": 511350518.03662, "DIAUSDT": 38040010.8239, "TNSRUSDT": 14208632.64192, "1000LUNCUSDT": 19504356.1981, "TROYUSDT": 52316361.236472, "OMGUSDT": 3058971.36536, "MBOXUSDT": 7074759.3952, "HBARUSDT": 13765520.02523, "GMXUSDT": 5320310.03659, "SCRUSDT": 40953579.013, "VIDTUSDT": 26810046.45614, "BATUSDT": 3378595.60859, "KAVAUSDT": 6425301.41645, "PENDLEUSDT": 48608817.1974, "SAFEUSDT": 37773209.6284, "PERPUSDT": 3320997.04415, "1000000MOGUSDT": 62969208.46047, "MAVUSDT": 5247375.47063, "REZUSDT": 20245222.6212, "STMXUSDT": 9820076.91936, "WLDUSDT": 235608957.2822, "GHSTUSDT": 3425626.026, "MYROUSDT": 16231548.51102, "BALUSDT": 3135968.6104, "POPCATUSDT": 151290278.4585, "ETHUSDT": 5530067659.02683, "ENSUSDT": 27465954.8787, "OMUSDT": 23332480.234668, "QUICKUSDT": 3191710.66353, "RONINUSDT": 4019812.0293, "XLMUSDT": 15972229.33597, "1000CATUSDT": 64650695.406, "EOSUSDT": 36769256.1474, "OMNIUSDT": 12118048.77906, "XAIUSDT": 20905485.094, "ONEUSDT": 5153578.77359, "BIGTIMEUSDT": 28624376.12833, "AGLDUSDT": 3701741.924, "CHESSUSDT": 5643476.3344, "TRBUSDT": 43774735.6914, "COTIUSDT": 9401322.36639, "SEIUSDT": 72671616.622, "MEMEUSDT": 20363142.678209, "VANRYUSDT": 9513917.9225, "BAKEUSDT": 13070559.5301, "FLOWUSDT": 8710453.652, "ICXUSDT": 3035226.7969, "LDOUSDT": 30460334.5692, "BNBUSDT": 303360703.096, "BCHUSDT": 78321790.31545, "QNTUSDT": 4653343.541, "REIUSDT": 3973352.41744, "1000SHIBUSDT": 114469623.826398, "APEUSDT": 33829745.6394, "BONDUSDT": 5677078.7486, "BTCUSDT_250328": 14601895.2129, "LINAUSDT": 10007134.30952, "IOSTUSDT": 3664710.2533, "COWUSDT": 244211994.8634, "ZROUSDT": 56784539.2154, "NFPUSDT": 7496558.76484, "JTOUSDT": 35565235.1656, "ANKRUSDT": 4107936.36582, "DARUSDT": 10722451.56631, "KLAYUSDT": 4114464.41868, "FTMUSDT": 144438922.5629, "ALGOUSDT": 9972502.71164, "RIFUSDT": 3842923.89127, "DUSKUSDT": 5824578.58661, "ORDIUSDT": 212440046.6804, "FIOUSDT": 8345652.14721, "WAXPUSDT": 2499539.26978, "LRCUSDT": 4285691.74883, "PONKEUSDT": 37406614.8304, "MEWUSDT": 84351950.083057, "SXPUSDT": 5847867.29627, "IMXUSDT": 16728290.6108, "GLMUSDT": 5088871.10031, "DASHUSDT": 3647298.02878, "STGUSDT": 4723797.5523, "ATAUSDT": 3986631.6155, "MANAUSDT": 13248584.4882, "INJUSDT": 80705063.3531, "CELRUSDT": 3781269.41375, "TRXUSDT": 54056503.03839, "AAVEUSDT": 106850778.398, "ETHUSDT_250328": 6533908.20712, "NULSUSDT": 3731213.3523, "BNTUSDT": 2112130.39875, "ACHUSDT": 5742874.281713, "LISTAUSDT": 19529144.2621, "SUPERUSDT": 21470745.9277, "GASUSDT": 5798970.4841, "WUSDT": 16973607.19808, "IOTXUSDT": 4747265.97199, "BOMEUSDT": 115273983.975852, "AXLUSDT": 7536992.3769, "FILUSDT": 84356891.3427, "SAGAUSDT": 115041827.33336, "NEOUSDT": 11570288.04901, "XVSUSDT": 2981179.4699, "QTUMUSDT": 3589992.5066, "AERGOUSDT": 3892991.0037, "ARUSDT": 29907197.7616, "RUNEUSDT": 48062886.891, "IOUSDT": 62513548.4875, "MOODENGUSDT": 410721358.57861, "BANDUSDT": 4095102.49224,