{"THEUSDT": 237781019.12793, "WUSDT": 29907285.00342, "IMXUSDT": 20529269.6758, "DOTUSDT": 72479272.4468, "DUSKUSDT": 6688119.16116, "JTOUSDT": 37514560.4741, "XAIUSDT": 22210054.661, "DOGEUSDT": 393331718.70133, "WLDUSDT": 290722456.0669, "QUICKUSDT": 4803720.67698, "CTSIUSDT": 5182283.9203, "KSMUSDT": 5664335.4046, "THETAUSDT": 16328037.92781, "1INCHUSDT": 12228475.9787, "REEFUSDT": 42390842.624474, "1000000MOGUSDT": 33786769.49747, "APEUSDT": 54982160.0282, "CELOUSDT": 24901299.9079, "LDOUSDT": 30584975.6082, "ANKRUSDT": 4371177.23932, "MAGICUSDT": 6007477.11405, "FLOWUSDT": 9508704.4933, "SEIUSDT": 111329047.844, "TNSRUSDT": 15484234.17741, "OMGUSDT": 3568639.56579, "PIXELUSDT": 22135021.4307, "OXTUSDT": 2475910.70733, "ONDOUSDT": 50682340.12706, "STGUSDT": 5172476.6323, "LQTYUSDT": 8400637.43708, "JOEUSDT": 3101562.4827, "IDUSDT": 7386770.03716, "ALTUSDT": 23829447.85409, "BSVUSDT": 6577613.72, "MOODENGUSDT": 400933287.05522, "ENJUSDT": 5569935.49436, "CETUSUSDT": 41398153.49946, "FLMUSDT": 6351209.9305, "AGLDUSDT": 4732422.9171, "BCHUSDT": 79313431.95938, "BTCDOMUSDT": 2751877.9026, "SYSUSDT": 5681330.96752, "BADGERUSDT": 3000428.0417, "AAVEUSDT": 126662505.156, "STXUSDT": 59443453.0072, "LPTUSDT": 10698223.2278, "BANUSDT": 119597678.8696, "HOOKUSDT": 6923408.89755, "COTIUSDT": 13055254.69466, "KAVAUSDT": 8857843.91561, "WAXPUSDT": 2614599.09047, "ETHUSDT_250328": 8259439.38933, "SPELLUSDT": 5221479.8791844, "AMBUSDT": 5570503.446766, "ORCAUSDT": 96304486.4304, "DASHUSDT": 3653219.60431, "GUSDT": 4800598.46261, "ZRXUSDT": 5948381.74411, "PNUTUSDT": 1090722066.93091, "OGNUSDT": 5431360.8975, "COMPUSDT": 8482875.81005, "BEAMXUSDT": 15743777.214087, "TUSDT": 4173401.06032, "RLCUSDT": 3607747.21716, "STMXUSDT": 9663827.7948, "AXLUSDT": 13223630.24019, "DARUSDT": 12515896.76536, "LUNA2USDT": 11153354.2164, "CFXUSDT": 26455716.11242, "ADAUSDT": 120874400.2442, "ORDIUSDT": 226175220.855, "SOLUSDT": 2161046261.375, "MORPHOUSDT": 75094940.17006, "BRETTUSDT": 13396037.7029, "LISTAUSDT": 18066532.1476, "1000RATSUSDT": 58553753.27284, "MYROUSDT": 21883728.11947, "DEFIUSDT": 992665.2378, "ALGOUSDT": 11151473.20337, "ONTUSDT": 4800732.75644, "BANANAUSDT": 21923075.4779, "MOVRUSDT": 5014551.7512, "ACEUSDT": 11130403.677618, "POLUSDT": 32010644.0548, "ATAUSDT": 4302439.491, "UNIUSDT": 71872027.458, "IOTXUSDT": 5426430.8804, "RUNEUSDT": 57305080.919, "WIFUSDT": 559742692.81622, "VANRYUSDT": 10579061.37005, "REIUSDT": 6075547.37201, "MAVUSDT": 5690327.53903, "AERGOUSDT": 5157053.8746, "ORBSUSDT": 4769872.69954, "RENUSDT": 4162135.49581, "TRBUSDT": 45714363.8576, "TLMUSDT": 4949788.836569, "TAOUSDT": 117012661.56131, "1000PEPEUSDT": 795558869.6062922, "RSRUSDT": 11841579.75151, "IOTAUSDT": 5946718.24566, "ETHWUSDT": 5857810.9191, "STORJUSDT": 13265418.104, "POLYXUSDT": 7147425.22206, "SSVUSDT": 11401715.18365, "LOOMUSDT": 5629722.22674, "PENDLEUSDT": 52767088.3505, "CKBUSDT": 20176187.362816, "CHRUSDT": 8107467.5575, "PORTALUSDT": 11022927.9655, "IOUSDT": 62413093.4345, "NEARUSDT": 123006511.35, "GRTUSDT": 19560134.20904, "MANAUSDT": 14236600.2384, "NMRUSDT": 4647389.6788, "UMAUSDT": 13266469.274, "NEIROETHUSDT": 151269454.58846, "BONDUSDT": 5422196.2117, "1000WHYUSDT": 13173466.9916175, "DRIFTUSDT": 50418913.0216, "APTUSDT": 179798904.62251, "VETUSDT": 10244153.020511, "1000XECUSDT": 3598351.55124, "TURBOUSDT": 116719867.6750425, "KASUSDT": 16347917.21574, "GMXUSDT": 6053315.98631, "HIFIUSDT": 6005029.1988, "ZETAUSDT": 29094415.4962, "ZECUSDT": 14238842.99885, "TRXUSDT": 56783389.6267, "XLMUSDT": 16140907.62148, "QNTUSDT": 5395987.642, "XEMUSDT": 4483521.1258, "BAKEUSDT": 12626570.2774, "1000XUSDT": 25977567.32888, "1000SATSUSDT": 160255087.7708457, "METISUSDT": 6357776.9343, "DEGENUSDT": 41410525.476496, "GRASSUSDT": 85229186.89472, "NOTUSDT": 115966794.027048, "1000FLOKIUSDT": 106553058.11367, "MAVIAUSDT": 8387651.26751, "CATIUSDT": 79755592.4962, "SYNUSDT": 8973481.9933, "BTCUSDT_250328": 17657839.1784, "NFPUSDT": 7575430.77547, "CRVUSDT": 68405620.0859, "DENTUSDT": 3348995.081037, "TWTUSDT": 5452351.588, "CHESSUSDT": 6831912.7968, "C98USDT": 5792495.4292, "COWUSDT": 44337435.7071, "OMUSDT": 27717809.320979, "BIGTIMEUSDT": 74009398.42037, "CELRUSDT": 3953754.50474, "AEVOUSDT": 19011565.76194, "DYMUSDT": 19820162.84787, "SCRUSDT": 46647998.7608, "ATOMUSDT": 46990817.17811, "CHILLGUYUSDT": 96953562.5647, "POWRUSDT": 3861265.2702, "JASMYUSDT": 31792570.241067, "JUPUSDT": 41652822.4926, "SANDUSDT": 23270243.0197, "STRKUSDT": 41294555.94619, "SKLUSDT": 4132095.35068, "EIGENUSDT": 129540058.3758, "SNXUSDT": 10598728.4206, "MKRUSDT": 38531476.374, "ZROUSDT": 51339832.49496, "IOSTUSDT": 4083271.045592, "KEYUSDT": 5867723.4572944, "SFPUSDT": 3378957.1698, "LOKAUSDT": 3729146.7736, "NTRNUSDT": 3336496.63, "BNXUSDT": 23143014.70201, "BANDUSDT": 4174642.86223, "BALUSDT": 3480398.3678, "HMSTRUSDT": 61263162.218704, "SWELLUSDT": 30730147.19461, "LINKUSDT": 121210176.74963, "EGLDUSDT": 7899223.6092, "MASKUSDT": 17370560.2165, "TOKENUSDT": 9191514.44576, "PEOPLEUSDT": 147896445.76975, "GOATUSDT": 383088660.2219, "QTUMUSDT": 3729455.939, "ACXUSDT": 190008859.16298, "HIGHUSDT": 8955984.33684, "LINAUSDT": 10007134.30952, "NEOUSDT": 12133844.97096, "GALAUSDT": 65821917.53177, "RVNUSDT": 4336878.89836, "POPCATUSDT": 192189177.2934, "SUSHIUSDT": 13896904.0574, "CYBERUSDT": 7614205.7319, "ACTUSDT": 356053961.54053, "ARPAUSDT": 8640925.08463, "BICOUSDT": 3506604.9295, "SCRTUSDT": 30185120.0135, "ENSUSDT": 27882112.4222, "ENAUSDT": 157035388.6673, "ALPHAUSDT": 4006200.0567, "COSUSDT": 4954181.052292, "VOXELUSDT": 6490121.4069, "BNBUSDT": 325043505.3828, "DOGSUSDT": 161669449.3769017, "GMTUSDT": 25977917.71617, "SUIUSDT": 701429071.16298, "MEMEUSDT": 27386814.417849, "ETHUSDT_241227": 11319911.49953, "LRCUSDT": 4821852.44831, "1MBABYDOGEUSDT": 88156731.0058944, "ZKUSDT": 27407750.8549, "FILUSDT": 87785080.4806, "STEEMUSDT": 1700878.08902, "OMNIUSDT": 13576891.85425, "HIPPOUSDT": 61333901.98509, "AXSUSDT": 17466655.767, "BLURUSDT": 26248340.5174, "XVSUSDT": 3130081.0161, "1000LUNCUSDT": 21085775.46667, "ETHFIUSDT": 44398259.8665, "RONINUSDT": 4764690.09838, "OPUSDT": 77435034.78002, "CAKEUSDT": 7902096.3365, "HBARUSDT": 15202142.77446, "PERPUSDT": 3706269.81982, "ETHUSDT": 6057108558.06383, "PONKEUSDT": 30189708.60299, "LITUSDT": 5377918.5073, "INJUSDT": 86213203.4901, "FIOUSDT": 9963621.99169, "GTCUSDT": 6541915.1787, "ILVUSDT": 5249628.7877, "RIFUSDT": 3787267.14526, "ONGUSDT": 3312503.25127, "SUPERUSDT": 24082644.17, "BTCUSDT": 14447838961.2182, "XTZUSDT": 6460777.5311, "ZILUSDT": 6342363.9575, "LSKUSDT": 2275135.1915, "GASUSDT": 6756046.5305, "GHSTUSDT": 5012131.45, "XVGUSDT": 2924009.2200162, "ASTRUSDT": 6378894.856518, "ROSEUSDT": 13130960.8544, "TRUUSDT": 8457017.68408, "TROYUSDT": 50219435.984757, "RAREUSDT": 26951517.31308, "BLZUSDT": 5288484.33306, "ACHUSDT": 7064748.481218, "NULSUSDT": 4352098.9347, "XMRUSDT": 12016168.15275, "BBUSDT": 22770703.9379, "AEROUSDT": 19228938.40286, "ARBUSDT": 71716824.77546, "EDUUSDT": 7715724.8436, "NEIROUSDT": 769676937.1288457, "RPLUSDT": 5394403.8871, "MANTAUSDT": 17571969.35697, "AUCTIONUSDT": 9636331.39645, "1000CHEEMSUSDT": 14944782.3873711, "ARKUSDT": 18811304.6091, "NKNUSDT": 3229800.74501, "SXPUSDT": 12943899.8003, "ONEUSDT": 5754343.94635, "WOOUSDT": 10197963.70438, "TONUSDT": 98655594.98329, "ALPACAUSDT": 11069662.44337, "CHZUSDT": 21733387.66021, "GLMUSDT": 5113746.48653, "FETUSDT": 153072505.338, "USDCUSDT": 918294.840811, "SAGAUSDT": 117543890.3514, "YFIUSDT": 5155840.357, "MBOXUSDT": 7783434.4746, "FTMUSDT": 179797770.8863, "SANTOSUSDT": 17734204.2194, "VIDTUSDT": 18433898.8245, "BSWUSDT": 3843618.85468, "API3USDT": 9499658.46489, "1000SHIBUSDT": 166829066.568375, "ICPUSDT": 28141581.756, "DODOXUSDT": 3912346.708326, "EOSUSDT": 38063239.2865, "1000CATUSDT": 44968500.57869, "MEWUSDT": 78896179.207292, "BOMEUSDT": 123763262.669093, "COMBOUSDT": 2639108.97934, "RENDERUSDT": 40626676.609, "BATUSDT": 3431137.22857,