{"TOKENUSDT": 6700470.73326, "CETUSUSDT": 17446364.56935, "ACEUSDT": 6467179.380518, "CKBUSDT": 9489760.486853, "ZRXUSDT": 12106000.7937, "ROSEUSDT": 11808217.90883, "SANTOSUSDT": 4247121.6495, "IOSTUSDT": 6142561.891737, "PORTALUSDT": 8962672.75301, "LISTAUSDT": 11020150.7363, "EOSUSDT": 75241072.059, "AUCTIONUSDT": 16001996.87402, "ACHUSDT": 11832422.260236, "BTCUSDT_250627": 16272507.7069, "XVGUSDT": 12416375.9226234, "APEUSDT": 61444996.2136, "LRCUSDT": 7114521.79807, "1000LUNCUSDT": 18647244.98607, "COWUSDT": 35062312.3171, "SYSUSDT": 3008213.68065, "ALICEUSDT": 8647534.2865, "CHZUSDT": 25037423.07758, "IMXUSDT": 15578310.3948, "WUSDT": 23297894.480544, "SCRTUSDT": 4052914.0284, "MINAUSDT": 10135296.4114, "BANANAUSDT": 11860822.9884, "ZEREBROUSDT": 43268901.5461, "EGLDUSDT": 13487610.1849, "HBARUSDT": 213853455.02119, "MKRUSDT": 37654284.1641, "ZILUSDT": 11241001.83979, "AAVEUSDT": 233573877.138, "GRASSUSDT": 27631036.36447, "FARTCOINUSDT": 265906834.21427, "DOGEUSDT": 1405681755.03605, "SUSDT": 45705697.4669, "TRXUSDT": 128692762.80398, "AXLUSDT": 8653991.25244, "NEIROETHUSDT": 21400893.41627, "NOTUSDT": 45829881.228388, "SUSHIUSDT": 30676902.1298, "ANKRUSDT": 6536003.85968, "COSUSDT": 3342961.128073, "TSTUSDT": 280992417.8235, "FLUXUSDT": 3996327.1832, "ONGUSDT": 4776516.16913, "AI16ZUSDT": 168732411.29498, "1000RATSUSDT": 20619178.20458, "CHESSUSDT": 4586054.3783, "YFIUSDT": 10743945.129, "KDAUSDT": 8698777.7226, "XRPUSDT": 2093210636.86027, "ONTUSDT": 9620908.83552, "RAYSOLUSDT": 20204959.66179, "DUSKUSDT": 5138400.38781, "BOMEUSDT": 64699699.618941, "USTCUSDT": 7480121.568781, "SXPUSDT": 15004388.89151, "DYMUSDT": 9439754.23081, "BIGTIMEUSDT": 20887060.99098, "NTRNUSDT": 3052137.1718, "EIGENUSDT": 99798288.92315, "API3USDT": 6842276.07374, "OMGUSDT": 1352516.82569, "LTCUSDT": 316775911.85147, "SAGAUSDT": 25485226.58293, "BLURUSDT": 14512923.24124, "1000CHEEMSUSDT": 21309134.3332403, "WLDUSDT": 246847081.9327, "NEIROUSDT": 255229879.9481149, "VINEUSDT": 161614411.43174, "RIFUSDT": 3628131.96633, "JOEUSDT": 4699819.35577, "B3USDT": 25298249.38312, "SUPERUSDT": 12376137.5081, "DUSDT": 10282710.30317, "BTCDOMUSDT": 8794342.9595, "HIVEUSDT": 18822692.71366, "UMAUSDT": 6962304.796, "RVNUSDT": 5184903.23119, "MELANIAUSDT": 57142363.47828, "TONUSDT": 52381259.98087, "VETUSDT": 40337655.499557, "TIAUSDT": 131952507.7974, "ASTRUSDT": 7635602.53484, "ETCUSDT": 93893518.99731, "POLUSDT": 30124864.65442, "1000XUSDT": 5924008.3745, "LEVERUSDT": 6087963.6519868, "SSVUSDT": 17568339.35109, "BEAMXUSDT": 13939428.520067, "SLERFUSDT": 4943895.1794, "PYTHUSDT": 23040530.00213, "ILVUSDT": 5897037.106, "LPTUSDT": 19529062.9827, "BIOUSDT": 39672449.5431, "ARKMUSDT": 45538786.613, "1INCHUSDT": 12483996.5036, "LOKAUSDT": 3111727.3907, "XVSUSDT": 7808266.8732, "ARKUSDT": 9545470.8164, "AVAXUSDT": 249932841.362, "VANAUSDT": 49627295.91916, "MOODENGUSDT": 66493306.42873, "LDOUSDT": 108928908.5623, "SNXUSDT": 17622564.6504, "HMSTRUSDT": 15470715.389013, "ANIMEUSDT": 48223768.2814, "NMRUSDT": 5959502.3833, "ALCHUSDT": 38881302.92808, "HFTUSDT": 4102520.86207, "SFPUSDT": 4290190.4637, "GTCUSDT": 7234769.2271, "AMBUSDT": 4358243.473186, "1000PEPEUSDT": 887823680.6050637, "HOOKUSDT": 6000335.39447, "ETHUSDT_250328": 15530892.16712, "MASKUSDT": 22738960.7454, "TLMUSDT": 4821595.778726, "GRTUSDT": 24743214.54177, "1000XECUSDT": 5077850.69212, "MAVUSDT": 4769300.93547, "NEARUSDT": 119997712.539, "BNTUSDT": 2928800.26676, "MORPHOUSDT": 47987692.59407, "UXLINKUSDT": 41766717.8059, "REIUSDT": 2652887.39469, "MBOXUSDT": 6703453.1882, "TROYUSDT": 15028855.402065, "TAOUSDT": 129924973.74069, "FLOWUSDT": 22519052.7119, "ACXUSDT": 6970573.25864, "BICOUSDT": 4709224.3929, "WOOUSDT": 7324345.65685, "VOXELUSDT": 5081017.3039, "TNSRUSDT": 11600419.05885, "HOTUSDT": 9096501.369357, "DEXEUSDT": 23244661.60204, "1000FLOKIUSDT": 77436627.71734, "1MBABYDOGEUSDT": 46847475.3240482, "SYNUSDT": 6003158.8006, "MEUSDT": 45838441.6067, "SUNUSDT": 5842030.664535, "CYBERUSDT": 6263007.1499, "PENDLEUSDT": 40960937.7674, "SOLUSDT": 2710200220.524, "GMTUSDT": 45396381.9875, "HIPPOUSDT": 12038283.06281, "EDUUSDT": 5284017.5213, "BERAUSDT": 229681000.286, "BBUSDT": 17700875.17216, "PROMUSDT": 6233317.4293, "ETHUSDT_250627": 8029289.10862, "FIDAUSDT": 10423095.30007, "ALPHAUSDT": 6207033.58452, "TUSDT": 4400415.87785, "RDNTUSDT": 7858643.2117, "USDCUSDT": 5144499.512828, "OMUSDT": 82577899.317923, "VIRTUALUSDT": 134244035.80675, "KSMUSDT": 10597869.5088, "CATIUSDT": 11546691.3756, "VELODROMEUSDT": 5848351.0408, "ARCUSDT": 174042614.68275, "KAITOUSDT": 1134373937.13271, "JUPUSDT": 71834881.5037, "GUSDT": 6495311.56903, "DRIFTUSDT": 12481070.1228, "ZETAUSDT": 7177800.9563, "ETHWUSDT": 4656360.0383, "LINKUSDT": 374852182.10975, "KNCUSDT": 4983284.2205, "SPELLUSDT": 11241148.8827196, "PERPUSDT": 4207525.21937, "IOTAUSDT": 29018276.1436, "TRUUSDT": 7899352.95117, "IDUSDT": 9813217.56407, "ADAUSDT": 534831276.5203, "POPCATUSDT": 132561609.6862, "CRVUSDT": 147664403.0867, "ENSUSDT": 71507631.278, "PENGUUSDT": 153717686.101039, "GALAUSDT": 124164771.69236, "HEIUSDT": 20203075.57707, "C98USDT": 8957179.6622, "FETUSDT": 100523059.6817, "IOTXUSDT": 8009536.44873, "1000SHIBUSDT": 170899269.290308, "WIFUSDT": 402883315.0191, "BALUSDT": 3837720.3001, "DEGENUSDT": 15249675.018828, "RENDERUSDT": 50107451.0447, "CTSIUSDT": 5446093.6366, "MANAUSDT": 23249388.6627, "JTOUSDT": 42437934.2871, "SANDUSDT": 78478869.33696, "BADGERUSDT": 6040053.3454, "SWELLUSDT": 7109354.22225, "STEEMUSDT": 8264933.40516, "OXTUSDT": 3912152.10541, "HIGHUSDT": 6588874.33948, "ALGOUSDT": 81844276.69218, "SKLUSDT": 8222855.74782, "MTLUSDT": 5452496.2687, "AVAAIUSDT": 38574632.89385, "BSWUSDT": 4551879.9599, "DYDXUSDT": 53468762.6395, "RUNEUSDT": 72011740.524, "STGUSDT": 10409991.6804, "BSVUSDT": 4668737.129, "ORCAUSDT": 7488634.2616, "QTUMUSDT": 11097811.4903, "TRUMPUSDT": 1047920689.84007, "SONICUSDT": 18540811.38281, "LQTYUSDT": 8869186.62776, "AERGOUSDT": 9547895.5617, "BTCUSDT": 14403072504.9993, "XLMUSDT": 153673871.29105, "XAIUSDT": 15438391.73884, "RONINUSDT": 6804286.084, "TRBUSDT": 33270005.4805, "KMNOUSDT": 5354844.95481, "ARBUSDT": 110294010.04191, "STRKUSDT": 24521606.03279, "ENJUSDT": 8547299.78595, "1000000MOGUSDT": 18977792.37723, "OMNIUSDT": 10231781.00806, "LUMIAUSDT": 10870700.4641, "1000WHYUSDT": 7388401.6672741, "MYROUSDT": 8675562.47314, "ACTUSDT": 167737824.29592, "ZKUSDT": 21887739.04645, "FLMUSDT": 7338457.4892, "VANRYUSDT": 11362122.93162, "BANDUSDT": 5547040.47763, "MANTAUSDT": 13613651.88289, "DOGSUSDT": 40914790.9837968, "HIFIUSDT": 4996934.1575, "DODOXUSDT": 4128335.100798, "PEOPLEUSDT": 49250153.62055, "ALTUSDT": 13975143.78106, "CHILLGUYUSDT": 57923672.6102, "GOATUSDT": 87489553.2961, "AIUSDT": 19982495.2982, "KASUSDT": 20380425.07264, "RSRUSDT": 25577238.950884, "GRIFFAINUSDT": 93755968.95255, "KOMAUSDT": 10704993.61303, "SEIUSDT": 69790910.6095, "QUICKUSDT": 2103336.38925, "BTCUSDT_250328": 30289900.2715, "COMBOUSDT": 3326009.28726, "TWTUSDT": 6425736.5199, "POLYXUSDT": 9590953.51059, "PHAUSDT": 13776003.30193, "FXSUSDT": 7523416.80043, "ICXUSDT": 6649969.6519, "TURBOUSDT": 55811246.0943859, "PONKEUSDT": 9412079.2182, "SWARMSUSDT": 156983328.2279, "THEUSDT": 50107013.37906, "LITUSDT": 3454670.4201, "ETHFIUSDT": 68022088.32503, "ONDOUSDT": 210861901.29182, "DASHUSDT": 8689499.21443, "BNBUSDT": 491340515.4379, "LINAUSDT": 7580960.83799, "ATAUSDT": 7835207.8714, "BCHUSDT": 95301478.2501, "XTZUSDT": 21070767.0406, "METISUSDT": 5310190.5362, "ARUSDT": 37188826.1065, "DEFIUSDT": 2290591.7001, "BAKEUSDT": 11903357.0084, "MOVRUSDT": 6062893.5767, "AXSUSDT": 25343895.247, "NFPUSDT": 7543381.47291, "1000CATUSDT": 28032345.81949, "PIXELUSDT": 12687002.85537, "NEOUSDT": 20425413.84048, "MOVEUSDT": 98963765.8088, "NULSUSDT": 2794084.2136, "BANUSDT": 72698551.0468, "COTIUSDT": 10568647.33305, "YGGUSDT": 8506315.6977, "ZENUSDT": 48233182.0319, "DIAUSDT": 3518154.56, "INJUSDT": 77099995.961, "DFUSDT": 10471277.49903,