{"QTUMUSDT": 3704030.3511, "JOEUSDT": 3062739.6896, "KDAUSDT": 5961254.6318, "GALAUSDT": 64808744.46875, "INJUSDT": 85595733.2586, "SOLUSDT": 2161046261.375, "SFPUSDT": 3378957.1698, "EIGENUSDT": 121426585.44903, "LRCUSDT": 4767755.19363, "EGLDUSDT": 7801587.3254, "BALUSDT": 3379959.3911, "VETUSDT": 9916600.261927, "KAVAUSDT": 8820020.88722, "HIPPOUSDT": 61333901.98509, "1000000MOGUSDT": 30245652.83701, "PERPUSDT": 3637979.10649, "LINKUSDT": 121060104.92834, "MOVRUSDT": 5014551.7512, "VIDTUSDT": 19364670.13615, "DEFIUSDT": 987213.6138, "BEAMXUSDT": 15282135.669538, "LOOMUSDT": 5222915.18427, "1000XECUSDT": 3568022.81552, "MAGICUSDT": 5684371.20466, "IOTAUSDT": 5881314.08357, "OMUSDT": 25507740.550155, "TRUUSDT": 8148738.52885, "MKRUSDT": 38531476.374, "1000PEPEUSDT": 777883696.1077493, "TURBOUSDT": 97655599.2089062, "BICOUSDT": 3396846.2613, "GRASSUSDT": 84331142.19656, "BLZUSDT": 5093939.18248, "1000LUNCUSDT": 21057421.63979, "ARKMUSDT": 45904613.1629, "BTCUSDT_241227": 21638795.3806, "DASHUSDT": 3647298.02878, "GLMUSDT": 5104807.83244, "ETCUSDT": 46597503.9646, "1000WHYUSDT": 13382661.0421683, "TONUSDT": 98655594.98329, "ARUSDT": 32786461.5756, "REZUSDT": 18089539.86123, "COSUSDT": 4671418.656052, "FXSUSDT": 3524644.00185, "AAVEUSDT": 123582195.173, "ATOMUSDT": 46000503.12057, "ETHUSDT_241227": 11247696.9545, "1000SHIBUSDT": 142045686.574164, "ALPHAUSDT": 4006200.0567, "SCRTUSDT": 57718665.2879, "MTLUSDT": 4399483.3011, "1MBABYDOGEUSDT": 91418133.2594893, "OGNUSDT": 5431360.8975, "FLMUSDT": 6351209.9305, "LUNA2USDT": 11120194.5837, "STORJUSDT": 12813175.1976, "WLDUSDT": 283506895.0903, "ETHFIUSDT": 44085025.24942, "KEYUSDT": 6069573.8433414, "HOOKUSDT": 7069393.20989, "CAKEUSDT": 7902096.3365, "SUNUSDT": 23380337.384299, "THEUSDT": 374709947.5757, "DOTUSDT": 72039452.1283, "BANANAUSDT": 21923075.4779, "ZENUSDT": 6502044.5115, "COTIUSDT": 11873431.25332, "SWELLUSDT": 29568930.56088, "NFPUSDT": 7575430.77547, "STRKUSDT": 40484920.91267, "DEGENUSDT": 41410525.476496, "ENAUSDT": 154178974.0525, "ACEUSDT": 11210264.350742, "FIOUSDT": 9212560.35908, "LQTYUSDT": 8365766.96924, "TRBUSDT": 45714363.8576, "RONINUSDT": 4617521.11272, "ROSEUSDT": 12972927.07543, "BOMEUSDT": 121641685.871773, "ONEUSDT": 5634202.90055, "BRETTUSDT": 13396037.7029, "MOODENGUSDT": 410721358.57861, "SSVUSDT": 11401715.18365, "BANDUSDT": 4154736.83386, "BANUSDT": 122081681.2507, "CELRUSDT": 3953754.50474, "NMRUSDT": 4647389.6788, "SAFEUSDT": 15180487.9246, "UNIUSDT": 71585016.815, "STEEMUSDT": 1678756.98023, "HOTUSDT": 6536694.219739, "HIFIUSDT": 5906700.1116, "AXLUSDT": 12097317.51836, "XTZUSDT": 6460777.5311, "TUSDT": 4173401.06032, "APEUSDT": 49026452.7844, "AMBUSDT": 5499738.682195, "MINAUSDT": 13997129.2522, "CKBUSDT": 18253964.92176, "POLUSDT": 31866284.9605, "RENDERUSDT": 40626676.609, "APTUSDT": 179798904.62251, "API3USDT": 9001138.84057, "USDCUSDT": 910921.698104, "SXPUSDT": 11087917.10812, "BADGERUSDT": 2968777.2809, "BATUSDT": 3431137.22857, "YGGUSDT": 16525301.8349, "RPLUSDT": 4930698.6464, "RSRUSDT": 11841579.75151, "VANRYUSDT": 10567112.09354, "SKLUSDT": 4078167.02275, "C98USDT": 5666841.1814, "IOTXUSDT": 5297147.12908, "ATAUSDT": 4223825.8364, "BLURUSDT": 25783764.0715, "POWRUSDT": 3721471.1145, "GUSDT": 4800598.46261, "1INCHUSDT": 12228475.9787, "HIGHUSDT": 8955984.33684, "1000FLOKIUSDT": 106453815.43027, "TAOUSDT": 104312705.99684, "XRPUSDT": 297492932.21316, "SUSHIUSDT": 13557851.1254, "AERGOUSDT": 5130688.7375, "ZKUSDT": 27374537.49768, "THETAUSDT": 16328037.92781, "DOGEUSDT": 356758691.55062, "TNSRUSDT": 14588235.51804, "TLMUSDT": 4949788.836569, "LTCUSDT": 90463214.98777, "TIAUSDT": 196000449.1501, "LISTAUSDT": 18066532.1476, "FLOWUSDT": 9508704.4933, "CHZUSDT": 18477634.04239, "PENDLEUSDT": 52836023.8998, "BNBUSDT": 324515503.2834, "PORTALUSDT": 10882178.90386, "ETHWUSDT": 5399374.1576, "DIAUSDT": 21510906.3494, "MBOXUSDT": 7748869.1359, "JASMYUSDT": 31792570.241067, "BONDUSDT": 5422196.2117, "PONKEUSDT": 32037240.97271, "NOTUSDT": 115966794.027048, "STGUSDT": 5088604.372, "IOSTUSDT": 4041943.012145, "ARBUSDT": 70626501.43056, "NKNUSDT": 3229800.74501, "DYDXUSDT": 53719422.3433, "RIFUSDT": 3842923.89127, "LOKAUSDT": 3554081.2036, "CYBERUSDT": 7592063.2952, "GMTUSDT": 26614486.66268, "XMRUSDT": 12016168.15275, "MEWUSDT": 75346863.792626, "XLMUSDT": 16129269.13805, "DODOXUSDT": 3811133.182467, "DARUSDT": 12664105.80186, "DYMUSDT": 19820162.84787, "HBARUSDT": 15066127.16455, "REEFUSDT": 42390842.624474, "ETHUSDT": 5708121980.45667, "SEIUSDT": 109581911.1395, "CFXUSDT": 26092284.27077, "FILUSDT": 87785080.4806, "DENTUSDT": 3348995.081037, "DUSKUSDT": 6698163.809, "SANTOSUSDT": 17734204.2194, "ALPACAUSDT": 11111204.44988, "RAREUSDT": 26189454.2971, "ONTUSDT": 4778621.72009, "ADAUSDT": 120874400.2442, "ICXUSDT": 3317642.7103, "ZILUSDT": 6296671.93461, "STMXUSDT": 9663827.7948, "MANAUSDT": 13704518.9537, "BIGTIMEUSDT": 71305629.9848, "1000XUSDT": 28344887.96522, "MYROUSDT": 20312448.35504, "CELOUSDT": 22395399.4078, "STXUSDT": 59601578.0781, "CHRUSDT": 8107467.5575, "OPUSDT": 77435034.78002, "NEIROETHUSDT": 152404560.65073, "QUICKUSDT": 3799857.9101, "SNXUSDT": 10369098.5591, "CATIUSDT": 83427766.5271, "NULSUSDT": 4360894.0487, "CETUSUSDT": 41002872.35112, "FTMUSDT": 170853163.3002, "ZROUSDT": 51339832.49496, "IDUSDT": 7161955.13314, "PIXELUSDT": 21990321.6822, "1000CATUSDT": 44968500.57869, "MORPHOUSDT": 57335906.76134, "ACTUSDT": 342572732.61877, "WOOUSDT": 9615096.10032, "AXSUSDT": 17403677.316, "GMXUSDT": 6053315.98631, "BNXUSDT": 22739891.63605, "RVNUSDT": 4262534.20304, "WIFUSDT": 556637382.81436, "BTCDOMUSDT": 2735694.5679, "XVSUSDT": 3122907.4997, "COWUSDT": 48636218.784, "SYNUSDT": 8945542.9705, "LITUSDT": 5497729.0073, "CTSIUSDT": 4929785.3834, "SUPERUSDT": 23434622.8919, "GTCUSDT": 6502693.7949, "DOGSUSDT": 161669449.3769017, "MAVIAUSDT": 7876997.04551, "SLERFUSDT": 17127626.0978, "USTCUSDT": 9892573.37295, "ACHUSDT": 6941795.983407, "AGLDUSDT": 4609352.2571, "AVAXUSDT": 167652357.105, "ALICEUSDT": 8226495.77, "FETUSDT": 153072505.338, "ONDOUSDT": 49723066.39611, "TWTUSDT": 4658333.7963, "BSWUSDT": 3787326.45918, "FLUXUSDT": 5039891.476, "ZECUSDT": 14238842.99885, "REIUSDT": 5697003.93732, "AUCTIONUSDT": 9636331.39645, "POLYXUSDT": 7147425.22206, "QNTUSDT": 5334014.57, "ORBSUSDT": 4712914.15086, "RDNTUSDT": 18678142.1321, "RENUSDT": 4395173.78213, "1000SATSUSDT": 161799291.9081796, "ASTRUSDT": 6378894.856518, "KNCUSDT": 3637119.6816, "BTCUSDT_250328": 17482726.3954, "BNTUSDT": 2209900.57654, "MASKUSDT": 15576806.9654, "JTOUSDT": 37297602.6591, "YFIUSDT": 5155840.357, "MAVUSDT": 5690327.53903, "IOUSDT": 60723894.561, "ARPAUSDT": 8444532.18482, "CHESSUSDT": 6831526.1361, "JUPUSDT": 40134653.8316, "KASUSDT": 16045918.25464, "ARKUSDT": 16792211.7931, "PHBUSDT": 10673236.4011, "NEARUSDT": 121472448.875, "BAKEUSDT": 12694212.599, "SCRUSDT": 46647998.7608, "BTCUSDT": 14122241997.2083, "LEVERUSDT": 7188136.178938, "GOATUSDT": 395668094.5576, "BCHUSDT": 79280265.1563, "LSKUSDT": 2229775.9304, "RLCUSDT": 3607747.21716, "WAXPUSDT": 2556882.10443, "METISUSDT": 6357776.9343, "SANDUSDT": 23135941.3145, "POPCATUSDT": 183034408.5471, "1000CHEEMSUSDT": 14127044.2095662, "PYTHUSDT": 16612643.8613, "DRIFTUSDT": 47808874.3302, "XEMUSDT": 4483521.1258, "GRTUSDT": 19332691.31699, "UMAUSDT": 13026724.588, "ANKRUSDT": 4371177.23932, "OXTUSDT": 2393349.65153, "IMXUSDT": 20555222.5887, "SUIUSDT": 631929181.1912, "NEOUSDT": 12133844.97096, "ALGOUSDT": 10986628.12811, "KSMUSDT": 5569287.997, "WUSDT": 26954133.60667, "BBUSDT": 22770703.9379, "TOKENUSDT": 9191514.44576, "CRVUSDT": 68405620.0859, "PEOPLEUSDT": 147896445.76975, "OMNIUSDT": 13160271.95258, "AEVOUSDT": 19011565.76194, "NTRNUSDT": 3178490.5613, "FIDAUSDT": 24706896.1923, "LDOUSDT": 30584975.6082, "ORDIUSDT": 223607370.7056, "BELUSDT": 7529309.0512, "XAIUSDT": 22210054.661, "UXLINKUSDT": 39522085.0864, "GASUSDT": 6063112.061, "XVGUSDT": 2873329.2752, "MEMEUSDT": 23753675.527551, "ENJUSDT": 5487441.85613,