{"VANAUSDT": 43106419.67789, "DUSDT": 8020785.45286, "IOTXUSDT": 6390778.85697, "BNBUSDT": 468659968.2891, "ACHUSDT": 12560653.187042, "ILVUSDT": 4780112.2279, "ICPUSDT": 29859023.945, "GALAUSDT": 96857327.83116, "PIPPINUSDT": 24794273.45599, "OPUSDT": 85440816.63863, "VIRTUALUSDT": 111527603.7417, "BTCUSDT_250328": 31248471.197, "ARBUSDT": 91383320.0931, "REDUSDT": 183867060.5597, "ZKUSDT": 18180247.8944, "MEMEUSDT": 23205016.884778, "USTCUSDT": 6022875.885674, "HOOKUSDT": 4467837.20597, "STMXUSDT": 3526463.33915, "XMRUSDT": 19600717.26665, "PNUTUSDT": 307957740.51957, "1000SHIBUSDT": 145827482.430794, "TUSDT": 3868596.27593, "SCRUSDT": 10420426.2876, "NULSUSDT": 2372007.5132, "XAIUSDT": 11859483.21308, "CKBUSDT": 7645367.714327, "DEGOUSDT": 4135867.01665, "TRXUSDT": 122584392.52376, "HOTUSDT": 7313774.536653, "DASHUSDT": 6704343.07808, "HIGHUSDT": 5656563.12961, "RSRUSDT": 19994493.719388, "TIAUSDT": 113872587.3954, "DEXEUSDT": 15178564.50637, "AVAUSDT": 9683966.24167, "VINEUSDT": 90649402.25853, "LINKUSDT": 361968570.81248, "SLERFUSDT": 3753932.1878, "KNCUSDT": 4239766.6277, "ONEUSDT": 12137992.49719, "STORJUSDT": 8010217.4614, "GOATUSDT": 48954230.1791, "REZUSDT": 9174060.6442, "JASMYUSDT": 27747623.790756, "STXUSDT": 27491897.1724, "WIFUSDT": 345477145.91426, "BICOUSDT": 3367305.0087, "DIAUSDT": 2935587.6521, "WAXPUSDT": 3330480.28592, "SUSHIUSDT": 21739428.416, "USDCUSDT": 4115513.070373, "NTRNUSDT": 2716963.3672, "MYROUSDT": 6493529.65097, "ZEREBROUSDT": 37948936.5416, "AGLDUSDT": 23114176.11, "ANIMEUSDT": 30547573.8689, "NEIROETHUSDT": 16852765.29553, "COTIUSDT": 9263848.39239, "AI16ZUSDT": 135391366.67088, "ORDIUSDT": 115157642.3333, "JUPUSDT": 59638139.3933, "SUSDT": 54020238.422, "1INCHUSDT": 10056793.1738, "1000CHEEMSUSDT": 20504636.2576729, "BTCDOMUSDT": 7819294.393, "1000SATSUSDT": 50413442.2446532, "IOSTUSDT": 5549813.465196, "MUBARAKUSDT": 84922200.3725, "MBOXUSDT": 5519911.4136, "MANTAUSDT": 12701342.06429, "KMNOUSDT": 4585005.38408, "DOGEUSDT": 1078206611.46871, "MOVRUSDT": 4770760.21128, "SOLVUSDT": 53076128.4057, "TRUMPUSDT": 753695039.44667, "SKLUSDT": 7158487.16374, "HMSTRUSDT": 15470715.389013, "DFUSDT": 11198664.6838, "BMTUSDT": 33118412.4309, "SYSUSDT": 2914202.08802, "BEAMXUSDT": 11659349.269945, "MEUSDT": 34447791.2712, "PEOPLEUSDT": 40024249.62887, "GMTUSDT": 40019758.95392, "CRVUSDT": 114534824.8095, "ETHUSDT_250328": 14953238.08778, "BIGTIMEUSDT": 13921351.87661, "1000BONKUSDT": 85827121.061745, "RIFUSDT": 3295722.68534, "MTLUSDT": 4336783.2339, "QNTUSDT": 10609067.477, "1000CATUSDT": 21912670.03246, "SNXUSDT": 15046565.9494, "IMXUSDT": 13184621.1235, "PHBUSDT": 6255064.9993, "BOMEUSDT": 51774843.709446, "CELOUSDT": 9884725.2468, "LSKUSDT": 3163353.7091, "LAYERUSDT": 102025879.31446, "ARPAUSDT": 4612112.97215, "1000WHYUSDT": 5257731.4865796, "RLCUSDT": 5567149.7614, "POWRUSDT": 5966813.7171, "BANDUSDT": 4741436.66929, "STGUSDT": 6912285.9135, "CELRUSDT": 5230036.71565, "QUICKUSDT": 2062103.0871, "CFXUSDT": 20460779.79207, "PHAUSDT": 7375707.87385, "MOCAUSDT": 13300436.0874, "LDOUSDT": 87358306.9207, "BIDUSDT": 67293952.12156, "ROSEUSDT": 9842816.77434, "MASKUSDT": 17529338.1509, "RAYSOLUSDT": 20467159.0138, "ALPHAUSDT": 4771607.33929, "XVGUSDT": 8723352.6121536, "DYDXUSDT": 43967630.4085, "ETHFIUSDT": 55184001.04885, "ETHUSDT": 7974693345.67408, "OMUSDT": 69637278.197907, "MORPHOUSDT": 24730803.92964, "ATOMUSDT": 55119700.24905, "SWARMSUSDT": 118989327.0967, "ETHUSDT_250627": 8029289.10862, "ENSUSDT": 45728671.9405, "VANRYUSDT": 10393421.25684, "SPXUSDT": 33781553.8256, "TNSRUSDT": 10420988.47056, "ALCHUSDT": 43870978.14679, "ZROUSDT": 26684294.38193, "YGGUSDT": 6721235.018, "KAVAUSDT": 12903480.80716, "CAKEUSDT": 21384507.682, "AXSUSDT": 18878344.597, "MINAUSDT": 8554780.0319, "ALPACAUSDT": 4351789.6366, "THEUSDT": 36452666.57599, "SEIUSDT": 61412497.6078, "1MBABYDOGEUSDT": 33820513.7559583, "NMRUSDT": 5257742.8441, "FIDAUSDT": 9488145.03208, "NEARUSDT": 112122402.545, "SXPUSDT": 9670281.4127, "CHESSUSDT": 4001182.1723, "DOTUSDT": 141087067.445, "FILUSDT": 123855337.672, "XVSUSDT": 6400764.6068, "POLYXUSDT": 6166201.00281, "MOODENGUSDT": 41258581.38595, "AVAXUSDT": 239360379.69, "B3USDT": 17189328.12367, "DOGSUSDT": 34542344.0431493, "C98USDT": 7930779.7963, "IPUSDT": 169410148.273276, "TURBOUSDT": 41225499.2818182, "1000000MOGUSDT": 13203066.87377, "SFPUSDT": 3648420.1815, "ANKRUSDT": 4921175.25897, "ETHWUSDT": 3759914.3804, "ASTRUSDT": 5701550.023721, "SUPERUSDT": 10817959.7793, "LISTAUSDT": 8682434.0089, "VIDTUSDT": 5892812.75036, "EDUUSDT": 4680409.8736, "HFTUSDT": 3865521.11638, "ARUSDT": 32903961.6578, "OGNUSDT": 5451059.0673, "ATAUSDT": 5948313.8698, "AEVOUSDT": 11997103.93354, "SONICUSDT": 15072387.88498, "GPSUSDT": 24069120.9188, "UXLINKUSDT": 34095653.9284, "CHRUSDT": 6284035.3823, "RENDERUSDT": 41018674.8199, "HBARUSDT": 185310078.6709, "FORMUSDT": 41709052.48207, "COWUSDT": 26724573.421, "EOSUSDT": 65329877.7818, "BSWUSDT": 3690681.84039, "BLURUSDT": 12598524.72964, "BCHUSDT": 92239860.9765, "RUNEUSDT": 59682030.77, "XLMUSDT": 126806989.30392, "OMNIUSDT": 8926139.13333, "ALGOUSDT": 65532937.13997, "ORCAUSDT": 6020921.2036, "LUNA2USDT": 11789679.8239, "CETUSUSDT": 14452396.13657, "TONUSDT": 50766059.51307, "RAREUSDT": 5925912.59954, "VICUSDT": 20561856.5756, "EPICUSDT": 29525868.77416, "PORTALUSDT": 7112969.29232, "ACXUSDT": 5610171.93514, "POPCATUSDT": 109178415.937, "MAGICUSDT": 7070399.41851, "MELANIAUSDT": 44130699.35994, "CGPTUSDT": 17471615.25763, "COMPUSDT": 15732779.99, "YFIUSDT": 8823522.906, "MEWUSDT": 10315027.292372, "MANAUSDT": 20103801.0609, "BANANAUSDT": 11455344.7799, "AMBUSDT": 2772481.78031, "EGLDUSDT": 11523912.209, "TSTUSDT": 116031902.5058, "PERPUSDT": 3154629.09944, "KDAUSDT": 6385247.5422, "APTUSDT": 130349723.95167, "NKNUSDT": 2651436.26269, "VVVUSDT": 26835864.68821, "CYBERUSDT": 5571253.1722, "AEROUSDT": 8377144.59447, "FXSUSDT": 5731799.31311, "HIVEUSDT": 15197129.88563, "JOEUSDT": 4039446.89526, "FLOWUSDT": 15924659.9417, "AUCTIONUSDT": 16927211.7188, "CATIUSDT": 9889640.6356, "SOLUSDT": 2694723663.521, "BIOUSDT": 28568623.2961, "ETCUSDT": 81642561.59665, "HIFIUSDT": 3726505.3285, "1000PEPEUSDT": 790506301.769567, "WOOUSDT": 5837818.36698, "SAFEUSDT": 4345685.778, "POLUSDT": 24148637.71845, "NOTUSDT": 44357210.939594, "GRASSUSDT": 24067870.4678, "ARKMUSDT": 39332369.2045, "COOKIEUSDT": 27799437.6757, "TAOUSDT": 115608314.33569, "ONTUSDT": 7483703.70614, "ALTUSDT": 11394318.75946, "BELUSDT": 7426076.4589, "HEIUSDT": 15713934.33074, "GASUSDT": 6141864.6762, "SCRTUSDT": 3254419.9961, "TWTUSDT": 5335692.9711, "BANUSDT": 37332682.2144, "NEOUSDT": 15918943.86015, "VELODROMEUSDT": 5848351.0408, "LPTUSDT": 12373141.7119, "SAGAUSDT": 21379484.97236, "SUNUSDT": 4229180.501202, "BERAUSDT": 113354026.9197, "ICXUSDT": 4875098.7511, "KAITOUSDT": 286181241.15208, "GTCUSDT": 5210417.6067, "PYTHUSDT": 18381505.36447, "NEIROUSDT": 211825937.2965479, "SSVUSDT": 14718974.58896, "DUSKUSDT": 4053848.595, "BNTUSDT": 2786772.3691, "BNXUSDT": 8187205.44596, "LINAUSDT": 7270959.19595, "COMBOUSDT": 2771419.87572, "ENJUSDT": 7384846.85758, "ONDOUSDT": 204539448.13316, "GRTUSDT": 20905129.12145, "TOKENUSDT": 3708634.0387, "WUSDT": 16985749.655687, "CHILLGUYUSDT": 39040084.3292, "BTCUSDT": 14787603373.4395, "LTCUSDT": 304427324.00996, "TUTUSDT": 156025232.37479, "ARKUSDT": 7788344.3441, "ARCUSDT": 157264712.4913, "1000LUNCUSDT": 13653405.44394, "UNIUSDT": 98205412.298, "IOTAUSDT": 22543177.41524, "SUIUSDT": 657209357.65125, "BRETTUSDT": 14443979.50634, "CHZUSDT": 21110499.31622, "SANTOSUSDT": 3977202.6159, "LEVERUSDT": 5024413.7855432, "DYMUSDT": 8588042.31597, "IOUSDT": 38231374.1696, "FARTCOINUSDT": 261093627.7396, "MOVEUSDT": 89122839.2863, "PENGUUSDT": 96163438.735981, "1000RATSUSDT": 16772742.33704, "ZECUSDT": 7711462.09185, "WLDUSDT": 215688360.2336, "PONKEUSDT": 7114501.8627, "AIXBTUSDT": 79829660.54605, "INJUSDT": 68392533.6041, "ZRXUSDT": 8367843.97847, "NFPUSDT": 6023552.28968,