{"BTCUSDT": 13034447010.34392, "SXPUSDT": 5847867.29627, "VANRYUSDT": 9343571.34914, "KAVAUSDT": 6326471.57904, "GUSDT": 4582936.57293, "HBARUSDT": 13765520.02523, "ASTRUSDT": 5921666.82835, "MEMEUSDT": 20363142.678209, "BSWUSDT": 3269588.60926, "CHESSUSDT": 5646932.1981, "AXSUSDT": 16222787.3, "TURBOUSDT": 64239743.203197, "FIOUSDT": 8753141.95093, "BRETTUSDT": 12063540.04739, "WLDUSDT": 234223246.2658, "ZROUSDT": 52387539.52281, "CELOUSDT": 13664154.6462, "CFXUSDT": 22193833.03394, "ZILUSDT": 5563480.77123, "CYBERUSDT": 6873954.4054, "APEUSDT": 33829745.6394, "DIAUSDT": 36972327.658, "HIFIUSDT": 5453644.3395, "ATAUSDT": 3945329.0989, "SWELLUSDT": 44938964.85322, "FXSUSDT": 3446260.84434, "POLUSDT": 29757156.4759, "TRXUSDT": 53283048.46286, "1000FLOKIUSDT": 94374592.04738, "ETHFIUSDT": 43175069.93835, "PORTALUSDT": 9785851.73327, "OMUSDT": 21961429.382938, "MAVUSDT": 5247375.47063, "MKRUSDT": 33973884.6301, "REZUSDT": 19641723.04757, "MANTAUSDT": 16116609.38426, "ICPUSDT": 24702095.899, "ILVUSDT": 4656338.821, "STGUSDT": 4739324.4534, "VOXELUSDT": 6003429.2959, "DENTUSDT": 3162362.411607, "JUPUSDT": 33514649.5451, "MOODENGUSDT": 622328938.50576, "ARKUSDT": 4825208.0624, "RUNEUSDT": 49531107.164, "NOTUSDT": 120905544.56098, "ACTUSDT": 736924653.93537, "EIGENUSDT": 129540058.3758, "NFPUSDT": 7496558.76484, "LEVERUSDT": 5730308.9711283, "NULSUSDT": 3731213.3523, "ETHUSDT": 5523868083.81981, "PERPUSDT": 3259510.04615, "ACEUSDT": 11210264.350742, "QUICKUSDT": 3191710.66353, "COTIUSDT": 9247006.85986, "ENJUSDT": 5208026.55528, "ALPACAUSDT": 10500654.55283, "GMXUSDT": 5305307.25411, "ORDIUSDT": 209402143.7036, "QNTUSDT": 4634469.614, "BADGERUSDT": 2716234.1771, "ICXUSDT": 3035226.7969, "SFPUSDT": 3153058.4994, "TNSRUSDT": 14208632.64192, "FLOWUSDT": 8710453.652, "ANKRUSDT": 4107936.36582, "CRVUSDT": 67868698.441, "PYTHUSDT": 13874441.6898, "BICOUSDT": 3275568.0043, "RAREUSDT": 43076027.7685, "WIFUSDT": 511170274.46808, "SPELLUSDT": 4620878.0487569, "1000SHIBUSDT": 114469623.826398, "1INCHUSDT": 9877262.2527, "BELUSDT": 5790006.6895, "LOOMUSDT": 5038243.06103, "ZKUSDT": 26132491.83575, "OGNUSDT": 3961465.8666, "CKBUSDT": 14044109.868853, "ONEUSDT": 5153578.77359, "FLUXUSDT": 4725623.4389, "HOOKUSDT": 6921736.06243, "FILUSDT": 82228014.5358, "RENUSDT": 4040834.42815, "SCRUSDT": 56502432.5953, "1000BONKUSDT": 77197155.868586, "RIFUSDT": 3787267.14526, "LTCUSDT": 87833730.20333, "KLAYUSDT": 3631453.88845, "SUNUSDT": 29932605.422699, "SUSHIUSDT": 12059247.7454, "IOSTUSDT": 3589875.778535, "OMGUSDT": 2986427.51058, "JTOUSDT": 35491979.13, "AEVOUSDT": 18837069.48052, "DYDXUSDT": 40821754.9029, "ONDOUSDT": 49043704.85823, "POPCATUSDT": 154300696.5933, "PHBUSDT": 8404793.393, "BEAMXUSDT": 13829186.623742, "1000RATSUSDT": 56741741.60225, "WAXPUSDT": 2488203.62631, "BTCDOMUSDT": 2340369.0826, "JASMYUSDT": 31741808.032929, "WOOUSDT": 7064418.57133, "LUNA2USDT": 8349551.0553, "LOKAUSDT": 2700772.5338, "UMAUSDT": 11892704.412, "HFTUSDT": 2136058.36094, "BNTUSDT": 2093561.52035, "ALPHAUSDT": 3712033.95094, "HMSTRUSDT": 62522162.318118, "BCHUSDT": 76978674.18335, "BBUSDT": 24465907.0243, "DEFIUSDT": 919103.3748, "NMRUSDT": 3931781.0708, "PENDLEUSDT": 48608817.1974, "MTLUSDT": 4050629.2358, "LINKUSDT": 110463264.55678, "RVNUSDT": 3818539.1792, "SNXUSDT": 9561048.6766, "TLMUSDT": 4240982.604879, "SANDUSDT": 21189777.1586, "AMBUSDT": 5570503.446766, "SAFEUSDT": 27438229.4585, "COMPUSDT": 7942205.55487, "BALUSDT": 3135968.6104, "XRPUSDT": 287185085.21189, "RSRUSDT": 10920612.037146, "GRASSUSDT": 70120433.58322, "VETUSDT": 9044628.603275, "RPLUSDT": 3776829.0433, "DUSKUSDT": 5824578.58661, "DRIFTUSDT": 100087397.296, "XAIUSDT": 20648841.7449, "ENAUSDT": 127020671.1228, "TROYUSDT": 115756091.161225, "NEIROUSDT": 840951271.1818354, "GTCUSDT": 6419121.049, "PEOPLEUSDT": 140240904.90337, "PIXELUSDT": 19659201.2059, "METISUSDT": 5124163.3515, "DOGSUSDT": 166863449.4404571, "SANTOSUSDT": 38856251.618, "UNFIUSDT": 7122862.9984, "IMXUSDT": 17654184.8247, "ZETAUSDT": 25042089.8913, "SEIUSDT": 78987046.2895, "BNXUSDT": 26388457.28815, "OMNIUSDT": 12118048.77906, "CETUSUSDT": 138426669.07743, "DODOXUSDT": 2807262.870669, "FTMUSDT": 149381641.7907, "FLMUSDT": 6046504.9368, "C98USDT": 5079980.2689, "XLMUSDT": 15972229.33597, "KSMUSDT": 4876785.5844, "KNCUSDT": 3417082.2038, "MINAUSDT": 11073501.2654, "LITUSDT": 5003133.6829, "BLURUSDT": 22349202.7529, "QTUMUSDT": 3589992.5066, "XVSUSDT": 2965066.9763, "GRTUSDT": 17084834.08436, "LSKUSDT": 2190146.607, "MOVRUSDT": 4181564.97278, "ZECUSDT": 13621441.37262, "POLYXUSDT": 6970008.08027, "MAGICUSDT": 5174099.08271, "RDNTUSDT": 13136395.15784, "ARKMUSDT": 32587213.8027, "INJUSDT": 80485803.0938, "DASHUSDT": 3642549.3649, "TRUUSDT": 7266506.23257, "LINAUSDT": 9606604.60845, "MANAUSDT": 13189809.53, "MEWUSDT": 79843546.756234, "CAKEUSDT": 6669398.4638, "AIUSDT": 14959838.59696, "HIGHUSDT": 8933303.71749, "BOMEUSDT": 115273983.975852, "UNIUSDT": 59566588.501, "OXTUSDT": 2026422.72899, "CTSIUSDT": 4407681.5743, "BAKEUSDT": 12711333.9517, "IOTXUSDT": 4745092.75736, "TRBUSDT": 43774735.6914, "YGGUSDT": 15967740.0928, "1000SATSUSDT": 175157667.5841107, "DOTUSDT": 67310962.6234, "GHSTUSDT": 4044856.286, "BSVUSDT": 5272129.185, "COWUSDT": 143228244.1991, "CHRUSDT": 7039359.5433, "BIGTIMEUSDT": 40172141.1274, "EGLDUSDT": 7328461.9976, "AERGOUSDT": 4343042.6541, "1000LUNCUSDT": 19304730.43664, "UXLINKUSDT": 49636696.6048, "PNUTUSDT": 207632118.25226, "1000XECUSDT": 3402509.11814, "USTCUSDT": 7084020.503392, "STORJUSDT": 11637469.437, "TIAUSDT": 174274970.2294, "FIDAUSDT": 21295406.1953, "XEMUSDT": 4443698.6769, "COSUSDT": 3264089.822415, "WUSDT": 16840365.77467, "ORBSUSDT": 4154640.993928, "RENDERUSDT": 34437963.4371, "EOSUSDT": 36769256.1474, "BNBUSDT": 303360703.096, "SKLUSDT": 3989130.81872, "GMTUSDT": 22239746.65348, "BTCUSDT_250328": 14601895.2129, "MBOXUSDT": 7273691.7538, "API3USDT": 7937283.24225, "COMBOUSDT": 2588360.64639, "ONGUSDT": 3040708.53553, "JOEUSDT": 2786393.7979, "1000PEPEUSDT": 702100335.0387862, "SUIUSDT": 482067722.75927, "THETAUSDT": 15814352.18701, "SUPERUSDT": 23669881.3852, "SAGAUSDT": 115627471.00927, "SOLUSDT": 2072250884.037, "CATIUSDT": 97432402.6574, "DOGEUSDT": 305944574.54456, "GALAUSDT": 61294791.14171, "ETHWUSDT": 2370460.2778, "AVAXUSDT": 156324301.443, "1000XUSDT": 28239559.799, "ROSEUSDT": 10876740.04214, "ARBUSDT": 63267586.63356, "FETUSDT": 124718468.2383, "CELRUSDT": 3733581.68877, "ETHUSDT_250328": 6581479.23847, "ENSUSDT": 27465954.8787, "IDUSDT": 5577452.83509, "MYROUSDT": 16231548.51102, "TUSDT": 4167927.53192, "ARPAUSDT": 6165458.5317, "NTRNUSDT": 2982286.6849, "KDAUSDT": 4817171.3748, "TONUSDT": 94845683.20493, "1000000MOGUSDT": 41843262.77193, "TOKENUSDT": 9191514.44576, "STMXUSDT": 9046817.51749, "ACHUSDT": 5725978.161928, "ADAUSDT": 110582343.8458, "HOTUSDT": 5435617.410894, "NEOUSDT": 11486595.06684, "SYNUSDT": 8945542.9705, "KEYUSDT": 5726266.852692, "POWRUSDT": 3520411.7726, "AGLDUSDT": 3864564.4829, "BANDUSDT": 4048337.60075, "1MBABYDOGEUSDT": 118680732.6588799, "USDCUSDT": 806047.945464, "NEARUSDT": 109029064.154, "AUCTIONUSDT": 9304017.48418, "ETCUSDT": 42681853.86941, "ARUSDT": 28698698.3273, "SYSUSDT": 5883824.0871, "ETHUSDT_241227": 10429194.93669, "KASUSDT": 15043648.86294, "LRCUSDT": 4285691.74883, "SSVUSDT": 10638525.3928, "LISTAUSDT": 19366083.7667, "XMRUSDT": 10572215.99199, "NKNUSDT": 3031671.82793, "ONTUSDT": 4594319.88378, "DARUSDT": 10722451.56631, "XTZUSDT": 5979221.3858, "ATOMUSDT": 43884181.93712, "IOTAUSDT": 5306643.25704, "EDUUSDT": 7462143.0302, "BANANAUSDT": 23038850.3821, "BTCUSDT_241227": 18062912.2936, "1000CATUSDT": 64650695.406, "ALICEUSDT": 7502086.4149, "ZRXUSDT": 5477113.0068, "LQTYUSDT": 7158622.66102, "AAVEUSDT": 106300805.509, "CHZUSDT": 12678114.54754, "HIPPOUSDT": 121210972.73415, "NEIROETHUSDT": 182288122.8214, "STRKUSDT": 35130261.93602, "LDOUSDT": 30460334.5692, "GLMUSDT": 5011729.03703, "STXUSDT": 52351574.3133, "XVGUSDT": 2670528.6426414,