{"EGLDUSDT": 13376562.4926, "ONGUSDT": 4445045.03368, "SSVUSDT": 17370692.86805, "BEAMXUSDT": 13471066.83891, "HIGHUSDT": 6491346.31524, "TSTUSDT": 276843273.4814, "PYTHUSDT": 22149504.44061, "CATIUSDT": 10989621.6059, "ZECUSDT": 10240504.50478, "AAVEUSDT": 233833424.8, "IPUSDT": 305249320.313104, "UNIUSDT": 120630989.165, "VELODROMEUSDT": 5848351.0408, "1000CHEEMSUSDT": 20430500.4788508, "DENTUSDT": 6034659.869776, "AEROUSDT": 10748185.49949, "KNCUSDT": 4739337.2856, "NKNUSDT": 3196982.66705, "LINKUSDT": 374852182.10975, "SOLVUSDT": 56245890.134, "NEARUSDT": 119997712.539, "PENGUUSDT": 139665729.413824, "ALPHAUSDT": 5869965.30618, "TRBUSDT": 33139685.6822, "AI16ZUSDT": 162967770.96005, "ARCUSDT": 166976626.48869, "ROSEUSDT": 11411401.36647, "RPLUSDT": 4117436.6695, "ARUSDT": 36392295.4534, "LQTYUSDT": 8441158.30449, "BATUSDT": 10968705.67176, "SUIUSDT": 749132576.64195, "HIVEUSDT": 18822692.71366, "POLUSDT": 27890058.62798, "OMUSDT": 79704938.317578, "GTCUSDT": 7031447.3917, "ZETAUSDT": 6907007.1107, "VETUSDT": 39005281.953302, "AUCTIONUSDT": 16001996.87402, "DYMUSDT": 9312142.32315, "SUSDT": 46564046.8897, "MELANIAUSDT": 52876514.58289, "ZRXUSDT": 11221879.48442, "NFPUSDT": 7120445.79227, "LUMIAUSDT": 10870700.4641, "GUSDT": 6061296.91143, "1000FLOKIUSDT": 73563736.82146, "RAREUSDT": 5927122.16343, "TRXUSDT": 126452016.28243, "LPTUSDT": 16040596.1741, "BANDUSDT": 5395991.21352, "ARKUSDT": 9192255.4354, "BLURUSDT": 14290370.69361, "HFTUSDT": 3972480.42709, "HEIUSDT": 19116834.78464, "EIGENUSDT": 95833225.63168, "SWARMSUSDT": 146502312.5872, "SLERFUSDT": 4943895.1794, "NMRUSDT": 5935711.6647, "BELUSDT": 8125723.1427, "STORJUSDT": 10956408.4027, "FARTCOINUSDT": 268811597.53746, "CELOUSDT": 11757427.4089, "NULSUSDT": 2765589.3, "DODOXUSDT": 3888744.720282, "STXUSDT": 37010923.864, "TIAUSDT": 128092799.9131, "USUALUSDT": 90703731.6461, "TONUSDT": 51852464.00019, "ORCAUSDT": 6800064.5962, "MAGICUSDT": 7751800.25921, "GALAUSDT": 121979752.99879, "POPCATUSDT": 120915475.4807, "RSRUSDT": 25577238.950884, "CHESSUSDT": 4475844.5223, "DOTUSDT": 160954922.3108, "HOOKUSDT": 5817949.35076, "COWUSDT": 32858719.1684, "GASUSDT": 7311547.5057, "OGNUSDT": 6699512.9686, "FIOUSDT": 5015560.52078, "MTLUSDT": 5283382.8351, "AGLDUSDT": 26910142.4841, "ATOMUSDT": 57609971.74098, "LINAUSDT": 7463385.90852, "STMXUSDT": 8386882.21307, "XVGUSDT": 12103782.7313002, "AIXBTUSDT": 107680066.64935, "WLDUSDT": 244563387.8554, "1000SATSUSDT": 62659590.6435945, "BCHUSDT": 95712791.80609, "RONINUSDT": 6289754.86561, "BNTUSDT": 2928800.26676, "WOOUSDT": 6956228.83876, "POWRUSDT": 7987286.4547, "REIUSDT": 2629718.55885, "FETUSDT": 98323168.4157, "RIFUSDT": 3609198.62046, "VOXELUSDT": 4948257.6315, "GLMUSDT": 10975118.77713, "MEUSDT": 41518990.7403, "C98USDT": 8957179.6622, "ACEUSDT": 6321663.804478, "MAVUSDT": 4727057.85986, "1000BONKUSDT": 119769681.016612, "BANUSDT": 66393319.6044, "SOLUSDT": 2710200220.524, "DEFIUSDT": 2253779.7097, "UXLINKUSDT": 44155998.3403, "XTZUSDT": 19284626.0328, "ZEREBROUSDT": 44025176.3343, "ALPACAUSDT": 4351789.6366, "KMNOUSDT": 5354844.95481, "BADGERUSDT": 5680052.3618, "APEUSDT": 60247075.4492, "VIDTUSDT": 6620211.53928, "BRETTUSDT": 17907492.71231, "IDUSDT": 9436187.728, "LRCUSDT": 7036047.92757, "SUPERUSDT": 12315951.9836, "ALGOUSDT": 76433070.63706, "MYROUSDT": 8373863.67904, "ZROUSDT": 29118295.13977, "DUSDT": 9502312.71435, "GRTUSDT": 24575673.89513, "SKLUSDT": 8064333.68807, "TNSRUSDT": 11590434.91572, "STGUSDT": 9616490.9129, "VANRYUSDT": 11061598.826, "KOMAUSDT": 10704993.61303, "SPXUSDT": 33943214.0071, "1000WHYUSDT": 7222292.4645418, "PIXELUSDT": 12380260.21666, "BERAUSDT": 215437743.2225, "MASKUSDT": 22009086.2536, "BTCDOMUSDT": 8743721.6997, "PORTALUSDT": 8595364.65778, "FLOWUSDT": 21421498.839, "MEMEUSDT": 25247632.369877, "LAYERUSDT": 99621277.77479, "BTCUSDT_250627": 17467903.2659, "QTUMUSDT": 10866732.0283, "PHBUSDT": 7575339.9097, "REZUSDT": 9230638.19468, "ATAUSDT": 7703658.958, "EOSUSDT": 72803148.5886, "ADAUSDT": 534831276.5203, "ICXUSDT": 6452683.4575, "ENAUSDT": 402410963.1095, "SFPUSDT": 4146934.8746, "CETUSUSDT": 17278915.63761, "CAKEUSDT": 21384507.682, "BTCUSDT": 14403072504.9993, "DRIFTUSDT": 11859483.9698, "CKBUSDT": 9323017.678846, "HIFIUSDT": 4556265.5046, "COTIUSDT": 10528220.82559, "ENJUSDT": 8165896.82298, "NEIROETHUSDT": 21400893.41627, "ONEUSDT": 14508190.75466, "MOVRUSDT": 5900488.57647, "IMXUSDT": 15350129.0945, "THEUSDT": 43917850.55166, "DOGSUSDT": 39436993.2640726, "BALUSDT": 3689257.1422, "YGGUSDT": 8363467.9478, "QUICKUSDT": 2091945.82772, "SYNUSDT": 5846970.3491, "ANKRUSDT": 6449831.75708, "1000CATUSDT": 26236866.42445, "CELRUSDT": 6742391.07061, "ALCHUSDT": 40198567.03041, "ONDOUSDT": 216552809.90081, "IOTXUSDT": 7880605.5702, "BNBUSDT": 475707715.2256, "STRKUSDT": 24253332.82278, "UMAUSDT": 6879271.023, "METISUSDT": 5262569.5643, "THETAUSDT": 29656509.32758, "BBUSDT": 16546668.08277, "NTRNUSDT": 2938384.7433, "XMRUSDT": 21742257.6147, "GOATUSDT": 78292596.0962, "IOSTUSDT": 5980403.880028, "PIPPINUSDT": 32191345.58859, "1000SHIBUSDT": 72842869.344288, "SONICUSDT": 15309260.04528, "ALTUSDT": 13299151.55284, "CHILLGUYUSDT": 54481883.5271, "ZKUSDT": 21310680.15873, "RVNUSDT": 4732550.15722, "ZILUSDT": 10922949.30241, "SHELLUSDT": 77445616.5318, "1000PEPEUSDT": 861475236.2479233, "KDAUSDT": 8127777.8396, "XRPUSDT": 2093210636.86027, "ONTUSDT": 9084918.2979, "SWELLUSDT": 6881295.06257, "COSUSDT": 3169439.101964, "TRUMPUSDT": 1014242426.62091, "TAOUSDT": 129924973.74069, "INJUSDT": 76697793.105, "VTHOUSDT": 15514519.481868, "BANANAUSDT": 11710573.6887, "GMTUSDT": 44867724.89213, "TRUUSDT": 7598916.20467, "PROMUSDT": 6604646.3632, "CRVUSDT": 144941409.5987, "SANDUSDT": 76270924.51403, "SEIUSDT": 69082828.3895, "ACHUSDT": 11068120.488653, "AXLUSDT": 8512430.76172, "ETHUSDT": 8516052603.49187, "COMBOUSDT": 3200087.82009, "ALICEUSDT": 8540518.5663, "BIGTIMEUSDT": 19840547.55518, "USTCUSDT": 7419500.577339, "MOODENGUSDT": 61131023.53495, "RLCUSDT": 5777387.14801, "XLMUSDT": 149554290.55928, "AVAXUSDT": 249932841.362, "TROYUSDT": 12631662.918681, "DEXEUSDT": 21830264.98911, "PHAUSDT": 8886129.55524, "CFXUSDT": 23659592.15093, "SAFEUSDT": 4475209.8575, "IOTAUSDT": 28745661.87046, "GRIFFAINUSDT": 88515436.06508, "MINAUSDT": 9635267.8896, "AERGOUSDT": 9382989.4002, "LSKUSDT": 3864919.2171, "MEWUSDT": 13535990.882597, "BOMEUSDT": 62476199.878439, "BTCUSDT_250328": 30443964.9202, "PONKEUSDT": 9054482.2672, "MOVEUSDT": 97311688.7483, "TUSDT": 4270354.74684, "DOGEUSDT": 1363957365.99451, "1000000MOGUSDT": 18082506.99114, "1000RATSUSDT": 20619178.20458, "TLMUSDT": 4599601.09948, "NOTUSDT": 45829881.228388, "HOTUSDT": 8642857.485031, "FLMUSDT": 7076467.3796, "SUSHIUSDT": 27053150.523, "XAIUSDT": 15099203.42034, "AIUSDT": 19336119.51118, "BSVUSDT": 4740213.965, "SNXUSDT": 17196518.8186, "RUNEUSDT": 69960750.961, "NEIROUSDT": 252844030.8866912, "AVAUSDT": 11092939.95945, "LTCUSDT": 329669942.80635, "CHRUSDT": 7683951.7663, "KAITOUSDT": 859284187.6043, "IOUSDT": 47822797.77381, "WAXPUSDT": 4125253.72047, "ETHUSDT_250328": 15530892.16712, "SUNUSDT": 5261248.541099, "FXSUSDT": 6431093.89932, "GPSUSDT": 17706220.3867, "VINEUSDT": 117530641.82116, "YFIUSDT": 10498889.624, "TOKENUSDT": 5687869.16601, "MORPHOUSDT": 39955795.56627, "ILVUSDT": 5780651.0663, "DEGOUSDT": 3589312.5377, "RENDERUSDT": 49546301.8416, "OMNIUSDT": 9932459.58356, "HIPPOUSDT": 10639010.66189, "ETCUSDT": 93893518.99731, "BNXUSDT": 8696835.52014, "ICPUSDT": 33164670.648, "1000LUNCUSDT": 18262577.52589, "KAIAUSDT": 7717618.0725, "WUSDT": 21356409.844832, "JTOUSDT": 42437934.2871, "CYBERUSDT": 6222671.0766, "ENSUSDT": 62269661.9515, "1MBABYDOGEUSDT": 38674538.5742767, "JUPUSDT": 71834881.5037, "MBOXUSDT": 6490741.126, "API3USDT": 6075408.56465, "ACTUSDT": 157493789.98839, "JASMYUSDT": 36376693.027482, "GHSTUSDT": 2247701.6227, "PERPUSDT": 3981429.58272, "COOKIEUSDT": 33957668.4087, "ARBUSDT": 109422205.79913, "QNTUSDT": 12079354.577, "BICOUSDT": 4085295.101,