{"ACEUSDT": 11076991.861218, "AXLUSDT": 16607718.29751, "MANTAUSDT": 18123477.00738, "PHAUSDT": 97488935.09197, "ETHUSDT": 7163438364.52393, "DYMUSDT": 18874258.24533, "ROSEUSDT": 15519639.38568, "POLYXUSDT": 10726460.47742, "USUALUSDT": 402583250.0833, "MOVEUSDT": 304719591.9937, "MORPHOUSDT": 78157756.00862, "1000FLOKIUSDT": 114007379.84338, "ILVUSDT": 6361682.7898, "1MBABYDOGEUSDT": 86646754.0558371, "SCRTUSDT": 12508492.3468, "RAREUSDT": 15342511.7035, "NTRNUSDT": 4246942.3211, "AGLDUSDT": 15880544.0248, "VELODROMEUSDT": 32299275.77593, "PORTALUSDT": 13278496.31614, "PIXELUSDT": 21934935.37144, "SOLUSDT": 2325656977.561, "IOUSDT": 55688847.78021, "ZKUSDT": 29513783.33584, "TRBUSDT": 38498778.6468, "APEUSDT": 101701167.1678, "AVAXUSDT": 214506359.383, "BTCUSDT_250328": 20973082.8575, "KAIAUSDT": 14529791.0894, "CHRUSDT": 8446283.9854, "CFXUSDT": 30277975.6905, "DASHUSDT": 4747114.97598, "SAFEUSDT": 12511174.2109, "BEAMXUSDT": 17932333.005148, "CHESSUSDT": 5652753.9565, "BAKEUSDT": 12538507.5091, "DEGOUSDT": 5741922.37961, "ONEUSDT": 9273294.70822, "1000PEPEUSDT": 1065911319.1737117, "LTCUSDT": 116601715.9362, "KNCUSDT": 4976549.879, "KSMUSDT": 8343541.3183, "GALAUSDT": 92492937.6407, "CHILLGUYUSDT": 106503996.0804, "AIUSDT": 16078395.88794, "QUICKUSDT": 3799857.9101, "ONGUSDT": 5642459.10639, "DOTUSDT": 108157439.1603, "PHBUSDT": 12584843.6245, "RENDERUSDT": 46304899.7473, "ARKMUSDT": 61201972.6563, "BIOUSDT": 75434773.4007, "VANAUSDT": 117548272.13224, "AVAUSDT": 34024132.93732, "XVSUSDT": 5123102.704, "BNTUSDT": 2708364.99556, "CGPTUSDT": 28175701.63157, "CYBERUSDT": 8184028.7218, "SYNUSDT": 8973481.9933, "1INCHUSDT": 13203239.3438, "QNTUSDT": 6339472.858, "IOTAUSDT": 9132260.73742, "TOKENUSDT": 9868444.60189, "COSUSDT": 5500976.866473, "DOGSUSDT": 95089468.2493436, "MAGICUSDT": 8093016.85504, "IOSTUSDT": 4984373.148724, "ETHFIUSDT": 64968870.35313, "ETHUSDT_250328": 11072396.466, "1000LUNCUSDT": 25478229.75911, "XVGUSDT": 4413378.7076185, "XRPUSDT": 455998971.34349, "NMRUSDT": 5360923.0933, "SSVUSDT": 14198862.4004, "FILUSDT": 119695863.9339, "HFTUSDT": 3403623.93749, "XTZUSDT": 8917604.5654, "HIVEUSDT": 63187933.7257, "XLMUSDT": 24125531.11824, "1000BONKUSDT": 157423124.945883, "ONDOUSDT": 78242708.15527, "SPELLUSDT": 5900817.0978137, "ALTUSDT": 24681897.27723, "PNUTUSDT": 559311689.99231, "ZEREBROUSDT": 44025176.3343, "AEVOUSDT": 17509749.46121, "ASTRUSDT": 6793576.42291, "ARKUSDT": 17901901.1457, "DFUSDT": 29332886.57215, "NFPUSDT": 9524452.66531, "ALPHAUSDT": 10191865.3501, "MOCAUSDT": 153233360.938, "NEOUSDT": 16240713.19637, "VIRTUALUSDT": 192701663.88628, "JASMYUSDT": 36052642.945664, "LSKUSDT": 3530835.6141, "PERPUSDT": 5350628.88533, "PENGUUSDT": 270759268.0906, "ORBSUSDT": 3779634.57782, "BATUSDT": 6173348.56648, "RONINUSDT": 6819547.13607, "COWUSDT": 56175910.0108, "REEFUSDT": 21427119.412051, "GTCUSDT": 8429251.3114, "BSWUSDT": 3787326.45918, "SNXUSDT": 13399889.4082, "LITUSDT": 7671859.0804, "SAGAUSDT": 76264628.69552, "VOXELUSDT": 4869085.4382, "BLURUSDT": 26248340.5174, "ORDIUSDT": 201753343.7748, "OGNUSDT": 6764265.2402, "MKRUSDT": 42313731.8884, "HOOKUSDT": 8411403.22475, "CHZUSDT": 34025966.30773, "POLUSDT": 34276219.1407, "1000XUSDT": 17864824.90818, "NKNUSDT": 3990142.48619, "IDUSDT": 14745865.93733, "TLMUSDT": 5991543.382832, "AMBUSDT": 5598303.865146, "OMNIUSDT": 15072824.12948, "GMTUSDT": 31074336.80079, "XEMUSDT": 1888060.3002, "MEUSDT": 117398720.3257, "SANTOSUSDT": 11202677.7652, "OXTUSDT": 3912152.10541, "USTCUSDT": 12877030.505103, "AUCTIONUSDT": 12700600.21914, "COMBOUSDT": 3785391.21914, "AIXBTUSDT": 80775372.192, "LINAUSDT": 10850964.93313, "ARBUSDT": 102535762.74676, "FARTCOINUSDT": 171821621.56073, "THEUSDT": 99784040.18333, "ANKRUSDT": 5053548.41747, "BANDUSDT": 5404741.51122, "WOOUSDT": 12629344.74499, "FIOUSDT": 9030621.67742, "1000CATUSDT": 40224399.49121, "LINKUSDT": 207699669.77109, "PEOPLEUSDT": 118596538.68398, "DEXEUSDT": 31979810.96861, "EGLDUSDT": 11006944.5392, "SUPERUSDT": 21052924.7381, "CKBUSDT": 20113930.308348, "SLERFUSDT": 8900089.2767, "UMAUSDT": 12425245.58, "THETAUSDT": 23520710.28228, "HMSTRUSDT": 45976650.759695, "MASKUSDT": 28721618.9113, "YGGUSDT": 16269564.8461, "BTCDOMUSDT": 5528276.9717, "DYDXUSDT": 68443281.141, "AAVEUSDT": 146307613.475, "IOTXUSDT": 7317433.66027, "API3USDT": 12206597.19654, "KOMAUSDT": 28568328.49552, "BLZUSDT": 7371711.43794, "XAIUSDT": 25883135.719, "VANRYUSDT": 12728510.32205, "KDAUSDT": 6978709.8448, "LISTAUSDT": 15152715.8515, "ALGOUSDT": 18334498.10818, "SEIUSDT": 122214405.1754, "MOVRUSDT": 6281318.96511, "GOATUSDT": 311806493.5555, "ENSUSDT": 43416467.0464, "CELRUSDT": 6923697.14262, "BRETTUSDT": 17987366.98, "KMNOUSDT": 6902273.68904, "NOTUSDT": 80675256.250922, "DRIFTUSDT": 37034736.2506, "PENDLEUSDT": 51487883.6852, "LRCUSDT": 6529837.26898, "BNBUSDT": 406893971.8769, "LOKAUSDT": 3596458.7187, "1000000MOGUSDT": 24443530.4499, "STEEMUSDT": 2498023.59003, "1000CHEEMSUSDT": 30296240.8842089, "GRIFFAINUSDT": 51502363.12254, "STMXUSDT": 9489040.68781, "BANUSDT": 89618041.5037, "RPLUSDT": 4240271.9854, "ZETAUSDT": 25491041.5512, "CELOUSDT": 28052471.6328, "APTUSDT": 223415573.69233, "NEARUSDT": 131823265.782, "LUMIAUSDT": 15836850.0479, "COMPUSDT": 10344118.1202, "NULSUSDT": 3469215.0596, "NEIROUSDT": 595202493.6296833, "CRVUSDT": 70520163.7829, "SXPUSDT": 21625242.98114, "ATAUSDT": 5693875.9753, "TNSRUSDT": 18302677.86113, "SUIUSDT": 869483950.04095, "GASUSDT": 9879480.4673, "AI16ZUSDT": 176309038.5048, "RSRUSDT": 12724555.278931, "LOOMUSDT": 4098615.49018, "KASUSDT": 20876396.00875, "ARUSDT": 35350554.4987, "ZRXUSDT": 9720885.86861, "BCHUSDT": 118479292.75354, "MANAUSDT": 21212493.8044, "TIAUSDT": 221896987.237, "AEROUSDT": 10773006.27689, "MEWUSDT": 64763812.877784, "TAOUSDT": 126124633.36458, "QTUMUSDT": 5055473.5529, "ORCAUSDT": 22295316.3615, "AXSUSDT": 27762775.513, "WIFUSDT": 555914002.0826, "OMUSDT": 44187696.937705, "HBARUSDT": 28832503.00955, "HIFIUSDT": 7545745.1503, "STORJUSDT": 17582229.5731, "FLOWUSDT": 13449976.4521, "HIGHUSDT": 8971036.08026, "RDNTUSDT": 15856731.02342, "AERGOUSDT": 5987317.5839, "C98USDT": 6798485.6218, "GLMUSDT": 9019658.20626, "BELUSDT": 7167910.6004, "SKLUSDT": 6469618.28698, "BANANAUSDT": 20307272.6353, "STRKUSDT": 35141265.04279, "LQTYUSDT": 9077325.9932, "TRXUSDT": 71220920.88144, "1000SATSUSDT": 116373902.6929475, "BSVUSDT": 7045058.347, "SPXUSDT": 27813706.5748, "LDOUSDT": 45653553.2957, "AKTUSDT": 8225954.9461, "MBOXUSDT": 7470055.8513, "SANDUSDT": 34287757.5489, "REZUSDT": 14529806.60952, "YFIUSDT": 7475067.138, "GRASSUSDT": 58509642.0858, "FLMUSDT": 7716716.4214, "1000WHYUSDT": 10276072.7408063, "FXSUSDT": 5463712.65481, "LUNA2USDT": 16408778.2653, "CETUSUSDT": 35947303.71766, "DUSKUSDT": 6698163.809, "DEGENUSDT": 27818540.053744, "REIUSDT": 5080397.54809, "LEVERUSDT": 6713535.1184876, "HOTUSDT": 9407599.519462, "WAXPUSDT": 3720714.80323, "DEFIUSDT": 1257160.7549, "GHSTUSDT": 4150013.288, "UXLINKUSDT": 42418956.7016, "IMXUSDT": 20029473.5024, "KAVAUSDT": 10885895.28237, "VETUSDT": 13041783.225454, "ACXUSDT": 35250000.3182, "BONDUSDT": 3342591.9106, "POWRUSDT": 7479615.403, "DOGEUSDT": 1463229167.40835, "NEIROETHUSDT": 85850235.6317, "TRUUSDT": 9710291.15659, "RUNEUSDT": 60086895.103, "MAVIAUSDT": 7143475.04678, "ALICEUSDT": 9808909.0658, "CAKEUSDT": 10335453.1446, "ETHWUSDT": 9740008.3877, "TWTUSDT": 6010488.4542, "GRTUSDT": 25334423.46016, "RIFUSDT": 4137709.28506, "TUSDT": 4677854.90784, "ETCUSDT": 65054555.3205, "PONKEUSDT": 16392801.26511, "MTLUSDT": 6081765.9693, "METISUSDT": 8338389.6209, "VIDTUSDT": 13685232.51307, "MYROUSDT": 24588982.27021, "TONUSDT": 70702235.42885, "FLUXUSDT": 4711648.2911, "RVNUSDT": 6187031.33631, "SYSUSDT": 4425987.1934, "CTSIUSDT": 6274194.8179, "UNIUSDT": 120723224.928, "SWELLUSDT": 14929777.95246, "1000SHIBUSDT": 255337707.897311, "POPCATUSDT": 184939729.114, "ADAUSDT": 188392509.6518, "RAYSOLUSDT": 11764078.9277, "OMGUSDT": 3757667.32608, "DENTUSDT": 4713748.180444,