{"LPTUSDT": 12465222.1895, "SCRTUSDT": 13045362.1501, "FLUXUSDT": 5114032.2703, "LINAUSDT": 10116418.51396, "ICPUSDT": 32243981.255, "AEVOUSDT": 20668145.69289, "STRKUSDT": 41724205.41092, "GALAUSDT": 75441198.39428, "RSRUSDT": 12276842.257356, "RPLUSDT": 5555443.8668, "GOATUSDT": 383088660.2219, "GASUSDT": 10938755.7722, "UNIUSDT": 85695316.47, "TRXUSDT": 56783389.6267, "ICXUSDT": 3837092.9001, "SKLUSDT": 5661563.68209, "LINKUSDT": 139156105.4972, "AGLDUSDT": 6195998.0011, "BOMEUSDT": 146119072.948254, "MAVUSDT": 6231807.52997, "RUNEUSDT": 62529680.196, "PIXELUSDT": 24401043.6283, "ENSUSDT": 33072342.1395, "HOTUSDT": 6851167.875038, "LOOMUSDT": 6318820.10464, "KOMAUSDT": 38870929.56324, "THEUSDT": 112973720.52098, "SUPERUSDT": 25262447.197, "AVAUSDT": 74473341.0783, "1000CHEEMSUSDT": 23836426.4965306, "ZETAUSDT": 34263424.5805, "1INCHUSDT": 13666675.3263, "ARUSDT": 39765858.5989, "ZILUSDT": 7438019.46143, "POLYXUSDT": 9530786.47804, "CHILLGUYUSDT": 127128067.3819, "BTCUSDT_241227": 25456210.043, "1000LUNCUSDT": 26088325.83261, "HIFIUSDT": 7574753.896, "LUMIAUSDT": 19835017.0961, "LQTYUSDT": 8794190.90764, "AEROUSDT": 19228938.40286, "ETHWUSDT": 8833962.9151, "1000BONKUSDT": 130321997.381346, "IMXUSDT": 21753635.4051, "GRASSUSDT": 79837822.07838, "NTRNUSDT": 4391357.3322, "ADAUSDT": 128068466.9168, "ZKUSDT": 29513783.33584, "STORJUSDT": 16218289.3438, "GLMUSDT": 6926346.90312, "DASHUSDT": 3781085.2925, "XVSUSDT": 4822231.6833, "INJUSDT": 93103121.4041, "ORCAUSDT": 32957440.8544, "XAIUSDT": 28464121.7731, "PONKEUSDT": 23197335.57675, "DRIFTUSDT": 38777749.1287, "XRPUSDT": 383237208.29736, "ZROUSDT": 51736850.32319, "SUIUSDT": 869483950.04095, "ALPACAUSDT": 10286818.04906, "BANUSDT": 104762950.7368, "NMRUSDT": 4746599.1242, "SPXUSDT": 23476184.6569, "XMRUSDT": 12016168.15275, "BAKEUSDT": 13326013.1295, "QUICKUSDT": 5068711.88719, "THETAUSDT": 20578939.46566, "ROSEUSDT": 14897270.33243, "RONINUSDT": 5912487.41397, "FILUSDT": 95497436.8165, "STGUSDT": 6439660.1835, "BBUSDT": 22992023.1442, "COWUSDT": 48636218.784, "MKRUSDT": 43471861.2327, "AKTUSDT": 11570204.7194, "DEFIUSDT": 1063820.2652, "WOOUSDT": 12382238.35882, "ALGOUSDT": 12134448.04922, "MANTAUSDT": 20094178.1908, "MINAUSDT": 16805589.6125, "MAVIAUSDT": 9185746.64315, "NFPUSDT": 9253879.68792, "WIFUSDT": 578203609.28252, "1000PEPEUSDT": 1020847004.4173523, "BANANAUSDT": 23038850.3821, "DENTUSDT": 3805897.739302, "LTCUSDT": 92517121.93909, "STMXUSDT": 9663827.7948, "LISTAUSDT": 19392542.094, "1MBABYDOGEUSDT": 99277882.1166911, "CYBERUSDT": 9581092.8323, "SSVUSDT": 13364652.66617, "DODOXUSDT": 5859449.952477, "VELODROMEUSDT": 101969605.77811, "AXLUSDT": 17092198.70771, "BONDUSDT": 4802140.3641, "GHSTUSDT": 5155515.946, "JUPUSDT": 57797128.932, "SUSHIUSDT": 16383811.001, "BATUSDT": 3742301.32447, "UXLINKUSDT": 41766717.8059, "DARUSDT": 12770052.69909, "POPCATUSDT": 198964270.7296, "C98USDT": 5986429.1578, "VETUSDT": 11330899.621579, "SCRUSDT": 56502432.5953, "IDUSDT": 13649435.43723, "ENJUSDT": 6134163.38423, "CHZUSDT": 31236441.58642, "TWTUSDT": 7648358.5376, "TUSDT": 4621497.75734, "SPELLUSDT": 6123293.5005784, "EDUUSDT": 9101666.8203, "AAVEUSDT": 132130373.734, "SYSUSDT": 5664992.2547, "NEOUSDT": 13378061.43598, "MOCAUSDT": 127161062.5659, "RENUSDT": 3586434.55662, "ZECUSDT": 17084680.64295, "KAVAUSDT": 11199414.15691, "XVGUSDT": 3530677.933225, "LOKAUSDT": 3923909.0443, "FXSUSDT": 4193756.14793, "ZRXUSDT": 8083987.30233, "BRETTUSDT": 15438358.74916, "SYNUSDT": 9293403.3622, "JTOUSDT": 43751880.2146, "BEAMXUSDT": 19486420.100254, "FIDAUSDT": 25975190.8308, "FLMUSDT": 6351209.9305, "SNXUSDT": 11709037.1203, "ONTUSDT": 5896702.39206, "KSMUSDT": 6400593.8254, "MANAUSDT": 15459957.9849, "SLERFUSDT": 16555188.7676, "AERGOUSDT": 5902913.4975, "ALTUSDT": 31797072.55065, "CELOUSDT": 29363969.2892, "DEGENUSDT": 39522539.007972, "COMPUSDT": 8918148.36951, "HBARUSDT": 19816474.58037, "METISUSDT": 8851419.0099, "PERPUSDT": 4398828.89889, "DOTUSDT": 86660628.3706, "BADGERUSDT": 3361327.8142, "BNBUSDT": 367262933.3305, "ACXUSDT": 65595308.82256, "OMNIUSDT": 16057100.77536, "NKNUSDT": 3705178.11581, "WLDUSDT": 346806895.2074, "BNXUSDT": 19346953.93418, "HIPPOUSDT": 62550965.66983, "COMBOUSDT": 3144294.64371, "ASTRUSDT": 6978848.63375, "KNCUSDT": 4371204.8318, "BSWUSDT": 4111627.55605, "LITUSDT": 5497729.0073, "FETUSDT": 160903306.4825, "1000XECUSDT": 4972113.97591, "APTUSDT": 214961428.30936, "SAFEUSDT": 14440051.6036, "ONDOUSDT": 68321784.07029, "ARKUSDT": 19799389.8114, "RENDERUSDT": 43918290.154, "VIRTUALUSDT": 121845548.01084, "SEIUSDT": 140735567.244, "ACTUSDT": 331912768.95858, "ATOMUSDT": 51285122.01909, "1000SATSUSDT": 139716574.4515228, "USTCUSDT": 11606003.410068, "POWRUSDT": 5223330.2842, "LUNA2USDT": 14049548.8027, "MBOXUSDT": 7995910.5882, "HOOKUSDT": 8146996.43239, "UMAUSDT": 13339706.055, "YGGUSDT": 18828563.745, "CHRUSDT": 8107467.5575, "TURBOUSDT": 136454651.3317791, "LRCUSDT": 5489802.30597, "BSVUSDT": 7045058.347, "SOLUSDT": 2320385730.092, "COTIUSDT": 14121685.96481, "SWELLUSDT": 26051582.08528, "MORPHOUSDT": 84753198.90949, "ETHUSDT_250328": 9370971.32891, "ETHUSDT_241227": 12903038.22109, "STEEMUSDT": 1882071.01952, "TIAUSDT": 258414827.9377, "OMGUSDT": 5398784.23938, "NEIROUSDT": 745099606.2708614, "BTCDOMUSDT": 3485544.4533, "TROYUSDT": 69905753.725467, "SXPUSDT": 19319713.97747, "PHBUSDT": 12584843.6245, "CETUSUSDT": 42733444.54857, "1000XUSDT": 25477926.18889, "BNTUSDT": 2457708.26403, "NOTUSDT": 111610834.317898, "ARPAUSDT": 9922858.40299, "GRTUSDT": 24179826.99671, "BICOUSDT": 4508473.911, "WUSDT": 38529134.65002, "BANDUSDT": 4622943.71258, "TONUSDT": 94497703.97385, "ALICEUSDT": 9140706.7119, "AMBUSDT": 5765696.103947, "TRBUSDT": 46688395.4188, "KAIAUSDT": 33451997.7009, "IOTAUSDT": 6887111.99099, "1000SHIBUSDT": 255337707.897311, "SUNUSDT": 20142723.328348, "WAXPUSDT": 3466146.26636, "REIUSDT": 6723867.54662, "RDNTUSDT": 18678142.1321, "MASKUSDT": 22322179.3216, "MOVEUSDT": 304719591.9937, "ALPHAUSDT": 5999375.68812, "REEFUSDT": 31097966.130838, "VOXELUSDT": 6200948.7766, "FLOWUSDT": 9659310.154, "HIGHUSDT": 9469994.39611, "IOSTUSDT": 4290746.497719, "1000RATSUSDT": 58210747.04639, "ONEUSDT": 6798641.72169, "MOODENGUSDT": 354565355.84905, "QNTUSDT": 5775301.431, "YFIUSDT": 5585011.517, "RVNUSDT": 5380587.29558, "ACEUSDT": 11710240.579403, "PNUTUSDT": 831105873.51256, "JOEUSDT": 3622329.86162, "ILVUSDT": 6321232.8641, "PYTHUSDT": 22511674.9475, "TOKENUSDT": 9957814.9204, "CKBUSDT": 22540068.099377, "TAOUSDT": 136896795.65297, "EIGENUSDT": 134252575.9567, "PENGUUSDT": 237352320.249158, "DYDXUSDT": 66255441.4867, "LEVERUSDT": 7188136.178938, "MAGICUSDT": 6847189.18135, "ARBUSDT": 87082241.82371, "MTLUSDT": 5603952.3815, "TNSRUSDT": 18452094.38704, "BALUSDT": 3681030.003, "IOTXUSDT": 6770793.19313, "KEYUSDT": 4613035.7389755, "STXUSDT": 70975650.6683, "OPUSDT": 83871830.98536, "MOVRUSDT": 5667149.05243, "RAYSOLUSDT": 18153182.30227, "ETHUSDT": 6531967836.16009, "GMTUSDT": 30144788.36111, "ORBSUSDT": 4769872.69954, "DYMUSDT": 23231571.84588, "1000FLOKIUSDT": 113211239.66551, "GTCUSDT": 7503401.1419, "BTCUSDT_250328": 20260285.4223, "ETCUSDT": 55363529.12281, "XLMUSDT": 18280094.85145, "BLURUSDT": 30950439.3378, "APEUSDT": 64711263.1742, "CELRUSDT": 4209287.56573, "VANAUSDT": 179857964.90522, "MEMEUSDT": 40361559.144741, "USDCUSDT": 1133724.520294, "ORDIUSDT": 226175220.855, "CATIUSDT": 70899436.7838, "MEUSDT": 230651886.5456, "ONGUSDT": 5363864.75666, "RIFUSDT": 4494078.7217, "SAGAUSDT": 109212841.24536, "BTCUSDT": 14875897055.1134, "KASUSDT": 18571184.66012, "FIOUSDT": 10458054.97453, "QTUMUSDT": 4119553.937, "CHESSUSDT": 7218489.0848, "JASMYUSDT": 33421074.615726, "LDOUSDT": 34143815.9593, "KDAUSDT": 6793710.1694, "DIAUSDT": 18555274.7851, "EOSUSDT": 40985330.0121, "PEOPLEUSDT": 140240904.90337, "OMUSDT": 34437047.790176, "LSKUSDT": 2916861.9978, "OGNUSDT": 5535423.8879, "NEARUSDT": 147471711.356, "IOUSDT": 66953973.3796, "GUSDT": 5252071.33158, "MYROUSDT": 25524903.59954,