{"DOTUSDT": 102884290.5742, "RPLUSDT": 3643557.8445, "XVGUSDT": 3383188.4960207, "ALCHUSDT": 21806171.49714, "SIRENUSDT": 5571971.34986, "BTCUSDT": 14010734428.5148, "DYMUSDT": 4459572.67007, "FETUSDT": 67947404.5796, "MILKUSDT": 2761996.8845, "1000CHEEMSUSDT": 6714155.6232575, "SFPUSDT": 1928731.1255, "DEXEUSDT": 5842277.80386, "WIFUSDT": 217289175.04237, "BROCCOLIF3BUSDT": 10404685.716048, "VANAUSDT": 11759280.93838, "ZRXUSDT": 5551984.02221, "LPTUSDT": 8463914.6626, "GUNUSDT": 13868758.87243, "ATHUSDT": 6510842.62292, "ZETAUSDT": 5994128.2843, "TSTUSDT": 12056290.0894, "SUIUSDT": 655509438.74506, "ETHUSDT": 9300377779.3857, "OMUSDT": 49216311.297514, "BIDUSDT": 2994854.61938, "1000FLOKIUSDT": 28312398.20736, "LTCUSDT": 148418618.54927, "PUNDIXUSDT": 5712242.872, "ARKMUSDT": 17134507.386, "BANDUSDT": 2585970.60853, "FLMUSDT": 10501185.9152, "STXUSDT": 19864360.712, "BTCUSDT_250926": 13712717.78, "NEIROUSDT": 74170046.1895759, "ZKJUSDT": 2548834.7404, "LAUSDT": 43069924.066, "BNBUSDT": 272646219.4591, "XLMUSDT": 50214284.15014, "IOUSDT": 12295858.65695, "IMXUSDT": 13771189.8026, "KAIAUSDT": 3431016.7115, "HOOKUSDT": 3067347.35276, "HOTUSDT": 3280593.193042, "HYPERUSDT": 8524544.7331, "AI16ZUSDT": 49512440.34006, "AGTUSDT": 10020232.40211, "BCHUSDT": 108970047.61458, "GRASSUSDT": 13234635.40124, "HOMEUSDT": 60024226.770858, "WUSDT": 14682725.101295, "DEEPUSDT": 9379994.1229, "MOODENGUSDT": 22013161.35165, "KAVAUSDT": 8704824.23257, "PUMPUSDT": 2943876.63112, "GALAUSDT": 45208742.26165, "MYROUSDT": 3823941.02202, "YFIUSDT": 5222960.657, "SSVUSDT": 6497331.36112, "STRKUSDT": 14910333.84391, "CHRUSDT": 3827421.7063, "KAITOUSDT": 57362072.33954, "RENDERUSDT": 39735316.4246, "EDUUSDT": 4377131.0638, "FIDAUSDT": 5336739.10132, "WLDUSDT": 107842888.4689, "ENAUSDT": 228125068.8617, "SPKUSDT": 79962253.36606, "GASUSDT": 4424913.4815, "NKNUSDT": 3397232.55764, "1000PEPEUSDT": 773166371.507137, "MEMEFIUSDT": 4413088.589333, "MEWUSDT": 13056467.312085, "FARTCOINUSDT": 444252135.56662, "TRXUSDT": 89028913.09282, "KDAUSDT": 3509487.1318, "BIOUSDT": 11211782.2856, "FORMUSDT": 7697567.42269, "C98USDT": 4557801.8209, "DMCUSDT": 80725343.716721, "1000SATSUSDT": 21382685.6597078, "XAIUSDT": 6964187.61399, "BANUSDT": 2751741.25984, "CGPTUSDT": 3586641.06633, "GOATUSDT": 26226734.82666, "NXPCUSDT": 88689606.66586, "RAYSOLUSDT": 20113710.08597, "KERNELUSDT": 16613127.0737, "COSUSDT": 1318351.925542, "ZKUSDT": 10695607.55785, "BRETTUSDT": 13965391.19198, "ZEREBROUSDT": 18873745.64831, "BDXNUSDT": 11959746.58862, "MKRUSDT": 35392024.0584, "SOONUSDT": 24569118.83435, "HUMAUSDT": 42424269.8237, "BLURUSDT": 6532291.20272, "YGGUSDT": 4803003.3409, "MOCAUSDT": 3173633.44598, "HIPPOUSDT": 7558094.246254, "PYTHUSDT": 12966605.04302, "FUSDT": 4911480.436, "VOXELUSDT": 5837995.46273, "FUNUSDT": 12284830.011907, "BBUSDT": 5280912.51975, "PIXELUSDT": 6740675.0778, "1000000MOGUSDT": 9421816.23469, "IPUSDT": 15123150.990449, "XCNUSDT": 6339970.82489, "RDNTUSDT": 2500162.34121, "GLMUSDT": 3418101.72719, "BABYUSDT": 16214375.06873, "ARUSDT": 14650913.9776, "LAYERUSDT": 57859030.34256, "CKBUSDT": 3617942.634379, "SANDUSDT": 24839431.42998, "HUSDT": 162536838.60432, "HAEDALUSDT": 24918616.388328, "ROSEUSDT": 5842110.51056, "TUTUSDT": 11877457.49833, "CFXUSDT": 8222157.69337, "CELOUSDT": 7209602.0702, "SPXUSDT": 28330510.845, "FISUSDT": 2522309.72848, "ETHUSDT_251226": 2567983.80194, "SUPERUSDT": 7136076.6589, "TRUMPUSDT": 293857928.7416, "ARBUSDT": 58093845.12916, "RAREUSDT": 10223164.7621, "DOGSUSDT": 13057992.160305, "ANKRUSDT": 3824659.00235, "MUBARAKUSDT": 48230857.6019, "BUSDT": 19952124.31899, "CAKEUSDT": 26868379.5535, "PORTALUSDT": 5827704.83532, "CRVUSDT": 111791609.4168, "ICXUSDT": 4827296.7812, "KOMAUSDT": 3039098.44994, "BANANAUSDT": 8964571.9336, "AVAAIUSDT": 11966684.34247, "PEOPLEUSDT": 26883344.17912, "POPCATUSDT": 73345056.858, "SKATEUSDT": 15984689.57821, "RLCUSDT": 2261386.31311, "UXLINKUSDT": 7448718.2274, "PIPPINUSDT": 5857801.44229, "ALGOUSDT": 28644004.28491, "JTOUSDT": 16190885.5952, "BAKEUSDT": 5212428.1236, "IDUSDT": 4236831.73611, "WCTUSDT": 68490856.1545, "NMRUSDT": 2690448.0481, "VANRYUSDT": 4974203.27447, "SYNUSDT": 2934271.0808, "PROMUSDT": 1728978.6112, "VVVUSDT": 4554408.21471, "BATUSDT": 3734266.80196, "METISUSDT": 2525411.8108, "PAXGUSDT": 29555036.6648, "1000CATUSDT": 5416881.347093, "ALTUSDT": 5657163.02022, "SOLVUSDT": 9351702.4217, "COOKIEUSDT": 12135443.1854, "AIUSDT": 4904690.34798, "BERAUSDT": 29864601.0646, "BTCUSDT_251226": 3400747.4252, "MEUSDT": 8322197.5686, "COTIUSDT": 6146643.01983, "1000SHIBUSDT": 91343288.551286, "AVAXUSDT": 217295112.154, "PLUMEUSDT": 4866248.6558, "SONICUSDT": 5170468.67171, "BMTUSDT": 17754183.0166, "MAVUSDT": 2353560.59262, "ETHUSDT_250926": 7292472.40048, "LUNA2USDT": 4483364.6253, "USUALUSDT": 19654078.3585, "DRIFTUSDT": 2917191.5415, "JOEUSDT": 2279223.18649, "MINAUSDT": 6246358.3837, "UMAUSDT": 3495756.463, "1000LUNCUSDT": 6288844.91486, "BTCDOMUSDT": 9460611.8662, "VIRTUALUSDT": 100162172.80364, "HIGHUSDT": 3504318.42836, "SYRUPUSDT": 72423614.72952, "IOTXUSDT": 4684969.19857, "AERGOUSDT": 15806189.31403, "AEVOUSDT": 5480929.79235, "STOUSDT": 7756674.59917, "IOSTUSDT": 3612360.620164, "ARKUSDT": 2908203.4729, "BANKUSDT": 4803071.979304, "BSVUSDT": 3049979.399, "SEIUSDT": 33555916.6096, "CETUSUSDT": 8814522.66292, "TAIKOUSDT": 3571418.8248, "SHELLUSDT": 8518990.7129, "SPELLUSDT": 3968593.2009785, "HBARUSDT": 56653422.17547, "MBOXUSDT": 2767860.8869, "NEIROETHUSDT": 13604011.11602, "UNIUSDT": 81597880.884, "STORJUSDT": 3949024.2997, "QTUMUSDT": 4642885.4606, "WALUSDT": 11325608.938, "SUSHIUSDT": 12522749.0298, "VINEUSDT": 18161045.08626, "SIGNUSDT": 12187089.47839, "SAHARAUSDT": 171615447.1683, "ACTUSDT": 17351849.71299, "XRPUSDT": 1154256798.40224, "USTCUSDT": 3022905.973383, "OBOLUSDT": 8095312.81771, "ZILUSDT": 5888287.17369, "OPUSDT": 73260912.55671, "RUNEUSDT": 16902287.47, "IOTAUSDT": 7727574.7842, "DYDXUSDT": 22015656.5474, "TOKENUSDT": 2417129.67467, "SKYAIUSDT": 5836864.01998, "JUPUSDT": 39288692.7241, "OMNIUSDT": 5489168.08798, "INJUSDT": 53346241.8554, "TONUSDT": 47324047.80016, "SXTUSDT": 14456929.21756, "POLYXUSDT": 2860093.84128, "LQTYUSDT": 4169187.69195, "MELANIAUSDT": 14414784.06392, "TUSDT": 4334903.11856, "ONEUSDT": 5022941.08696, "HFTUSDT": 2520108.19273, "KSMUSDT": 4193697.6556, "JASMYUSDT": 13229922.489173, "SOLUSDT": 2755692325.06035, "EGLDUSDT": 6686337.5863, "AUCTIONUSDT": 10083053.37706, "AXSUSDT": 11903303.526, "ENSUSDT": 26049419.7399, "CELRUSDT": 2989230.5979, "1000RATSUSDT": 5817929.62753, "NEOUSDT": 14285209.73627, "GPSUSDT": 5491182.60116, "BICOUSDT": 2555851.2781, "LRCUSDT": 3334121.33547, "INITUSDT": 44331472.4544, "TRUUSDT": 2762545.82058, "HYPEUSDT": 188956971.74026, "AIXBTUSDT": 40855653.20157, "KASUSDT": 12014382.70866, "LISTAUSDT": 8592027.7175, "ADAUSDT": 365796578.9454, "AAVEUSDT": 172145738.246, "DOLOUSDT": 2447878.474689, "COMPUSDT": 11507132.4225, "1000BONKUSDT": 65687498.537252, "THEUSDT": 6295605.26965, "OGNUSDT": 2646711.4338, "ACHUSDT": 11399598.508759, "QNTUSDT": 5927382.64, "MASKUSDT": 18787371.8851, "LDOUSDT": 46724914.3984, "APEUSDT": 18314453.5221, "SXPUSDT": 4808268.41156, "NILUSDT": 13315491.52004, "ORDIUSDT": 46277636.7546, "EPTUSDT": 5689297.938075, "SWARMSUSDT": 14133927.11784, "SNXUSDT": 7493880.2355, "WOOUSDT": 3898753.41932, "SAFEUSDT": 3423326.4838, "FLOWUSDT": 8602812.4626, "RSRUSDT": 10107141.71009, "PARTIUSDT": 21583104.5567, "MOVEUSDT": 32534014.8406, "MANAUSDT": 11238964.942, "LINKUSDT": 208370278.72776, "CHESSUSDT": 3410968.89222, "DENTUSDT": 2541237.134199, "ACXUSDT": 2053969.08384, "DOODUSDT": 3779898.3145622, "REZUSDT": 12595125.25188, "TAOUSDT": 104762425.35952, "DUSKUSDT": 2113765.1028, "TNSRUSDT": 2987179.88152, "AGLDUSDT": 5940760.7736, "JELLYJELLYUSDT": 13017861.71508, "1000000BOBUSDT": 31988030.50905, "PENDLEUSDT": 34708556.2125, "ZENUSDT": 7934887.2803, "BOMEUSDT": 23395858.805872, "ETCUSDT": 51578871.75537, "SQDUSDT": 10913925.11056,