{"DUSDT": 9356371.36978, "1000BONKUSDT": 98687217.71026, "NEIROETHUSDT": 20931069.08416, "VELODROMEUSDT": 5406671.50721, "SNXUSDT": 17030520.0272, "DEXEUSDT": 18995978.00387, "STEEMUSDT": 7383425.55507, "AEVOUSDT": 13508561.38678, "ALTUSDT": 12790380.15147, "BSVUSDT": 4537433.304, "PENGUUSDT": 119138193.594199, "SOLUSDT": 2827113414.112, "BTCDOMUSDT": 8794342.9595, "TSTUSDT": 163436660.2347, "1000SATSUSDT": 60559870.016229, "PERPUSDT": 3545958.82794, "BBUSDT": 13385398.77415, "SYNUSDT": 5292647.5969, "DRIFTUSDT": 10640666.1996, "FLOWUSDT": 19775553.1859, "ENAUSDT": 415899095.2063, "ATAUSDT": 6688410.891, "PHBUSDT": 7298799.6089, "ANIMEUSDT": 40578108.9012, "CATIUSDT": 10656629.439, "JOEUSDT": 4329667.91718, "ETHUSDT_250627": 8209091.21269, "SUIUSDT": 751690893.2697, "SUSHIUSDT": 24824315.5542, "AXSUSDT": 22841746.495, "COWUSDT": 30015346.0309, "NKNUSDT": 3074943.4454, "MASKUSDT": 21062920.8398, "SEIUSDT": 66472192.85, "OXTUSDT": 3707404.38012, "NFPUSDT": 6914143.05677, "SCRUSDT": 12488339.6501, "HBARUSDT": 213853455.02119, "USDCUSDT": 4643813.163944, "GLMUSDT": 10905927.73334, "WIFUSDT": 375881056.00765, "OGNUSDT": 6599383.2057, "1MBABYDOGEUSDT": 37170375.394323, "SUNUSDT": 4894285.476763, "GTCUSDT": 6760565.4449, "SWELLUSDT": 6436127.46282, "LQTYUSDT": 8349756.98407, "BNXUSDT": 8696835.52014, "STXUSDT": 33850847.4893, "BADGERUSDT": 5596297.2073, "SUPERUSDT": 11847947.6955, "ENJUSDT": 7981384.02984, "BICOUSDT": 3757147.5807, "MEUSDT": 40458131.6127, "COMBOUSDT": 3002232.65524, "OMNIUSDT": 9180500.90524, "FARTCOINUSDT": 261647312.24125, "AERGOUSDT": 9165762.535, "MAVUSDT": 4727057.85986, "UNIUSDT": 111674601.78, "BATUSDT": 10111394.31218, "TRBUSDT": 32477498.7233, "ONTUSDT": 8283234.13114, "ACHUSDT": 12239698.870222, "ONEUSDT": 14077280.51295, "BALUSDT": 3604337.224, "API3USDT": 5863956.1665, "EOSUSDT": 68957928.3326, "COOKIEUSDT": 32971673.8686, "JTOUSDT": 42046835.5751, "TRUUSDT": 7130341.26344, "1000RATSUSDT": 18717673.41443, "MBOXUSDT": 6114654.3089, "BTCUSDT_250627": 17467903.2659, "WUSDT": 20850206.794643, "ALCHUSDT": 40198567.03041, "KAVAUSDT": 13047186.96897, "FXSUSDT": 5937373.56189, "TLMUSDT": 4289589.147755, "STGUSDT": 8749931.9585, "RONINUSDT": 6041759.82675, "XTZUSDT": 16641737.3206, "TRXUSDT": 130778422.28551, "1000CHEEMSUSDT": 21110973.9689354, "DIAUSDT": 3168672.5489, "DOGEUSDT": 1304561623.18609, "VTHOUSDT": 12543337.986517, "ARPAUSDT": 5178917.79943, "TAOUSDT": 129087964.36146, "KDAUSDT": 6957638.7711, "ETHFIUSDT": 61056076.25639, "IOUSDT": 43394344.75362, "1INCHUSDT": 11572907.5281, "ATOMUSDT": 55631267.08261, "HFTUSDT": 3930528.91092, "SWARMSUSDT": 140133999.8003, "1000WHYUSDT": 5817033.7778431, "CHILLGUYUSDT": 49858474.095, "OPUSDT": 97861822.13677, "ORCAUSDT": 6414319.2123, "CKBUSDT": 8886776.612129, "1000LUNCUSDT": 16260318.05351, "BOMEUSDT": 60081200.890008, "RPLUSDT": 4094986.2007, "UXLINKUSDT": 38269432.2846, "BNBUSDT": 475216542.7269, "ETHUSDT_250328": 15384671.04532, "BIGTIMEUSDT": 17429937.3467, "ARBUSDT": 106082083.15365, "TUSDT": 4020952.91571, "ZRXUSDT": 10871802.8989, "MEMEUSDT": 24864928.96078, "JASMYUSDT": 35867507.367288, "GHSTUSDT": 2214254.4333, "ACXUSDT": 5951139.8893, "1000PEPEUSDT": 839577595.062025, "IMXUSDT": 15086835.9452, "YGGUSDT": 8045844.4177, "MOODENGUSDT": 50701842.17031, "LAYERUSDT": 99621277.77479, "LSKUSDT": 3697608.7818, "FIDAUSDT": 10115880.2425, "HIFIUSDT": 3979790.7221, "JUPUSDT": 70700488.4716, "ZKUSDT": 20945084.02226, "LISTAUSDT": 9861608.4154, "NEIROUSDT": 239727160.8574344, "CHZUSDT": 22508610.39788, "ETHWUSDT": 4329934.9723, "WLDUSDT": 238018809.6454, "1000FLOKIUSDT": 63366707.19794, "APTUSDT": 138492837.08789, "SSVUSDT": 16490088.24887, "DOTUSDT": 151094846.2111, "WAXPUSDT": 3809064.21726, "ARUSDT": 35066337.6497, "BANUSDT": 59763250.559, "DOGSUSDT": 38923522.1251612, "POPCATUSDT": 114761158.8841, "BNTUSDT": 2918542.33343, "METISUSDT": 5174470.0108, "REDUSDT": 113002145.6468, "1000XECUSDT": 4671187.7704, "AI16ZUSDT": 144288232.81432, "DFUSDT": 10471277.49903, "DASHUSDT": 7998676.72162, "XVSUSDT": 6803240.4927, "REIUSDT": 2522968.05156, "HIVEUSDT": 17733352.39505, "PIXELUSDT": 11513189.26507, "MOVEUSDT": 98963765.8088, "ONDOUSDT": 220580073.54745, "HOOKUSDT": 5474499.38367, "KSMUSDT": 8890610.0598, "1000CATUSDT": 24209063.17225, "CGPTUSDT": 20632944.26012, "CRVUSDT": 140955410.5281, "MOVRUSDT": 5626442.81989, "VOXELUSDT": 4853877.0648, "TIAUSDT": 117787930.2104, "IOSTUSDT": 5834325.882338, "TONUSDT": 51521257.89753, "AIXBTUSDT": 89865760.60687, "TOKENUSDT": 4585937.9015, "ARKMUSDT": 41916257.5599, "ALGOUSDT": 75432712.35254, "CFXUSDT": 22690564.08086, "ONGUSDT": 4074501.3045, "TROYUSDT": 10729368.216896, "AAVEUSDT": 247665112.504, "GUSDT": 5309507.61272, "IDUSDT": 9310151.34566, "CTSIUSDT": 5128165.5798, "BIOUSDT": 32881732.8931, "STORJUSDT": 9211809.2445, "SPXUSDT": 33943214.0071, "EGLDUSDT": 13260112.663, "POLYXUSDT": 7103254.43509, "GRASSUSDT": 26100079.69628, "CETUSUSDT": 16562252.82542, "USTCUSDT": 6604849.855785, "ACTUSDT": 136730671.83532, "LTCUSDT": 343662759.07125, "IOTXUSDT": 7216847.44465, "KNCUSDT": 4558068.7416, "VIRTUALUSDT": 124579800.64897, "RENDERUSDT": 49294689.3954, "DODOXUSDT": 3567319.800526, "XAIUSDT": 13383105.22617, "ORDIUSDT": 121263374.3689, "CELOUSDT": 11321150.3311, "MANAUSDT": 22735344.1495, "ZILUSDT": 10786614.15501, "SYSUSDT": 2923745.67229, "LEVERUSDT": 5632990.835714, "SANDUSDT": 68586625.83919, "MTLUSDT": 5134765.4676, "ACEUSDT": 5859996.641636, "PORTALUSDT": 8317437.94755, "MEWUSDT": 11826147.655415, "AIUSDT": 17515092.36571, "BEAMXUSDT": 13043309.714828, "RUNEUSDT": 69960750.961, "GRIFFAINUSDT": 85015782.20561, "ZETAUSDT": 6223833.1406, "CELRUSDT": 6477984.42156, "PHAUSDT": 8379885.44298, "ARCUSDT": 161107725.9168, "BERAUSDT": 190601467.2849, "PENDLEUSDT": 38056497.9151, "MKRUSDT": 36480973.7948, "COTIUSDT": 10417998.63413, "INJUSDT": 75033355.9891, "SONICUSDT": 15151181.54229, "QTUMUSDT": 10764371.3024, "ALICEUSDT": 8123538.3426, "ALPHAUSDT": 5756081.01601, "ASTRUSDT": 6793576.42291, "QNTUSDT": 12242655.518, "VIDTUSDT": 6080563.22153, "XMRUSDT": 22067921.73665, "ARKUSDT": 8587711.6879, "RAREUSDT": 5925912.59954, "AUCTIONUSDT": 16927211.7188, "HIPPOUSDT": 9098306.67087, "EDUUSDT": 4990637.6474, "SPELLUSDT": 10606469.5078011, "KAIAUSDT": 7400390.1334, "GRTUSDT": 23316205.29144, "ETCUSDT": 93588866.75985, "FETUSDT": 98018444.754, "VVVUSDT": 28730451.8805, "SAFEUSDT": 4345685.778, "SCRTUSDT": 3723824.8533, "SAGAUSDT": 23410859.20489, "ADAUSDT": 530657017.5756, "ICPUSDT": 31547840.821, "UMAUSDT": 6452600.117, "PNUTUSDT": 324962192.43947, "AMBUSDT": 3756679.588968, "FILUSDT": 135928265.8018, "ANKRUSDT": 6144827.29499, "ROSEUSDT": 11233832.09086, "KOMAUSDT": 10135155.11389, "BTCUSDT_250328": 31517086.6172, "STMXUSDT": 7595229.01621, "SFPUSDT": 3914385.4973, "RSRUSDT": 24897349.270428, "BLURUSDT": 13829083.90106, "RDNTUSDT": 7157297.79076, "TRUMPUSDT": 940508033.88906, "BRETTUSDT": 17072064.53469, "POLUSDT": 26819358.92432, "VINEUSDT": 117530641.82116, "MANTAUSDT": 13216032.23306, "NMRUSDT": 5638456.1611, "ZECUSDT": 9555173.79209, "LPTUSDT": 13580253.2688, "AKTUSDT": 3566443.0865, "DEGOUSDT": 3978415.34237, "CAKEUSDT": 20957094.9677, "NEOUSDT": 19284078.9751, "FLMUSDT": 7071876.5199, "TWTUSDT": 5921059.9085, "DYMUSDT": 8853224.10367, "IPUSDT": 234779722.317094, "GPSUSDT": 20489353.6366, "C98USDT": 8741830.7832, "SXPUSDT": 11891777.18305, "VANAUSDT": 42255072.37623, "ZENUSDT": 44404726.2074, "1000SHIBUSDT": 165461302.197112, "RLCUSDT": 5741545.79182, "MAGICUSDT": 7423312.09766, "MYROUSDT": 7874385.8565, "LINKUSDT": 386200249.87564, "ZEREBROUSDT": 40004200.796, "ENSUSDT": 57983908.0421, "POWRUSDT": 7109216.2403, "CHESSUSDT": 4357398.714, "AXLUSDT": 8512430.76172, "CHRUSDT": 7153682.4685, "BSWUSDT": 4111014.00483, "TNSRUSDT": 11340325.96627, "MELANIAUSDT": 46495879.58723, "WOOUSDT": 6574811.66167, "DUSKUSDT": 4889493.6505, "GMXUSDT": 7047094.60733, "VANRYUSDT": 10636669.22851, "THETAUSDT": 25949852.26231, "SOLVUSDT": 56837032.6621, "RIFUSDT": 3437191.33441,