{"CTSIUSDT": 3950187.2263, "AEVOUSDT": 20335270.87967, "ETHUSDT_241227": 9988790.43506, "JTOUSDT": 35565235.1656, "CRVUSDT": 72680842.1071, "BLZUSDT": 4793878.09828, "RUNEUSDT": 46505389.607, "LOKAUSDT": 2647391.8354, "GRTUSDT": 17084834.08436, "IMXUSDT": 16507193.8577, "MAGICUSDT": 5246923.81234, "ACEUSDT": 11710308.876394, "SANTOSUSDT": 56780681.5981, "LTCUSDT": 85648058.76721, "RSRUSDT": 9715963.062675, "SUSHIUSDT": 11157894.2629, "FLMUSDT": 6023372.7697, "OMUSDT": 23401226.826347, "ALGOUSDT": 9943727.04285, "MAVUSDT": 5141195.47522, "RONINUSDT": 3981864.27189, "TROYUSDT": 40446489.746435, "EGLDUSDT": 7185783.0405, "SFPUSDT": 3378957.1698, "POLUSDT": 24643611.7961, "AIUSDT": 15142881.8061, "LDOUSDT": 30584975.6082, "NOTUSDT": 134993736.477265, "NEIROUSDT": 833968010.9464473, "ROSEUSDT": 10770011.34903, "DUSKUSDT": 5653046.33798, "ETHWUSDT": 2243363.3125, "RENDERUSDT": 33007717.0212, "FIOUSDT": 8753141.95093, "CELRUSDT": 3591923.32122, "LSKUSDT": 2255018.9297, "NULSUSDT": 3820934.1465, "INJUSDT": 80705063.3531, "DASHUSDT": 3622019.89964, "MOVRUSDT": 4323637.57127, "MINAUSDT": 11070114.6732, "RDNTUSDT": 12836272.53463, "ASTRUSDT": 5859152.26852, "TRXUSDT": 53852381.99599, "TUSDT": 4167927.53192, "MBOXUSDT": 7074759.3952, "EOSUSDT": 36595183.5764, "BTCUSDT_241227": 17607618.386, "LINAUSDT": 10007134.30952, "TAOUSDT": 61567427.77288, "MTLUSDT": 4099633.6372, "KAVAUSDT": 6197935.03721, "CELOUSDT": 12448001.0907, "ZKUSDT": 27017007.80554, "BNBUSDT": 288307203.0388, "ATOMUSDT": 43182621.04268, "BNTUSDT": 2032748.81993, "FLUXUSDT": 4637078.0658, "ALTUSDT": 22307763.45053, "GOATUSDT": 344009282.9902, "MYROUSDT": 16231548.51102, "PEOPLEUSDT": 135846241.23668, "NEOUSDT": 11684562.34965, "JASMYUSDT": 32339098.975194, "SAGAUSDT": 99034788.25935, "DYMUSDT": 19459977.16706, "MANTAUSDT": 16208291.37442, "ICXUSDT": 3044449.1457, "DARUSDT": 11363029.72259, "ENSUSDT": 27465954.8787, "METISUSDT": 4787899.3161, "1000PEPEUSDT": 677524362.2157319, "OMGUSDT": 3130774.56239, "LOOMUSDT": 5173628.98617, "ICPUSDT": 25391962.974, "TIAUSDT": 164634357.1855, "MAVIAUSDT": 7876997.04551, "ADAUSDT": 110582343.8458, "JOEUSDT": 2804268.1254, "TOKENUSDT": 8668493.34659, "QTUMUSDT": 3661218.5188, "OMNIUSDT": 12201660.55227, "JUPUSDT": 34242799.2355, "MKRUSDT": 34223508.1207, "NEARUSDT": 107462673.812, "ANKRUSDT": 4112111.68462, "HIGHUSDT": 9307563.76447, "ARKUSDT": 4825208.0624, "RAREUSDT": 33162140.7619, "1000FLOKIUSDT": 94374592.04738, "DENTUSDT": 3140682.445715, "HOOKUSDT": 6921736.06243, "ALPACAUSDT": 10286818.04906, "GMTUSDT": 21230526.99256, "CKBUSDT": 13439341.395087, "STORJUSDT": 13265418.104, "ZROUSDT": 60182049.94771, "DYDXUSDT": 39210405.8429, "POLYXUSDT": 7083674.54668, "BSWUSDT": 3076779.38291, "HMSTRUSDT": 67019071.789232, "ZILUSDT": 5561972.5569, "QUICKUSDT": 3265786.18062, "GASUSDT": 5365126.6165, "BADGERUSDT": 2725003.1705, "BEAMXUSDT": 13829186.623742, "BAKEUSDT": 13239038.2428, "AUCTIONUSDT": 9517541.99622, "API3USDT": 7937283.24225, "DOGEUSDT": 302130640.86198, "DODOXUSDT": 2631062.929338, "ZECUSDT": 13949980.95269, "1INCHUSDT": 9877262.2527, "ETHUSDT_250328": 6233911.27, "IOTAUSDT": 5306643.25704, "SEIUSDT": 67943455.1164, "WAXPUSDT": 2524308.89751, "FLOWUSDT": 8710453.652, "NEIROETHUSDT": 173337429.4286, "NTRNUSDT": 3016039.3821, "IOTXUSDT": 4780540.03736, "RVNUSDT": 3768960.3632, "CAKEUSDT": 6553609.028, "SKLUSDT": 4078167.02275, "UNFIUSDT": 8894488.5373, "STXUSDT": 53053922.0284, "PENDLEUSDT": 47234070.6809, "ENJUSDT": 5208026.55528, "POPCATUSDT": 142968267.0155, "VANRYUSDT": 9336707.43269, "GUSDT": 4261952.80791, "GALAUSDT": 59543048.131, "RLCUSDT": 2933646.12156, "XLMUSDT": 16129269.13805, "1000RATSUSDT": 58985863.24225, "BTCUSDT_250328": 12498055.6358, "TWTUSDT": 3341089.7487, "FIDAUSDT": 20821753.0511, "TONUSDT": 84132538.16277, "TRBUSDT": 43571392.6648, "ARPAUSDT": 5245129.44427, "FILUSDT": 84356891.3427, "MASKUSDT": 12638481.797, "LUNA2USDT": 8206188.652, "BICOUSDT": 3093441.6948, "PERPUSDT": 3191767.41175, "ILVUSDT": 4851754.2556, "XEMUSDT": 4922476.1896, "DOTUSDT": 67310962.6234, "BBUSDT": 25541089.7554, "BELUSDT": 5294697.0453, "ETCUSDT": 43316237.3936, "AMBUSDT": 6075839.511721, "EIGENUSDT": 126542440.4926, "XTZUSDT": 5715783.4271, "OXTUSDT": 2026422.72899, "CYBERUSDT": 6833095.9917, "DIAUSDT": 46100525.0713, "BIGTIMEUSDT": 28184553.1156, "SPELLUSDT": 4479687.0441066, "OPUSDT": 73461705.87931, "LEVERUSDT": 5662354.097705, "XVSUSDT": 3031816.3719, "SAFEUSDT": 37773209.6284, "UMAUSDT": 12024932.019, "ONEUSDT": 4923121.14012, "AXSUSDT": 16137392.546, "1000LUNCUSDT": 18884989.01276, "TURBOUSDT": 64239743.203197, "HFTUSDT": 2136058.36094, "ARBUSDT": 63267586.63356, "BTCUSDT": 13394677570.4442, "SUNUSDT": 34597113.246741, "TRUUSDT": 7399965.2637, "1000BONKUSDT": 79515200.985029, "KLAYUSDT": 4114464.41868, "CATIUSDT": 105051713.0805, "AVAXUSDT": 156324301.443, "SYSUSDT": 5664992.2547, "GHSTUSDT": 3390198.213, "ACHUSDT": 5807270.990499, "CHESSUSDT": 5643476.3344, "ORBSUSDT": 4047308.45184, "IDUSDT": 5577452.83509, "QNTUSDT": 4564970.105, "MEMEUSDT": 20064166.3307, "KNCUSDT": 3344490.0625, "WIFUSDT": 507243859.70153, "VOXELUSDT": 6621444.8832, "KDAUSDT": 5067135.8538, "PYTHUSDT": 13874441.6898, "LRCUSDT": 4197135.80101, "STMXUSDT": 11393938.82606, "BANANAUSDT": 21714359.9174, "EDUUSDT": 6886374.9124, "BSVUSDT": 5476350.827, "CHZUSDT": 12501499.06207, "SUPERUSDT": 19774412.3603, "LPTUSDT": 10228158.4869, "TLMUSDT": 4068515.946896, "HIFIUSDT": 5453644.3395, "USTCUSDT": 6996782.71021, "BALUSDT": 3135968.6104, "ALPHAUSDT": 3579329.22485, "POWRUSDT": 3490943.2983, "COSUSDT": 3264089.822415, "ETHUSDT": 5523868083.81981, "WLDUSDT": 235608957.2822, "STRKUSDT": 35499650.52439, "UXLINKUSDT": 39496142.4805, "PIXELUSDT": 17658505.8138, "LITUSDT": 5003133.6829, "APEUSDT": 33165970.7045, "GTCUSDT": 6541915.1787, "STGUSDT": 4559952.5532, "BNXUSDT": 27733939.94767, "AXLUSDT": 7277855.33712, "ONGUSDT": 3040708.53553, "ORDIUSDT": 210111845.2081, "MOODENGUSDT": 410721358.57861, "ARKMUSDT": 27037541.5702, "1000SHIBUSDT": 106155086.94523, "ZENUSDT": 6520762.5407, "LINKUSDT": 110463264.55678, "COTIUSDT": 9663920.16358, "REEFUSDT": 49649942.581508, "BTCDOMUSDT": 2281818.2452, "1000CATUSDT": 64650695.406, "VIDTUSDT": 28097889.00541, "YGGUSDT": 16179200.1791, "FETUSDT": 111588764.4509, "RPLUSDT": 3421658.7913, "APTUSDT": 94300433.6583, "REZUSDT": 20922933.8714, "MANAUSDT": 13189809.53, "PORTALUSDT": 9990957.24642, "BLURUSDT": 20781950.9432, "COMBOUSDT": 2543482.44668, "VETUSDT": 8937087.754128, "WOOUSDT": 6453738.24372, "GLMUSDT": 4764745.57353, "ALICEUSDT": 7580736.4473, "1000XECUSDT": 3402509.11814, "ATAUSDT": 3783682.9298, "LQTYUSDT": 7158622.66102, "CFXUSDT": 22193833.03394, "TNSRUSDT": 13925513.78466, "YFIUSDT": 4752690.504, "BATUSDT": 3378595.60859, "AAVEUSDT": 104653027.979, "SXPUSDT": 5340553.53861, "ZRXUSDT": 5540015.72944, "FTMUSDT": 131147972.2227, "BANDUSDT": 4154736.83386, "REIUSDT": 4669140.84705, "1MBABYDOGEUSDT": 107959410.5581913, "BCHUSDT": 78321790.31545, "NFPUSDT": 7575430.77547, "RIFUSDT": 3915768.90579, "XRPUSDT": 287185085.21189, "SOLUSDT": 2072250884.037, "ARUSDT": 29907197.7616, "ETHFIUSDT": 44398259.8665, "MEWUSDT": 84351950.083057, "SSVUSDT": 10542294.9425, "SYNUSDT": 9217412.7732, "XMRUSDT": 10446731.58446, "XAIUSDT": 20905485.094, "GMXUSDT": 5245901.47647, "KSMUSDT": 4992757.6981, "WUSDT": 16840365.77467, "KASUSDT": 15013157.12674, "1000SATSUSDT": 193745470.5135472, "THETAUSDT": 15886956.67848, "NMRUSDT": 3799282.1951, "HBARUSDT": 13247288.312, "AERGOUSDT": 4343042.6541, "ONDOUSDT": 49723066.39611, "AGLDUSDT": 3508129.5135, "ENAUSDT": 127020671.1228, "SANDUSDT": 21189777.1586, "ONTUSDT": 4603050.0036, "NKNUSDT": 3073048.43416, "BONDUSDT": 6168684.2972, "UNIUSDT": 59070425.511, "SNXUSDT": 9863273.9958, "BRETTUSDT": 11317384.02442, "XVGUSDT": 2611872.68051, "OGNUSDT": 3864179.5965, "COMPUSDT": 7981179.26009, "SUIUSDT": 380056151.23173, "BOMEUSDT": 115273983.975852, "ZETAUSDT": 21436172.9933, "PHBUSDT": 7339976.2133, "C98USDT": 4974357.1465,