{"NFPUSDT": 5660809.16085, "DEXEUSDT": 13230423.13595, "ENSUSDT": 36553160.7406, "NKNUSDT": 2318561.50707, "ARKMUSDT": 37692379.0277, "ARBUSDT": 70367741.16529, "MEMEUSDT": 19179133.84436, "IMXUSDT": 12447061.887, "RLCUSDT": 4871299.31624, "KOMAUSDT": 7448920.09347, "SAGAUSDT": 18739027.00594, "AI16ZUSDT": 114013054.86757, "1000LUNCUSDT": 11492212.82347, "BLURUSDT": 11065112.33559, "KDAUSDT": 5142971.7155, "ONDOUSDT": 147418117.0924, "TONUSDT": 49387274.12737, "XVSUSDT": 5299949.4366, "COWUSDT": 19993031.0743, "GLMUSDT": 7677403.55437, "SYNUSDT": 3841791.9604, "BRUSDT": 15224104.8172, "ICPUSDT": 24680664.537, "RONINUSDT": 4201771.50899, "API3USDT": 5081348.43083, "DYMUSDT": 8003108.89488, "GALAUSDT": 74899736.09592, "SIRENUSDT": 24827960.13643, "MEUSDT": 24247009.3469, "RUNEUSDT": 47855521.296, "FIDAUSDT": 7998370.24862, "INJUSDT": 64373350.7595, "ZILUSDT": 7826191.41044, "ZECUSDT": 7176044.41199, "FUNUSDT": 23996476.630272, "WOOUSDT": 5382663.12265, "BIDUSDT": 6310884.98587, "BSWUSDT": 3309116.40639, "USDCUSDT": 3735628.436468, "ATOMUSDT": 51615296.28732, "BMTUSDT": 33987030.8978, "MKRUSDT": 33552200.7938, "COMPUSDT": 14042129.41402, "FLMUSDT": 5566094.4762, "1000SHIBUSDT": 117193969.730107, "TURBOUSDT": 32716574.8605869, "MASKUSDT": 15407709.0793, "TLMUSDT": 3062413.574108, "NEIROUSDT": 169815638.7798386, "TAOUSDT": 95208384.27608, "ALTUSDT": 10131302.03527, "ORCAUSDT": 6020921.2036, "1000FLOKIUSDT": 43138852.94715, "ALCHUSDT": 54982878.91686, "FORMUSDT": 45555056.47673, "DUSDT": 6843193.24404, "KAITOUSDT": 118140703.31262, "MOVEUSDT": 77728452.1891, "UXLINKUSDT": 24158328.5254, "GTCUSDT": 4904311.715, "BALUSDT": 2782220.6662, "TSTUSDT": 82538638.0421, "LOKAUSDT": 2197245.3827, "MUBARAKUSDT": 265289059.5485, "IOUSDT": 29587814.87975, "POLUSDT": 23794179.63946, "EGLDUSDT": 9796969.8386, "BNBUSDT": 454488048.9456, "APEUSDT": 45351724.5344, "XRPUSDT": 1803767578.14167, "POWRUSDT": 4411714.3949, "CGPTUSDT": 12794943.12551, "SCRUSDT": 9077552.3699, "AVAUSDT": 6418552.94589, "VETUSDT": 27609447.787506, "CAKEUSDT": 20957094.9677, "XAIUSDT": 10302529.56361, "MINAUSDT": 7296511.5135, "AXLUSDT": 6880226.73987, "BANDUSDT": 4082558.36153, "ACXUSDT": 5376557.85317, "ATAUSDT": 5411491.5231, "B3USDT": 10273708.83459, "MOVRUSDT": 4143702.84721, "DENTUSDT": 3988170.290821, "1000SATSUSDT": 50405366.2032631, "COMBOUSDT": 2583625.32057, "COSUSDT": 2148732.331796, "GRTUSDT": 17487359.85957, "POPCATUSDT": 84569383.2294, "LINAUSDT": 6466201.47126, "PEOPLEUSDT": 35430931.1463, "NTRNUSDT": 2343402.0551, "BADGERUSDT": 4572600.2027, "AIUSDT": 11269375.81748, "BRETTUSDT": 12530838.50975, "1000CATUSDT": 18459954.33704, "EOSUSDT": 62055031.875, "GUNUSDT": 107765689.1, "ALPACAUSDT": 4116876.99819, "VANAUSDT": 40453524.6999, "RAREUSDT": 5715068.45889, "HBARUSDT": 144954609.47947, "THEUSDT": 27276218.39098, "IOSTUSDT": 5294749.291863, "SUIUSDT": 628598685.11342, "HIPPOUSDT": 5287832.54917, "CKBUSDT": 6436846.085971, "BTCUSDT_250926": 7481027.5913, "FETUSDT": 75724380.3479, "ALGOUSDT": 49965011.50286, "DUSKUSDT": 3668734.15858, "GRASSUSDT": 21851313.1729, "BAKEUSDT": 10055003.8234, "SKLUSDT": 6081166.60329, "BICOUSDT": 3218771.6946, "PENDLEUSDT": 34442912.645, "ADAUSDT": 472368305.6758, "ANKRUSDT": 4813953.71792, "PARTIUSDT": 130620944.5545, "QUICKUSDT": 1918598.9391, "ENJUSDT": 7035670.35463, "ZRXUSDT": 7353261.08712, "LEVERUSDT": 4874216.325289, "THETAUSDT": 18228645.58842, "ARKUSDT": 5122391.9422, "NOTUSDT": 38820070.043705, "BTCUSDT": 14050947379.4366, "ASTRUSDT": 4659399.087479, "RENDERUSDT": 36697240.6298, "MEWUSDT": 10222321.080282, "RVNUSDT": 3698641.97804, "LISTAUSDT": 7500911.4294, "GOATUSDT": 41770029.1903, "XTZUSDT": 10274839.1155, "ILVUSDT": 4203623.6945, "CELOUSDT": 8255425.5273, "HOTUSDT": 5733181.705919, "1000CHEEMSUSDT": 20504636.2576729, "HFTUSDT": 3610238.23415, "ARUSDT": 23613122.5434, "WALUSDT": 82318235.4573, "TWTUSDT": 4453876.2015, "PENGUUSDT": 75738580.061714, "VICUSDT": 5932926.9205, "SFPUSDT": 2982020.4457, "BEAMXUSDT": 11659349.269945, "ORDIUSDT": 97122715.6766, "HEIUSDT": 9667121.23745, "BTCUSDT_250627": 18641168.1127, "1000000MOGUSDT": 10599525.48237, "MOODENGUSDT": 29093503.65818, "VVVUSDT": 13730590.59981, "SWELLUSDT": 4745656.32697, "TROYUSDT": 8108832.110981, "SPELLUSDT": 10149236.3054181, "TUSDT": 3187084.18907, "WLDUSDT": 170055983.8183, "SSVUSDT": 11192256.97389, "TIAUSDT": 101107677.9846, "BELUSDT": 7661554.8989, "ACTUSDT": 75333235.235, "ANIMEUSDT": 25583111.3557, "XVGUSDT": 7092623.4522261, "KASUSDT": 16014217.20552, "PORTALUSDT": 6328554.30467, "BIGTIMEUSDT": 12925251.4549, "CFXUSDT": 17716654.94228, "NMRUSDT": 4279342.7215, "JOEUSDT": 3591342.55827, "RAYSOLUSDT": 19954044.42141, "ALICEUSDT": 7207462.9143, "HIVEUSDT": 14249777.51806, "MBOXUSDT": 4717055.7745, "USTCUSDT": 4974316.115335, "XLMUSDT": 105606323.43842, "STXUSDT": 22470289.1284, "DEGENUSDT": 7983295.164394, "VIDTUSDT": 5892812.75036, "1000XUSDT": 4472404.12009, "MOCAUSDT": 11614736.6995, "TRUMPUSDT": 562741112.95592, "STRKUSDT": 17949987.15834, "VELODROMEUSDT": 4963495.76857, "SOLUSDT": 2558352752.519, "AEROUSDT": 6837562.82103, "APTUSDT": 104442287.42385, "DODOXUSDT": 2699452.573709, "STGUSDT": 5996870.2858, "JASMYUSDT": 22925948.134638, "OGNUSDT": 4249906.4177, "METISUSDT": 4110869.6604, "XMRUSDT": 16475757.58707, "FXSUSDT": 5352081.51719, "ZETAUSDT": 5653841.0896, "CHILLGUYUSDT": 28753728.856, "MTLUSDT": 3323726.1616, "DEGOUSDT": 3408100.4183, "JTOUSDT": 31970721.2952, "AUCTIONUSDT": 16927211.7188, "TUTUSDT": 51681947.90543, "WAXPUSDT": 2877834.63474, "PIXELUSDT": 7846513.18643, "MYROUSDT": 5429330.1879, "LUMIAUSDT": 9121905.5548, "ALPHAUSDT": 3931220.57778, "CELRUSDT": 4213300.56825, "ARCUSDT": 149398261.14902, "PNUTUSDT": 276567088.6216, "AGLDUSDT": 17729353.649, "LRCUSDT": 5236570.87638, "SOLVUSDT": 46653211.1582, "ACEUSDT": 4171065.166889, "LDOUSDT": 71107923.3934, "SHELLUSDT": 30648794.1046, "HOOKUSDT": 3931250.83006, "SXPUSDT": 8126940.36479, "REDUSDT": 72880961.9522, "C98USDT": 6663995.6836, "GUSDT": 3683487.95682, "STORJUSDT": 6324210.3291, "BANUSDT": 23212805.8015, "BROCCOLI714USDT": 39926664.27652, "MORPHOUSDT": 14840564.25516, "CHRUSDT": 5806086.93, "PHBUSDT": 4545365.1416, "SUPERUSDT": 9502345.62, "SEIUSDT": 54658739.2333, "ACHUSDT": 13219870.638031, "FILUSDT": 109836895.1756, "COOKIEUSDT": 24192921.8034, "KMNOUSDT": 3687332.91446, "AERGOUSDT": 6454661.2734, "1INCHUSDT": 8869243.7001, "CHESSUSDT": 3546596.9392, "JELLYJELLYUSDT": 25682346.52859, "TRBUSDT": 25207211.4836, "RSRUSDT": 18104531.508849, "MANTAUSDT": 10901605.70388, "ONTUSDT": 6200693.17812, "OPUSDT": 79315150.89579, "BANANAUSDT": 11367010.4444, "CYBERUSDT": 4994196.8042, "CTSIUSDT": 3828464.9969, "MANAUSDT": 18274767.4454, "AVAXUSDT": 224626257.125, "VANRYUSDT": 9928825.15757, "MLNUSDT": 15995254.0551, "QNTUSDT": 8614846.705, "SPXUSDT": 33781553.8256, "WIFUSDT": 292293545.27103, "PYTHUSDT": 15715307.90114, "LINKUSDT": 287198926.06839, "ONGUSDT": 2768169.4105, "AIXBTUSDT": 72572514.61458, "REZUSDT": 9073713.56312, "TRXUSDT": 110519631.38626, "1000PEPEUSDT": 751606470.8532506, "HMSTRUSDT": 13777125.075454, "PLUMEUSDT": 7349353.6562, "LPTUSDT": 11051622.2198, "PHAUSDT": 6678370.89021, "IDUSDT": 8508738.9032, "SNXUSDT": 13975509.6489, "DFUSDT": 11176990.15284, "FIOUSDT": 2931605.23127, "AEVOUSDT": 9975192.90042, "OMNIUSDT": 8333537.32345, "ONEUSDT": 9192223.08019, "SAFEUSDT": 4335445.5847, "GHSTUSDT": 1913392.2376, "ENAUSDT": 326421233.448, "PROMUSDT": 3997651.2469, "ROSEUSDT": 8303174.5139, "SONICUSDT": 13164757.69684, "SUSHIUSDT": 18124217.0336, "SYSUSDT": 2816795.01687, "KSMUSDT": 6162700.1356, "LUNA2USDT": 9574230.6129, "RPLUSDT": 3604639.6713, "HIGHUSDT": 5025413.71218, "ETHUSDT_250627": 8029289.10862, "PONKEUSDT": 5864165.36144, "LTCUSDT": 263693128.41517, "DOTUSDT": 123769565.7685, "SLERFUSDT": 3003527.8177, "CRVUSDT": 106669822.1145, "UMAUSDT": 5502769.307, "DYDXUSDT": 36368838.1612, "YFIUSDT": 7241647.606, "UNIUSDT": 81597880.884, "SUNUSDT": 3730883.170159, "CATIUSDT": 9068670.9882,