{"ADAUSDT": 125170588.8461, "VIDTUSDT": 17541888.99572, "AIUSDT": 15093687.58285, "IMXUSDT": 20555222.5887, "DARUSDT": 12756127.36631, "BNTUSDT": 2310093.9267, "1000WHYUSDT": 12883972.3047431, "LINAUSDT": 10007134.30952, "GHSTUSDT": 5012131.45, "AVAUSDT": 238656191.86532, "TURBOUSDT": 129354805.9921329, "ONEUSDT": 6344187.07218, "NULSUSDT": 4352098.9347, "CHILLGUYUSDT": 118323855.5292, "HBARUSDT": 18012826.7106, "MAVUSDT": 5930715.23078, "USDCUSDT": 933884.427128, "SPXUSDT": 12434929.2731, "CAKEUSDT": 8603073.2789, "AMBUSDT": 5608475.216919, "1000CHEEMSUSDT": 19115719.9881192, "FIOUSDT": 10221475.84792, "ARKUSDT": 19799389.8114, "BATUSDT": 3477621.08013, "DOGSUSDT": 158082705.1894599, "DOTUSDT": 75794160.2194, "ANKRUSDT": 4683886.10808, "BALUSDT": 3621477.6083, "ICPUSDT": 29485409.544, "RENUSDT": 3844629.19017, "FXSUSDT": 3767950.06821, "MORPHOUSDT": 84753198.90949, "NEIROETHUSDT": 147378385.0794, "NEIROUSDT": 768896055.5138814, "C98USDT": 5833364.0251, "WOOUSDT": 11957627.14786, "1000XECUSDT": 4251599.21218, "XVSUSDT": 4017338.9245, "TRXUSDT": 54755986.54796, "CELOUSDT": 27661534.3253, "ACXUSDT": 129721036.54735, "NMRUSDT": 4671791.2358, "ALTUSDT": 27564331.72166, "AERGOUSDT": 5861094.8662, "BONDUSDT": 5422196.2117, "ARKMUSDT": 60541734.0551, "PORTALUSDT": 11782528.9444, "THEUSDT": 186507465.82357, "CYBERUSDT": 8445125.6798, "1000PEPEUSDT": 845084207.2892002, "BTCUSDT_241227": 24461226.9869, "ONDOUSDT": 55097437.90887, "BANANAUSDT": 23550690.1623, "JUPUSDT": 46989266.5432, "INJUSDT": 90802481.9673, "BELUSDT": 7552057.2924, "BNXUSDT": 22446561.32607, "STORJUSDT": 16022663.711, "PHBUSDT": 12351270.8428, "EDUUSDT": 8316425.6586, "IOTXUSDT": 5978661.65834, "MAVIAUSDT": 9222782.74258, "THETAUSDT": 18370222.92713, "KASUSDT": 16862579.64699, "LPTUSDT": 10789196.2752, "JASMYUSDT": 32953962.386965, "KAVAUSDT": 10186384.76921, "CHRUSDT": 8026792.0072, "CRVUSDT": 69824914.2904, "ACTUSDT": 337211572.60646, "ZKUSDT": 28725984.75802, "SYSUSDT": 5681330.96752, "LOOMUSDT": 6318820.10464, "APEUSDT": 63468045.2006, "MINAUSDT": 15220033.2375, "BTCUSDT_250328": 18358215.1758, "IOSTUSDT": 4168011.202965, "DODOXUSDT": 5031210.484409, "SNXUSDT": 10902917.7366, "NEARUSDT": 129439865.649, "ACEUSDT": 11710240.579403, "ARUSDT": 37710682.6256, "HOTUSDT": 6770010.328298, "NTRNUSDT": 3646190.0717, "STGUSDT": 5626670.8545, "SKLUSDT": 4731250.73605, "LQTYUSDT": 8726194.69451, "BAKEUSDT": 12626570.2774, "ORCAUSDT": 59856814.821, "MANAUSDT": 14792337.0017, "BADGERUSDT": 3230840.8844, "1000RATSUSDT": 58985863.24225, "SOLUSDT": 2235550608.14, "CKBUSDT": 22168743.115179, "BTCDOMUSDT": 2894105.9472, "SYNUSDT": 9335415.1234, "ZILUSDT": 6821864.90049, "1000XUSDT": 27395082.70744, "TWTUSDT": 6572878.7062, "SUPERUSDT": 25049254.5976, "AEVOUSDT": 19011565.76194, "XRPUSDT": 344524828.82812, "SFPUSDT": 3378957.1698, "OMGUSDT": 4197848.35772, "SLERFUSDT": 20626254.6249, "ZECUSDT": 14464482.55005, "EIGENUSDT": 132734831.81669, "STXUSDT": 64867590.1878, "RIFUSDT": 4091416.80946, "BSWUSDT": 4073023.48017, "MAGICUSDT": 6370051.98869, "CTSIUSDT": 5504569.435, "SUNUSDT": 21313512.42304, "BLURUSDT": 29607733.2679, "BNBUSDT": 341619771.3352, "1000LUNCUSDT": 24811772.23187, "BIGTIMEUSDT": 76619547.7906, "POWRUSDT": 4708156.4573, "PIXELUSDT": 23986421.90346, "ALGOUSDT": 11636023.84449, "ETHUSDT_250328": 8575191.38432, "COSUSDT": 5280761.578814, "TRBUSDT": 45490385.899, "UXLINKUSDT": 39522085.0864, "XTZUSDT": 6618011.879, "ALPACAUSDT": 10978799.53656, "DRIFTUSDT": 45645093.0877, "MEMEUSDT": 33892376.419284, "1000000MOGUSDT": 33786769.49747, "QNTUSDT": 5688693.746, "PYTHUSDT": 19508429.2433, "TIAUSDT": 249004315.4957, "FLOWUSDT": 9556080.8861, "QUICKUSDT": 4938630.5062, "GOATUSDT": 379474787.8497, "ETHUSDT": 6231806758.76281, "MKRUSDT": 42313731.8884, "TNSRUSDT": 16801126.91265, "MEUSDT": 110309812.2668, "RUNEUSDT": 60596924.214, "LUNA2USDT": 11710245.6453, "APTUSDT": 194054072.22211, "ARBUSDT": 79095037.24151, "GMXUSDT": 6233784.64554, "ASTRUSDT": 6681941.34494, "BSVUSDT": 6797691.413, "RVNUSDT": 4697449.65443, "MANTAUSDT": 19262241.15262, "STMXUSDT": 9046817.51749, "ETHUSDT_241227": 12446982.78527, "STRKUSDT": 41980736.15092, "OMUSDT": 29888105.558014, "1000SHIBUSDT": 209327790.39185, "ZENUSDT": 6606800.4213, "SEIUSDT": 135214718.8215, "MOVRUSDT": 5135671.30602, "AGLDUSDT": 5065930.0547, "WIFUSDT": 588807202.53926, "DEGOUSDT": 151086837.62848, "RPLUSDT": 5500873.6703, "AXLUSDT": 16189455.78705, "VANRYUSDT": 11154664.74876, "ONGUSDT": 4093375.48335, "STEEMUSDT": 1789143.79981, "BOMEUSDT": 145928170.811038, "JOEUSDT": 3343183.1551, "NOTUSDT": 112080619.679909, "VELODROMEUSDT": 140920400.48264, "PNUTUSDT": 931658216.41691, "USTCUSDT": 11184166.60117, "BCHUSDT": 84203085.4145, "RLCUSDT": 3808623.72149, "ROSEUSDT": 14205762.32473, "WAXPUSDT": 2836535.15835, "YGGUSDT": 17900377.707, "CATIUSDT": 75488331.5832, "DASHUSDT": 3671952.02424, "CFXUSDT": 30326094.32996, "FILUSDT": 88654814.2359, "TROYUSDT": 52316361.236472, "VOXELUSDT": 6277279.6283, "UNIUSDT": 77178217.141, "SWELLUSDT": 28129106.34891, "ENAUSDT": 173368948.7976, "AXSUSDT": 18602224.607, "XLMUSDT": 17400805.77666, "GALAUSDT": 68761617.40405, "KNCUSDT": 3902652.7522, "AAVEUSDT": 127493016.181, "DOGEUSDT": 506523825.91574, "BTCUSDT": 14691178661.737, "UMAUSDT": 13026724.588, "ONTUSDT": 5189394.78941, "COTIUSDT": 13820829.04622, "VETUSDT": 10447952.198308, "SUIUSDT": 797386997.47499, "ARPAUSDT": 9669983.17555, "MEWUSDT": 86796824.362364, "KAIAUSDT": 29973846.276, "KDAUSDT": 6363460.7904, "CHESSUSDT": 6831526.1361, "TUSDT": 4173401.06032, "ENSUSDT": 30729623.8398, "BEAMXUSDT": 16796399.725621, "SPELLUSDT": 5317816.6123497, "COWUSDT": 44337435.7071, "MOVEUSDT": 304719591.9937, "POLYXUSDT": 8686537.0015, "AVAXUSDT": 172687819.093, "EGLDUSDT": 8061758.4536, "YFIUSDT": 5354313.677, "BRETTUSDT": 14222086.25309, "LISTAUSDT": 19310480.9564, "KEYUSDT": 5158531.7561959, "BBUSDT": 22992023.1442, "FTMUSDT": 196950847.4595, "ATOMUSDT": 51284178.62531, "1000FLOKIUSDT": 107245756.62277, "KSMUSDT": 6305847.1386, "COMBOUSDT": 2840239.01411, "IOUSDT": 60723894.561, "PERPUSDT": 4134888.29788, "METISUSDT": 8107449.4391, "OGNUSDT": 4673437.478, "GRASSUSDT": 81445038.9898, "AKTUSDT": 14889918.5293, "ILVUSDT": 5516663.329, "TRUUSDT": 8945225.03851, "GASUSDT": 9509801.6677, "DUSKUSDT": 6688119.16116, "SXPUSDT": 16325505.71826, "DIAUSDT": 20214033.6208, "FIDAUSDT": 26719176.7876, "HIPPOUSDT": 62550965.66983, "ETCUSDT": 50274332.4526, "WLDUSDT": 325218310.44, "WUSDT": 33868185.52814, "SCRTUSDT": 18307889.1787, "CHZUSDT": 25429519.80077, "REEFUSDT": 38342499.495735, "BLZUSDT": 6788154.93516, "LOKAUSDT": 3825483.163, "ZRXUSDT": 6830991.07304, "RAREUSDT": 25449035.0342, "LDOUSDT": 32332576.9557, "API3USDT": 10401472.15986, "DEGENUSDT": 41410525.476496, "LTCUSDT": 91817026.74101, "ALICEUSDT": 8851911.4658, "LITUSDT": 5377918.5073, "LRCUSDT": 5098187.14244, "MTLUSDT": 5003742.3807, "ETHFIUSDT": 49973134.22172, "XVGUSDT": 3126076.4805322, "LEVERUSDT": 7188136.178938, "HMSTRUSDT": 55806441.013063, "JTOUSDT": 40954853.2687, "SANDUSDT": 24787238.5065, "NEOUSDT": 12133844.97096, "MOODENGUSDT": 389443215.63091, "FLUXUSDT": 5114032.2703, "IDUSDT": 9330786.76731, "1000BONKUSDT": 117477496.135264, "EOSUSDT": 40200002.8498, "TONUSDT": 94845683.20493, "REZUSDT": 18079433.60825, "TOKENUSDT": 9843691.68827, "ZROUSDT": 51249076.45488, "CELRUSDT": 4028360.99352, "PEOPLEUSDT": 140959081.84752, "HOOKUSDT": 7069393.20989, "ZETAUSDT": 33932205.5331, "FLMUSDT": 6258808.5565, "GMTUSDT": 27742814.93919, "SCRUSDT": 47477017.4776, "COMPUSDT": 8630853.53095, "BANUSDT": 105983376.5196, "NKNUSDT": 3352882.32218, "XAIUSDT": 25109358.5851, "TLMUSDT": 5065272.31583, "XMRUSDT": 12016168.15275, "VIRTUALUSDT": 67208419.48932, "CETUSUSDT": 41398153.49946, "FETUSDT": 154519594.455, "ETHWUSDT": 8198637.8116, "QTUMUSDT": 3837308.9033, "ORBSUSDT": 4769872.69954, "DENTUSDT": 3555923.727055, "SANTOSUSDT": 17734204.2194, "OXTUSDT": 2589629.87333, "DYMUSDT": 21297990.72672, "OPUSDT": 82452633.89211, "GTCUSDT": 6585851.7463,