{"NILUSDT": 98262044.2513, "BNBUSDT": 454488048.9456, "IDUSDT": 8226277.00049, "MEWUSDT": 10222321.080282, "BANDUSDT": 3996661.80199, "ETHUSDT_250926": 6219325.35831, "USUALUSDT": 40842549.2703, "NEIROETHUSDT": 14887916.48667, "C98USDT": 6663995.6836, "STRKUSDT": 17949987.15834, "GOATUSDT": 40184554.7187, "MORPHOUSDT": 12701723.53344, "AXSUSDT": 14948724.806, "ACHUSDT": 13333901.095487, "FUNUSDT": 23996476.630272, "TRUMPUSDT": 523071172.23577, "PORTALUSDT": 6053010.75766, "SYNUSDT": 3697196.9023, "PENDLEUSDT": 34442912.645, "NFPUSDT": 5644246.76926, "NEIROUSDT": 163981395.7607074, "ATOMUSDT": 51615296.28732, "SEIUSDT": 54238743.681, "ARPAUSDT": 4299743.43, "SLERFUSDT": 2972425.3261, "ZENUSDT": 33394246.76, "FLMUSDT": 5566094.4762, "UMAUSDT": 5378389.224, "ETHUSDT": 7376575654.51473, "1INCHUSDT": 8801733.0129, "SNXUSDT": 13972103.1865, "1000SATSUSDT": 50405366.2032631, "1000SHIBUSDT": 116986748.636779, "1000XUSDT": 4420596.07466, "BRUSDT": 14992332.084, "VOXELUSDT": 3541812.8637, "MASKUSDT": 15407709.0793, "KNCUSDT": 3457610.9225, "PONKEUSDT": 5672988.33751, "ONDOUSDT": 147418117.0924, "LRCUSDT": 5236570.87638, "UXLINKUSDT": 24231322.2401, "HMSTRUSDT": 13777125.075454, "DRIFTUSDT": 8952080.997, "GMXUSDT": 5438683.67994, "KAIAUSDT": 4684323.2527, "ENAUSDT": 312270247.2191, "MINAUSDT": 7122470.6078, "BROCCOLIF3BUSDT": 28587297.396175, "AERGOUSDT": 5895129.6744, "LSKUSDT": 2366605.159, "AVAAIUSDT": 27409153.20565, "SFPUSDT": 2982020.4457, "HIGHUSDT": 5025413.71218, "1000BONKUSDT": 74916127.199269, "KMNOUSDT": 3501729.18705, "MAVUSDT": 3940495.70608, "DEXEUSDT": 13148099.7397, "1000CHEEMSUSDT": 20504636.2576729, "TAOUSDT": 95161916.73143, "MAGICUSDT": 6208222.37087, "RLCUSDT": 4750936.37386, "QNTUSDT": 8564596.17, "TROYUSDT": 7649643.107698, "KAITOUSDT": 102900463.93517, "VVVUSDT": 13044717.77571, "KDAUSDT": 4957953.1163, "FILUSDT": 109813167.719, "BSWUSDT": 3330083.41658, "KAVAUSDT": 11651164.3124, "XRPUSDT": 1806403588.43055, "ANKRUSDT": 4751767.20365, "BTCUSDT_250627": 19296754.1534, "RAYSOLUSDT": 20415610.90919, "1000000MOGUSDT": 10320721.30819, "AI16ZUSDT": 113478481.42826, "COOKIEUSDT": 24088448.6519, "BNXUSDT": 5957424.05005, "SXPUSDT": 7851482.14843, "ROSEUSDT": 8191156.33882, "ETHFIUSDT": 44631136.1825, "DYDXUSDT": 33255361.5114, "GMTUSDT": 30495629.55555, "TRXUSDT": 107509445.54375, "QUICKUSDT": 1918598.9391, "HFTUSDT": 3639057.33902, "PERPUSDT": 2826006.89783, "ZILUSDT": 7719520.05888, "CYBERUSDT": 4994196.8042, "BROCCOLI714USDT": 39926664.27652, "AAVEUSDT": 178481195.226, "AGLDUSDT": 16439013.0473, "FIOUSDT": 2931605.23127, "EDUUSDT": 4414465.7916, "COMPUSDT": 14042129.41402, "DUSKUSDT": 3668734.15858, "BTCUSDT": 14210148345.9687, "ICXUSDT": 4132537.7271, "ZETAUSDT": 5188792.3466, "VANRYUSDT": 9928825.15757, "BBUSDT": 9914194.78729, "RIFUSDT": 2939665.87528, "ARKUSDT": 5106764.8392, "DYMUSDT": 7856811.75147, "MEUSDT": 23327495.6389, "SUPERUSDT": 9502345.62, "CTSIUSDT": 3828464.9969, "LISTAUSDT": 7500911.4294, "GASUSDT": 5085011.4581, "SUIUSDT": 628598685.11342, "SIRENUSDT": 15669526.4853, "TRUUSDT": 5505927.0994, "CFXUSDT": 17716654.94228, "POWRUSDT": 4177542.2557, "1000PEPEUSDT": 751606470.8532506, "XVGUSDT": 6971972.1077315, "USTCUSDT": 4974316.115335, "QTUMUSDT": 7680751.8484, "AUCTIONUSDT": 16001996.87402, "IOTXUSDT": 5749242.55471, "MELANIAUSDT": 30992406.20673, "GHSTUSDT": 1882613.699, "MKRUSDT": 33761723.5584, "WLDUSDT": 166758147.0229, "RPLUSDT": 3620785.1979, "USDCUSDT": 3855540.21831, "ADAUSDT": 472368305.6758, "COMBOUSDT": 2522012.65644, "SWELLUSDT": 4711560.3127, "IOSTUSDT": 5294749.291863, "1000LUNCUSDT": 11113342.9392, "XVSUSDT": 5278199.695, "CKBUSDT": 6312522.054265, "RONINUSDT": 4194124.93173, "HIFIUSDT": 3423388.7722, "LDOUSDT": 70186448.357, "RVNUSDT": 3698641.97804, "BERAUSDT": 108096418.5459, "ALPHAUSDT": 3931220.57778, "MBOXUSDT": 4724139.929, "FETUSDT": 72044110.1803, "STGUSDT": 5964726.3094, "STXUSDT": 22458590.3324, "POLUSDT": 23794179.63946, "POLYXUSDT": 5449295.80213, "AEVOUSDT": 9844786.06286, "ATHUSDT": 11516233.01598, "SUSHIUSDT": 17534425.3556, "SHELLUSDT": 29497596.3241, "1000FLOKIUSDT": 41240142.77443, "OMUSDT": 52627774.269124, "AKTUSDT": 3353681.9475, "REDUSDT": 72560892.8945, "VIDTUSDT": 5892812.75036, "BSVUSDT": 3545371.928, "BTCDOMUSDT": 7462108.7942, "OXTUSDT": 2532424.01417, "PARTIUSDT": 130620944.5545, "SKLUSDT": 6081166.60329, "B3USDT": 9666843.78563, "MOVEUSDT": 77108757.8056, "GUNUSDT": 64505961.7915, "LUMIAUSDT": 8792736.9652, "TUTUSDT": 58255348.95512, "HEIUSDT": 9405745.13247, "NOTUSDT": 38820070.043705, "LAYERUSDT": 107443255.14454, "PROMUSDT": 3780503.4073, "TNSRUSDT": 9409094.30863, "CHRUSDT": 5690405.7475, "FARTCOINUSDT": 282338509.44978, "VICUSDT": 5932926.9205, "LEVERUSDT": 4874216.325289, "WOOUSDT": 5169274.19963, "GRTUSDT": 17421624.89939, "SANDUSDT": 41726242.77171, "ARUSDT": 23570283.5196, "SPXUSDT": 33781553.8256, "IOUSDT": 28368094.35928, "ETHUSDT_250627": 8175910.62193, "BEAMXUSDT": 11579149.852548, "CELRUSDT": 4188032.74107, "OPUSDT": 79315150.89579, "ANIMEUSDT": 25583111.3557, "RDNTUSDT": 4878500.36281, "COWUSDT": 17368589.1767, "FORMUSDT": 43918766.95504, "DENTUSDT": 3607079.516331, "MOCAUSDT": 10618287.8514, "FXSUSDT": 5352081.51719, "BICOUSDT": 3218771.6946, "DOTUSDT": 122854269.9109, "PLUMEUSDT": 7861768.0075, "TLMUSDT": 3062413.574108, "BIOUSDT": 23065273.3074, "CHZUSDT": 16985969.36064, "ONGUSDT": 2768169.4105, "TURBOUSDT": 32434739.6338094, "ATAUSDT": 5264540.1811, "ILVUSDT": 4162496.757, "FLUXUSDT": 2654269.6025, "BOMEUSDT": 44423652.966902, "ORCAUSDT": 6020921.2036, "TUSDT": 3176121.02396, "JASMYUSDT": 22176806.776917, "NEARUSDT": 105044421.954, "DOGSUSDT": 34531823.939498, "PHBUSDT": 4459973.3348, "BLURUSDT": 10409521.47364, "SCRUSDT": 9065047.8669, "JELLYJELLYUSDT": 23083730.89289, "HOOKUSDT": 3916651.00073, "LPTUSDT": 10719032.9979, "ALPACAUSDT": 4116876.99819, "ZROUSDT": 26684294.38193, "TIAUSDT": 101107677.9846, "ONEUSDT": 9136466.84719, "VETUSDT": 24482785.390807, "VTHOUSDT": 7470674.941884, "DFUSDT": 11176990.15284, "PAXGUSDT": 12482853.1361, "DOGEUSDT": 981932430.91929, "THETAUSDT": 17998646.4476, "BIGTIMEUSDT": 12960939.03296, "LQTYUSDT": 5343767.99843, "ARBUSDT": 70367741.16529, "KSMUSDT": 6083350.5384, "BCHUSDT": 89248418.95661, "TONUSDT": 49387274.12737, "PENGUUSDT": 73657444.428776, "ZRXUSDT": 7177628.14433, "DUSDT": 5899626.06085, "TSTUSDT": 82259032.9292, "VINEUSDT": 74095018.03869, "FIDAUSDT": 7998370.24862, "PNUTUSDT": 271224434.58881, "MOODENGUSDT": 28576250.06195, "EPICUSDT": 15591654.21643, "ZECUSDT": 7176044.41199, "MAVIAUSDT": 13484762.6907, "PIXELUSDT": 7846513.18643, "RAREUSDT": 5925912.59954, "METISUSDT": 4088539.3758, "JOEUSDT": 3517597.0777, "COTIUSDT": 9076663.57538, "ICPUSDT": 23818126.263, "DEGOUSDT": 3404962.08705, "DEGENUSDT": 7455594.779572, "NEOUSDT": 14710519.80972, "NKNUSDT": 2329329.89335, "1000XECUSDT": 3232449.50965, "MANTAUSDT": 10901605.70388, "STEEMUSDT": 4419008.98775, "LUNA2USDT": 9565119.4807, "APTUSDT": 100806225.7656, "JUPUSDT": 53965623.9965, "XAIUSDT": 10161966.00371, "CGPTUSDT": 12223536.4654, "MANAUSDT": 18229912.6409, "FLOWUSDT": 11961578.0176, "SAFEUSDT": 4335445.5847, "ALICEUSDT": 7143468.1476, "ONTUSDT": 6089521.90839, "ASTRUSDT": 4659399.087479, "OMNIUSDT": 8333537.32345, "BALUSDT": 2777849.2714, "GRIFFAINUSDT": 59236855.00902, "1000RATSUSDT": 15342414.3237, "SWARMSUSDT": 77611680.4873, "PYTHUSDT": 15376505.82289, "WUSDT": 17063665.928362, "LINKUSDT": 286729430.99809, "WALUSDT": 86742340.4349, "BMTUSDT": 31774611.9094, "BANUSDT": 21068624.9994, "MEMEUSDT": 18150327.698834, "1MBABYDOGEUSDT": 25609782.1190106, "PIPPINUSDT": 14251383.13439, "1000CATUSDT": 16716195.85023, "GUSDT": 3674988.9496, "STORJUSDT": 6248758.5566, "ENSUSDT": 36038758.0531, "SAGAUSDT": 17960355.24188, "AIUSDT": 11216986.34154, "DODOXUSDT": 2680170.844939, "AVAUSDT": 6202735.09237, "ALCHUSDT": 55945197.31433, "RSRUSDT": 18104531.508849, "TWTUSDT": 4351365.9144, "MYROUSDT": 5134116.77842, "TRBUSDT": 24888328.624, "REZUSDT": 9073713.56312,