{"EGLDUSDT": 8092969.9607, "BTCUSDT_250328": 18358215.1758, "BLURUSDT": 28929755.21586, "ONTUSDT": 5086588.42393, "GASUSDT": 8764260.6837, "SWELLUSDT": 29540219.1255, "NFPUSDT": 8244333.017, "ZILUSDT": 6821864.90049, "NEIROUSDT": 768896055.5138814, "PHBUSDT": 12351270.8428, "METISUSDT": 7884766.7589, "XTZUSDT": 6618011.879, "KEYUSDT": 5288650.825531, "CAKEUSDT": 8603073.2789, "1000WHYUSDT": 12951397.7527812, "CRVUSDT": 69824914.2904, "YGGUSDT": 17474370.3839, "BTCUSDT_241227": 24439968.5172, "FXSUSDT": 3759778.54393, "IDUSDT": 8966040.01129, "1000XECUSDT": 4251599.21218, "CKBUSDT": 22118840.471471, "PNUTUSDT": 935009465.77124, "SLERFUSDT": 20626254.6249, "PEOPLEUSDT": 140959081.84752, "UMAUSDT": 13026724.588, "XVGUSDT": 3096704.2266578, "HOTUSDT": 6747125.176579, "COSUSDT": 5214874.378803, "FIOUSDT": 10221475.84792, "NTRNUSDT": 3646190.0717, "NEOUSDT": 12133844.97096, "DRIFTUSDT": 47808874.3302, "1000CHEEMSUSDT": 19115719.9881192, "IOTAUSDT": 6222307.39914, "MOVEUSDT": 119644655.7038, "BCHUSDT": 81306056.19271, "RAYSOLUSDT": 7954168.70285, "OMUSDT": 29687871.42102, "CYBERUSDT": 8445125.6798, "NEARUSDT": 129117893.913, "BIGTIMEUSDT": 79321369.7869, "1000FLOKIUSDT": 106553058.11367, "LQTYUSDT": 8726194.69451, "XAIUSDT": 24888324.7167, "XLMUSDT": 17400805.77666, "CETUSUSDT": 41002872.35112, "SAGAUSDT": 119415386.33071, "C98USDT": 5886398.3061, "ETHUSDT_250328": 8774080.59409, "1INCHUSDT": 13666675.3263, "ACTUSDT": 337211572.60646, "SYNUSDT": 9293403.3622, "MINAUSDT": 14770520.413, "BANANAUSDT": 23550690.1623, "BANDUSDT": 4345263.6979, "ILVUSDT": 5505380.3228, "BNXUSDT": 22446561.32607, "1000RATSUSDT": 58985863.24225, "SXPUSDT": 16132185.4483, "LDOUSDT": 31858147.9169, "RENUSDT": 3980902.87644, "BTCDOMUSDT": 2894105.9472, "ASTRUSDT": 6543451.88264, "ALPACAUSDT": 11069662.44337, "KDAUSDT": 6428869.6045, "TONUSDT": 94845683.20493, "SAFEUSDT": 15180487.9246, "REEFUSDT": 39692229.912021, "BEAMXUSDT": 16796399.725621, "POPCATUSDT": 197893058.8013, "AXSUSDT": 18532097.007, "PORTALUSDT": 11604750.46349, "AERGOUSDT": 5579198.887, "WIFUSDT": 588807202.53926, "OXTUSDT": 2630541.71023, "STEEMUSDT": 1774421.40953, "VANRYUSDT": 10983473.24082, "RDNTUSDT": 19398985.86373, "COMBOUSDT": 2712448.22571, "ZETAUSDT": 33932205.5331, "SANDUSDT": 24644496.7406, "APTUSDT": 192287091.079, "HBARUSDT": 17357259.75503, "QTUMUSDT": 3841912.2147, "COWUSDT": 43951309.8063, "BTCUSDT": 14691178661.737, "LPTUSDT": 11305235.9475, "CFXUSDT": 30277975.6905, "AAVEUSDT": 127493016.181, "ENJUSDT": 5891766.6847, "JOEUSDT": 3343183.1551, "AIUSDT": 15070398.01443, "ETCUSDT": 50274332.4526, "OGNUSDT": 4673437.478, "KAIAUSDT": 30288442.8296, "JUPUSDT": 46701236.5633, "ARKMUSDT": 55131352.6618, "ACEUSDT": 11556582.918931, "AEROUSDT": 22059395.57296, "ORBSUSDT": 4769872.69954, "DOGSUSDT": 159000055.8046442, "ARKUSDT": 19760727.9724, "ADAUSDT": 125170588.8461, "SYSUSDT": 5681330.96752, "BRETTUSDT": 14192299.78141, "BADGERUSDT": 3175912.8301, "ZENUSDT": 6601758.6429, "NULSUSDT": 4352098.9347, "TOKENUSDT": 9620138.60986, "CHILLGUYUSDT": 102835472.2803, "USDCUSDT": 933884.427128, "STXUSDT": 64102461.9787, "FILUSDT": 87785080.4806, "PIXELUSDT": 23827720.4853, "CELOUSDT": 27661534.3253, "BATUSDT": 3487652.42949, "NEIROETHUSDT": 147986882.6948, "REZUSDT": 18089539.86123, "PERPUSDT": 3959597.48831, "STORJUSDT": 16022663.711, "RSRUSDT": 12077773.709982, "BELUSDT": 7532425.7659, "CTSIUSDT": 5479369.238, "BAKEUSDT": 12626570.2774, "HIPPOUSDT": 62931977.43219, "ORDIUSDT": 229897584.2269, "CELRUSDT": 4028360.99352, "ONDOUSDT": 54482875.2359, "SCRUSDT": 47477017.4776, "LRCUSDT": 5098187.14244, "XVSUSDT": 3564593.8299, "TRXUSDT": 56783389.6267, "SFPUSDT": 3378957.1698, "TUSDT": 4167927.53192, "ATAUSDT": 4368827.5656, "VETUSDT": 10399378.872661, "RENDERUSDT": 40638724.0217, "SNXUSDT": 10925220.7716, "GOATUSDT": 379474787.8497, "GMTUSDT": 27742814.93919, "MKRUSDT": 40660624.6732, "HIGHUSDT": 8971036.08026, "1000000MOGUSDT": 35160528.30357, "MEMEUSDT": 33268274.164709, "FLMUSDT": 6258808.5565, "TWTUSDT": 6010488.4542, "GHSTUSDT": 5012131.45, "HIFIUSDT": 6981409.2196, "MANTAUSDT": 18860774.15262, "DASHUSDT": 3671952.02424, "AUCTIONUSDT": 9653512.15263, "1000PEPEUSDT": 833142429.550983, "1000CATUSDT": 41444183.42816, "RIFUSDT": 4030448.17009, "BLZUSDT": 6749372.37069, "LTCUSDT": 91817026.74101, "ROSEUSDT": 14007685.57828, "STRKUSDT": 41980736.15092, "BNBUSDT": 340283555.3297, "NMRUSDT": 4647389.6788, "API3USDT": 10262636.88414, "TNSRUSDT": 15928071.37565, "LINKUSDT": 130361241.48582, "SPXUSDT": 6366161.9178, "LISTAUSDT": 19310480.9564, "HFTUSDT": 2567336.62646, "ATOMUSDT": 51284178.62531, "FLOWUSDT": 9556080.8861, "OMNIUSDT": 14920697.22673, "UXLINKUSDT": 39496142.4805, "DOGEUSDT": 506523825.91574, "JTOUSDT": 40954853.2687, "ONEUSDT": 6287006.5431, "NKNUSDT": 3308791.28436, "AKTUSDT": 14889918.5293, "VIRTUALUSDT": 67208419.48932, "WOOUSDT": 11180684.654, "MTLUSDT": 4908723.547, "NOTUSDT": 114342044.706531, "ENSUSDT": 28722319.4963, "AVAXUSDT": 172687819.093, "VOXELUSDT": 6277279.6283, "AGLDUSDT": 5065930.0547, "DUSKUSDT": 6688119.16116, "LITUSDT": 5497729.0073, "STGUSDT": 5477579.663, "INJUSDT": 90802481.9673, "EIGENUSDT": 131279991.8557, "BALUSDT": 3621477.6083, "GALAUSDT": 67310618.27091, "BONDUSDT": 5667005.4397, "TROYUSDT": 50219435.984757, "TIAUSDT": 248677413.5757, "MAVIAUSDT": 9185746.64315, "PYTHUSDT": 19429947.42408, "ETHUSDT": 6231806758.76281, "DYDXUSDT": 58603451.8267, "ACXUSDT": 129721036.54735, "DENTUSDT": 3484116.611332, "IOUSDT": 60723894.561, "ALPHAUSDT": 4147271.87938, "RVNUSDT": 4697449.65443, "WUSDT": 33580898.17765, "MOVRUSDT": 5044226.87872, "IMXUSDT": 20529269.6758, "BOMEUSDT": 145928170.811038, "ZKUSDT": 28532212.41845, "XRPUSDT": 330090483.87224, "FETUSDT": 153072505.338, "USTCUSDT": 11184166.60117, "GLMUSDT": 5544834.34791, "LUNA2USDT": 11426513.6655, "ICXUSDT": 3561218.3479, "IOTXUSDT": 5758145.16125, "DYMUSDT": 21261045.1512, "DODOXUSDT": 4279573.13244, "RONINUSDT": 4937444.43385, "BBUSDT": 22992023.1442, "GRASSUSDT": 84331142.19656, "ZRXUSDT": 6810595.48533, "FIDAUSDT": 26719176.7876, "ZROUSDT": 51249076.45488, "LOKAUSDT": 3825483.163, "REIUSDT": 6702789.06665, "ARPAUSDT": 9492262.00918, "RPLUSDT": 5500873.6703, "ORCAUSDT": 59856814.821, "SUPERUSDT": 24939263.0296, "KOMAUSDT": 26153597.29213, "FTMUSDT": 193870322.307, "COMPUSDT": 8630853.53095, "ALTUSDT": 25970077.5645, "SUSHIUSDT": 15096949.511, "DOTUSDT": 75794160.2194, "ONGUSDT": 3708593.84153, "SANTOSUSDT": 15796480.3208, "DEFIUSDT": 996490.0576, "BNTUSDT": 2272791.30799, "ARBUSDT": 79095037.24151, "SUNUSDT": 22846165.317337, "POWRUSDT": 4594132.5879, "HOOKUSDT": 6923408.89755, "CATIUSDT": 78216577.4592, "1000BONKUSDT": 112933786.239288, "MBOXUSDT": 7748869.1359, "WAXPUSDT": 2836535.15835, "THEUSDT": 186507465.82357, "MAVUSDT": 5733503.73579, "SKLUSDT": 4686116.31266, "MEWUSDT": 86796824.362364, "ETHWUSDT": 8018222.5053, "RAREUSDT": 25958756.9666, "SOLUSDT": 2235550608.14, "APEUSDT": 63468045.2006, "SSVUSDT": 12014554.68441, "MANAUSDT": 14792337.0017, "DEGENUSDT": 41410525.476496, "CHESSUSDT": 6831526.1361, "QNTUSDT": 5687695.273, "1000LUNCUSDT": 23890200.54764, "GTCUSDT": 6585851.7463, "ICPUSDT": 29193855.975, "VIDTUSDT": 17541888.99572, "ALGOUSDT": 11357495.76413, "KASUSDT": 16797000.90437, "STMXUSDT": 9046817.51749, "UNIUSDT": 77178217.141, "BANUSDT": 105983376.5196, "POLUSDT": 32016329.0413, "TRUUSDT": 8847981.23842, "PONKEUSDT": 27517680.20671, "EOSUSDT": 39736176.9742, "KSMUSDT": 6264721.1664, "FLUXUSDT": 5114032.2703, "IOSTUSDT": 4168011.202965, "TLMUSDT": 4949788.836569, "SEIUSDT": 133511320.0857, "KNCUSDT": 3870039.9227, "LSKUSDT": 2451232.698, "TAOUSDT": 133858788.04671, "WLDUSDT": 322631475.0079, "THETAUSDT": 18105349.33247, "ALICEUSDT": 8715206.1914, "ETHUSDT_241227": 12404867.56038, "ETHFIUSDT": 49973134.22172, "XEMUSDT": 4130759.174, "ACHUSDT": 7817855.41187, "QUICKUSDT": 4938630.5062, "XMRUSDT": 12016168.15275, "YFIUSDT": 5288517.397, "JASMYUSDT": 32949767.808754, "MORPHOUSDT": 75094940.17006, "LINAUSDT": 10007134.30952,