{"DYDXUSDT": 33033446.6909, "TNSRUSDT": 9240570.13302, "RENDERUSDT": 36697240.6298, "CFXUSDT": 17244504.27628, "JOEUSDT": 3475431.38984, "GUNUSDT": 210285753.6898, "RONINUSDT": 4145257.45179, "IOUSDT": 27058964.56952, "MAVUSDT": 3788367.43093, "COWUSDT": 16595295.3311, "1000WHYUSDT": 4053784.952481, "OMNIUSDT": 8323159.97704, "MOVEUSDT": 71088376.5069, "RAREUSDT": 5925912.59954, "XLMUSDT": 101383476.34688, "VVVUSDT": 10562272.06549, "CYBERUSDT": 4936656.2964, "CETUSUSDT": 10075806.03539, "BSVUSDT": 3439493.154, "NTRNUSDT": 2295889.3524, "COTIUSDT": 9076663.57538, "ARCUSDT": 140841449.57436, "SIRENUSDT": 13811228.24347, "PEOPLEUSDT": 33728155.5903, "CELRUSDT": 4119090.7039, "GRASSUSDT": 21851313.1729, "SEIUSDT": 51903518.6478, "METISUSDT": 4060352.5757, "MEWUSDT": 10222321.080282, "BSWUSDT": 3509224.55102, "WAXPUSDT": 2770019.25473, "STEEMUSDT": 4255818.73317, "HOOKUSDT": 3852929.78423, "SUSHIUSDT": 16233171.3644, "OMUSDT": 52627774.269124, "KNCUSDT": 3399618.8327, "ASTRUSDT": 4604526.164271, "DUSDT": 5226106.8375, "VIRTUALUSDT": 73230969.93931, "JELLYJELLYUSDT": 13169148.34832, "VINEUSDT": 65060697.03654, "MKRUSDT": 35088601.2557, "WUSDT": 16985749.655687, "COMPUSDT": 14030096.9446, "GLMUSDT": 7408571.58853, "DYMUSDT": 7695782.15304, "KASUSDT": 14640995.40517, "ZENUSDT": 29425593.8758, "SXPUSDT": 7313573.85391, "BBUSDT": 9648129.27769, "ICPUSDT": 22970495.798, "PIPPINUSDT": 10217295.48331, "XAIUSDT": 9805065.00658, "EGLDUSDT": 9796969.8386, "CTSIUSDT": 3701667.2785, "SOLVUSDT": 41387495.8167, "ZROUSDT": 26684294.38193, "AGLDUSDT": 14866139.1102, "LISTAUSDT": 6982815.9224, "SLERFUSDT": 2726644.015, "ROSEUSDT": 7989131.50359, "MANAUSDT": 17175524.9724, "BROCCOLI714USDT": 39926664.27652, "TRUUSDT": 5290294.05187, "NEIROETHUSDT": 14572884.91326, "BADGERUSDT": 4323361.6679, "AVAAIUSDT": 26369925.49625, "PAXGUSDT": 12482853.1361, "AKTUSDT": 3308810.2142, "AIUSDT": 10029243.8638, "NILUSDT": 77070118.08487, "LTCUSDT": 268873039.58581, "ARPAUSDT": 4165084.16115, "1000BONKUSDT": 71587811.726581, "FUNUSDT": 35667792.002362, "SUIUSDT": 626968238.90169, "USTCUSDT": 4889706.437997, "CKBUSDT": 6024668.171229, "EOSUSDT": 63638083.7078, "RPLUSDT": 3620785.1979, "WLDUSDT": 162805695.0906, "THEUSDT": 25190167.91078, "FETUSDT": 67217952.4596, "1000SATSUSDT": 50408004.6907096, "CHZUSDT": 15176900.52113, "RDNTUSDT": 4552039.95275, "TROYUSDT": 7116584.967109, "DEFIUSDT": 1880004.8588, "REZUSDT": 9073713.56312, "RUNEUSDT": 44822461.177, "HIPPOUSDT": 5321453.29891, "SSVUSDT": 10160244.15942, "LPTUSDT": 10581594.3654, "INJUSDT": 64044837.8691, "VANAUSDT": 35626464.14458, "PONKEUSDT": 4987253.98462, "ALGOUSDT": 46673179.37767, "1INCHUSDT": 8703708.5013, "1000SHIBUSDT": 116801352.45913, "ACTUSDT": 71184987.223, "ENAUSDT": 310393811.0654, "PROMUSDT": 3728478.4155, "CHESSUSDT": 3546596.9392, "DOGEUSDT": 981932430.91929, "TURBOUSDT": 31108733.0162395, "SFPUSDT": 2860276.2683, "TRUMPUSDT": 475897746.21105, "XTZUSDT": 10100579.8104, "POWRUSDT": 4019180.5784, "IMXUSDT": 12448219.1357, "HOTUSDT": 5537277.566488, "TRXUSDT": 106140762.26893, "TUSDT": 3176121.02396, "BTCUSDT_250926": 9323686.1967, "MBOXUSDT": 4717055.7745, "MTLUSDT": 3157523.876, "JTOUSDT": 33073422.5557, "GRTUSDT": 16056291.73766, "BOMEUSDT": 43071602.229767, "BTCDOMUSDT": 7501770.1131, "ETHUSDT_250627": 8175910.62193, "HBARUSDT": 134897683.83384, "1000CHEEMSUSDT": 20273140.5744916, "ZETAUSDT": 5188792.3466, "ARBUSDT": 69578404.69238, "FXSUSDT": 5195881.48333, "WOOUSDT": 5138112.97464, "FLUXUSDT": 2535088.5368, "FIOUSDT": 2832082.90165, "VANRYUSDT": 9906155.45948, "ALTUSDT": 9757955.48099, "CHRUSDT": 5335981.1087, "ONTUSDT": 5959932.35254, "AXSUSDT": 14608989.349, "NOTUSDT": 38005937.51892, "BABYUSDT": 1449986.50825, "DEXEUSDT": 11982756.40679, "BANDUSDT": 3917743.33385, "BROCCOLIF3BUSDT": 40455032.485813, "LAYERUSDT": 108088453.47917, "GOATUSDT": 37698506.8836, "TONUSDT": 49387274.12737, "BCHUSDT": 89248418.95661, "GMXUSDT": 5366481.50136, "B3USDT": 8806477.11892, "UNIUSDT": 76793310.891, "SWELLUSDT": 4639128.83696, "ZRXUSDT": 6519893.71659, "AVAUSDT": 6015405.05181, "MELANIAUSDT": 30492212.55614, "1000XUSDT": 4420596.07466, "SONICUSDT": 11245649.1282, "IDUSDT": 7602118.84911, "SYSUSDT": 2816795.01687, "HIGHUSDT": 5025413.71218, "SANDUSDT": 40982944.8601, "1000RATSUSDT": 15288953.4362, "BNBUSDT": 442618369.8534, "UXLINKUSDT": 24158328.5254, "IOTXUSDT": 5752390.03454, "STORJUSDT": 6012994.8258, "ATOMUSDT": 52226548.11632, "CGPTUSDT": 10906578.82567, "DEGOUSDT": 3400294.32584, "BRUSDT": 14940073.09, "BALUSDT": 2764122.2349, "MAGICUSDT": 6020860.09574, "RAYSOLUSDT": 20661231.57339, "SANTOSUSDT": 3206532.9531, "ONEUSDT": 8551730.59191, "ETHUSDT_250926": 6837463.02003, "C98USDT": 6586277.7514, "BTCUSDT": 14210148345.9687, "BICOUSDT": 3065521.2856, "ACXUSDT": 5029788.42616, "IPUSDT": 84426262.782953, "NKNUSDT": 2318561.50707, "HIFIUSDT": 3458824.0234, "OPUSDT": 77682034.65303, "STRKUSDT": 17434960.18377, "ARUSDT": 22299613.6942, "TUTUSDT": 59615845.12328, "AUCTIONUSDT": 16927211.7188, "AI16ZUSDT": 107751083.39205, "PENDLEUSDT": 34442912.645, "BERAUSDT": 106594301.6947, "DOGSUSDT": 33391263.1816294, "PLUMEUSDT": 8072720.2585, "BLURUSDT": 10114043.01541, "ICXUSDT": 4075115.6095, "NEIROUSDT": 157948837.0133983, "DEGENUSDT": 6474251.0683, "SWARMSUSDT": 73826179.5782, "ZEREBROUSDT": 33713334.0048, "ETHFIUSDT": 43152593.91736, "VICUSDT": 5699312.7307, "XVSUSDT": 5275320.7548, "ORCAUSDT": 6020921.2036, "GASUSDT": 4828792.4529, "MEMEUSDT": 16764744.999764, "ATAUSDT": 5106139.376, "BATUSDT": 6591486.24694, "UMAUSDT": 5239672.992, "VIDTUSDT": 5892812.75036, "DOTUSDT": 122854269.9109, "TOKENUSDT": 3188072.96422, "1000CATUSDT": 14320290.84565, "KAIAUSDT": 4552793.5342, "NEOUSDT": 15285342.72702, "GTCUSDT": 4699452.1493, "OGNUSDT": 4136625.88, "1MBABYDOGEUSDT": 20394119.3903645, "DIAUSDT": 2512538.714, "ACEUSDT": 4153628.452684, "API3USDT": 5081348.43083, "DRIFTUSDT": 8620768.0768, "FORMUSDT": 38475771.3197, "SAGAUSDT": 16674584.78756, "VETUSDT": 23489578.677294, "BRETTUSDT": 11427879.08682, "RLCUSDT": 4553217.55424, "DODOXUSDT": 2605884.277687, "TIAUSDT": 101107677.9846, "1000PEPEUSDT": 751606470.8532506, "1000LUNCUSDT": 10598677.20234, "MASKUSDT": 15407709.0793, "AIXBTUSDT": 69896298.1911, "BIOUSDT": 22745696.915, "XVGUSDT": 6063433.9229948, "APTUSDT": 97843769.59712, "ALCHUSDT": 57360094.83039, "AEROUSDT": 6811879.43383, "1000FLOKIUSDT": 36772727.62923, "POLYXUSDT": 5109200.35133, "SNXUSDT": 12746417.0976, "GUSDT": 3461509.89756, "EIGENUSDT": 58245188.7637, "EDUUSDT": 4279627.1195, "GPSUSDT": 17613027.6515, "GHSTUSDT": 1876740.3596, "IOSTUSDT": 5169653.290063, "OXTUSDT": 2340829.36835, "BEAMXUSDT": 10589670.8622, "PENGUUSDT": 68582472.476949, "CAKEUSDT": 21588393.2263, "MORPHOUSDT": 11609055.25723, "MYROUSDT": 4942438.05618, "BNTUSDT": 2532535.7891, "PIXELUSDT": 7543322.93249, "DASHUSDT": 5303078.21639, "ACHUSDT": 13827176.163416, "KSMUSDT": 5907586.0458, "RSRUSDT": 18104531.508849, "TWTUSDT": 4261106.32, "PERPUSDT": 2819019.41686, "TSTUSDT": 81122692.2816, "NMRUSDT": 4182698.7979, "ONDOUSDT": 138711499.35338, "AERGOUSDT": 4880982.3531, "BIDUSDT": 3728295.88001, "BANANAS31USDT": 22253210.567997, "BAKEUSDT": 9932488.2266, "ALPACAUSDT": 4095895.0125, "AVAXUSDT": 224626257.125, "USUALUSDT": 40842549.2703, "VTHOUSDT": 6238617.121935, "JUPUSDT": 59638139.3933, "CATIUSDT": 9065416.4918, "DFUSDT": 11176990.15284, "IOTAUSDT": 14752074.56857, "SHELLUSDT": 24254291.7729, "LRCUSDT": 5065236.75968, "MANTAUSDT": 10866323.56861, "FARTCOINUSDT": 291767296.22359, "JASMYUSDT": 20868016.136164, "CRVUSDT": 106669822.1145, "KDAUSDT": 4702794.4561, "MEUSDT": 20886638.8646, "YGGUSDT": 5831451.5548, "HFTUSDT": 3639057.33902, "PARTIUSDT": 130620944.5545, "FILUSDT": 107987900.0086, "FLOWUSDT": 11801074.883, "ANKRUSDT": 4694250.20106, "BNXUSDT": 5573122.53133, "NULSUSDT": 2127393.351, "ILVUSDT": 4005962.1892, "ZILUSDT": 7631506.62621, "HEIUSDT": 8901534.77619, "POLUSDT": 23591371.90577, "BELUSDT": 7925661.7947, "ANIMEUSDT": 25147220.9028,