{"CKBUSDT": 14044109.868853, "AERGOUSDT": 4343042.6541, "ACEUSDT": 11210264.350742, "RLCUSDT": 3112584.36735, "XRPUSDT": 287185085.21189, "ONDOUSDT": 49043704.85823, "ROSEUSDT": 10876740.04214, "PORTALUSDT": 9785851.73327, "1000RATSUSDT": 56741741.60225, "VANRYUSDT": 9343571.34914, "HBARUSDT": 13765520.02523, "FTMUSDT": 148300319.7219, "TAOUSDT": 74235089.20596, "CELOUSDT": 13664154.6462, "VETUSDT": 9044628.603275, "AVAXUSDT": 156324301.443, "RUNEUSDT": 49131376.189, "SUPERUSDT": 23434622.8919, "USTCUSDT": 7064442.57524, "GOATUSDT": 392960156.473, "WLDUSDT": 234223246.2658, "BANANAUSDT": 22036084.0564, "ACHUSDT": 5725978.161928, "BTCDOMUSDT": 2340369.0826, "JASMYUSDT": 31741808.032929, "ONGUSDT": 3040708.53553, "CATIUSDT": 90190996.1235, "MOVRUSDT": 4100028.57529, "CTSIUSDT": 4407681.5743, "WUSDT": 16840365.77467, "CHZUSDT": 12501499.06207, "TROYUSDT": 115756091.161225, "BICOUSDT": 3180395.8991, "BADGERUSDT": 2653796.1537, "REEFUSDT": 52459150.230345, "1INCHUSDT": 9877262.2527, "TWTUSDT": 3548227.4, "VOXELUSDT": 6003429.2959, "KLAYUSDT": 3667691.40655, "STMXUSDT": 9046817.51749, "COWUSDT": 163401751.98, "ILVUSDT": 4656338.821, "API3USDT": 7937283.24225, "XVGUSDT": 2670528.6426414, "TURBOUSDT": 64239743.203197, "FLMUSDT": 6046504.9368, "EGLDUSDT": 7328461.9976, "ALICEUSDT": 7502086.4149, "XVSUSDT": 2965066.9763, "MKRUSDT": 33973884.6301, "TONUSDT": 94497703.97385, "TRXUSDT": 53283048.46286, "COSUSDT": 3264089.822415, "PHBUSDT": 8404793.393, "XEMUSDT": 4443698.6769, "SYNUSDT": 8945542.9705, "DEFIUSDT": 918012.1571, "PNUTUSDT": 207632118.25226, "BANDUSDT": 4048337.60075, "CHESSUSDT": 5646932.1981, "SUNUSDT": 29932605.422699, "BEAMXUSDT": 13829186.623742, "MANTAUSDT": 16116609.38426, "ALPHAUSDT": 3712033.95094, "PENDLEUSDT": 48608817.1974, "KEYUSDT": 5671978.8692808, "FLOWUSDT": 8708735.2104, "LPTUSDT": 10036810.897, "APTUSDT": 109579563.6021, "1000LUNCUSDT": 19304730.43664, "JOEUSDT": 2786393.7979, "LOKAUSDT": 2700772.5338, "DUSKUSDT": 5813537.33189, "BOMEUSDT": 115273983.975852, "AXLUSDT": 7689105.06538, "INJUSDT": 80485803.0938, "OMUSDT": 21837134.460887, "RDNTUSDT": 13136395.15784, "1000FLOKIUSDT": 94374592.04738, "LDOUSDT": 29923102.4302, "HMSTRUSDT": 61263162.218704, "ENSUSDT": 27420348.5672, "BTCUSDT_241227": 17607618.386, "THETAUSDT": 15814352.18701, "QTUMUSDT": 3589992.5066, "SYSUSDT": 5883824.0871, "TRUUSDT": 7330163.96694, "SKLUSDT": 3975759.21992, "MASKUSDT": 12991005.6139, "BATUSDT": 3343066.01845, "FXSUSDT": 3446260.84434, "MANAUSDT": 13189809.53, "MEWUSDT": 84351950.083057, "GASUSDT": 5790014.7921, "1000BONKUSDT": 77197155.868586, "CETUSUSDT": 142289351.29376, "MAGICUSDT": 5174099.08271, "CELRUSDT": 3733581.68877, "PONKEUSDT": 30189708.60299, "FIDAUSDT": 21295406.1953, "GHSTUSDT": 3712630.548, "NEIROETHUSDT": 182288122.8214, "QNTUSDT": 4634469.614, "ANKRUSDT": 4107936.36582, "BRETTUSDT": 12063540.04739, "WIFUSDT": 511350518.03662, "WAXPUSDT": 2499539.26978, "SEIUSDT": 77129417.2072, "ZETAUSDT": 24340544.8791, "BSWUSDT": 3076779.38291, "MAVIAUSDT": 7555473.91481, "ADAUSDT": 110163018.5424, "OPUSDT": 73527672.05308, "CRVUSDT": 67868698.441, "SFPUSDT": 3153058.4994, "ATAUSDT": 3945329.0989, "BCHUSDT": 76978674.18335, "AUCTIONUSDT": 9304017.48418, "ARUSDT": 28698698.3273, "BONDUSDT": 5024726.55, "SXPUSDT": 5847867.29627, "LITUSDT": 5003133.6829, "COTIUSDT": 9247006.85986, "IMXUSDT": 17535774.4842, "JTOUSDT": 35491979.13, "ETHUSDT": 5523868083.81981, "ONEUSDT": 4970669.73156, "STEEMUSDT": 1582354.78408, "HFTUSDT": 2136058.36094, "EIGENUSDT": 131279991.8557, "ZRXUSDT": 5477113.0068, "1MBABYDOGEUSDT": 118680732.6588799, "AIUSDT": 14959838.59696, "USDCUSDT": 806047.945464, "ARKUSDT": 4825208.0624, "NEIROUSDT": 840951271.1818354, "NULSUSDT": 3731213.3523, "CYBERUSDT": 6913706.6697, "STGUSDT": 4739324.4534, "BNTUSDT": 2093561.52035, "STXUSDT": 52351574.3133, "QUICKUSDT": 3191710.66353, "NMRUSDT": 3931781.0708, "DARUSDT": 10722451.56631, "ZROUSDT": 52387539.52281, "XAIUSDT": 20648841.7449, "ORDIUSDT": 209402143.7036, "SSVUSDT": 10810412.69585, "LRCUSDT": 4231584.19306, "C98USDT": 5079980.2689, "PIXELUSDT": 19611350.742, "ETHWUSDT": 2370460.2778, "1000XECUSDT": 3402509.11814, "IOUSDT": 62158624.2026, "STORJUSDT": 11637469.437, "1000SATSUSDT": 175157667.5841107, "HIFIUSDT": 5514044.4623, "BNBUSDT": 296143950.7364, "SAFEUSDT": 32194294.3361, "DASHUSDT": 3642549.3649, "ETCUSDT": 42333268.1113, "ICXUSDT": 3035226.7969, "MINAUSDT": 11073501.2654, "ZECUSDT": 13621441.37262, "ICPUSDT": 24702095.899, "ZKUSDT": 26132491.83575, "TOKENUSDT": 9184353.81652, "RAREUSDT": 40488221.42951, "KSMUSDT": 4876785.5844, "POLUSDT": 29757156.4759, "GUSDT": 4582936.57293, "NOTUSDT": 120905544.56098, "BIGTIMEUSDT": 39078883.89556, "BSVUSDT": 5272129.185, "TIAUSDT": 171882999.7555, "SWELLUSDT": 102899419.04318, "LEVERUSDT": 5730308.9711283, "RVNUSDT": 3818539.1792, "BLURUSDT": 22349202.7529, "LUNA2USDT": 8101482.4785, "IDUSDT": 5577452.83509, "XTZUSDT": 5869701.7664, "NEARUSDT": 108630625.608, "JUPUSDT": 33514649.5451, "UXLINKUSDT": 47834762.815, "BNXUSDT": 26861383.25871, "YFIUSDT": 4856325.284, "LINKUSDT": 110463264.55678, "SOLUSDT": 2072250884.037, "ALGOUSDT": 9943727.04285, "MOODENGUSDT": 622328938.50576, "TRBUSDT": 43401582.8079, "DYDXUSDT": 40821754.9029, "1000PEPEUSDT": 702100335.0387862, "RPLUSDT": 3776829.0433, "PERPUSDT": 3259510.04615, "ARKMUSDT": 32312729.8623, "SAGAUSDT": 115041827.33336, "BALUSDT": 3135968.6104, "HOTUSDT": 5370702.776257, "REZUSDT": 19641723.04757, "BTCUSDT_250328": 14601895.2129, "ASTRUSDT": 5921666.82835, "PYTHUSDT": 13832504.3937, "MBOXUSDT": 7273691.7538, "BTCUSDT": 13034447010.34392, "BLZUSDT": 4714310.44429, "OXTUSDT": 2026422.72899, "COMBOUSDT": 2582766.31164, "IOTAUSDT": 5279840.96445, "DYMUSDT": 18969937.70677, "SANDUSDT": 21088555.14824, "TNSRUSDT": 14208632.64192, "OMNIUSDT": 12118048.77906, "NTRNUSDT": 2982286.6849, "APEUSDT": 33829745.6394, "CFXUSDT": 22193833.03394, "ARPAUSDT": 5891464.65069, "STRKUSDT": 35130261.93602, "LQTYUSDT": 7109673.56699, "GRTUSDT": 17084834.08436, "EDUUSDT": 7462143.0302, "HIGHUSDT": 8933303.71749, "TUSDT": 4087135.12015, "DODOXUSDT": 2732356.300304, "RONINUSDT": 4019812.0293, "NEOUSDT": 11570288.04901, "SCRUSDT": 56502432.5953, "POWRUSDT": 3520411.7726, "SUSHIUSDT": 12059247.7454, "GMTUSDT": 22239746.65348, "IOTXUSDT": 4745092.75736, "AMBUSDT": 5570503.446766, "HOOKUSDT": 6921736.06243, "ENAUSDT": 127020671.1228, "MYROUSDT": 16231548.51102, "COMPUSDT": 7942205.55487, "LTCUSDT": 87833730.20333, "ATOMUSDT": 43884181.93712, "LSKUSDT": 2227102.7729, "ONTUSDT": 4594319.88378, "GTCUSDT": 6419121.049, "GALAUSDT": 61294791.14171, "SANTOSUSDT": 38883418.0416, "ALTUSDT": 22095302.1467, "SNXUSDT": 9561048.6766, "UMAUSDT": 11892704.412, "CHRUSDT": 7039359.5433, "IOSTUSDT": 3589875.778535, "UNIUSDT": 59251139.808, "ACTUSDT": 674107822.58621, "YGGUSDT": 15967740.0928, "KDAUSDT": 4817171.3748, "GLMUSDT": 5011729.03703, "AEVOUSDT": 18837069.48052, "FLUXUSDT": 4725623.4389, "MEMEUSDT": 20363142.678209, "METISUSDT": 4993839.4874, "CAKEUSDT": 6629818.8363, "LINAUSDT": 9606604.60845, "LISTAUSDT": 19366083.7667, "BAKEUSDT": 12711333.9517, "1000000MOGUSDT": 34393983.72599, "POLYXUSDT": 6970008.08027, "KAVAUSDT": 6425301.41645, "GRASSUSDT": 70120433.58322, "MTLUSDT": 4064844.7949, "ETHUSDT_250328": 6564635.35197, "DRIFTUSDT": 212054101.6253, "TLMUSDT": 4212447.843616, "DOGSUSDT": 166863449.4404571, "SUIUSDT": 468381416.00163, "RIFUSDT": 3787267.14526, "DOGEUSDT": 305944574.54456, "HIPPOUSDT": 132195609.49584, "RENUSDT": 4040834.42815, "FIOUSDT": 8345652.14721, "RSRUSDT": 10920612.037146, "ENJUSDT": 5208026.55528, "RENDERUSDT": 34235687.0527, "FETUSDT": 124718468.2383, "ZILUSDT": 5563480.77123, "AXSUSDT": 16137392.546, "FILUSDT": 82228014.5358, "KASUSDT": 15013157.12674, "POPCATUSDT": 161267492.4798, "1000CATUSDT": 64136284.45196, "NFPUSDT": 7464639.17479, "1000SHIBUSDT": 114469623.826398, "OGNUSDT": 3864179.5965, "DIAUSDT": 36972327.658, "ZENUSDT": 6432732.9221, "SPELLUSDT": 4620878.0487569, "WOOUSDT": 6908291.66628,