{"ARPAUSDT": 5571761.89954, "BNBUSDT": 303360703.096, "NMRUSDT": 3878857.1937, "C98USDT": 5079980.2689, "CTSIUSDT": 4373262.3641, "AERGOUSDT": 3892991.0037, "SWELLUSDT": 264295484.13758, "BIGTIMEUSDT": 35012256.1087, "BSWUSDT": 3076779.38291, "PERPUSDT": 3320997.04415, "COWUSDT": 127062051.5487, "UNFIUSDT": 8037059.7223, "BTCUSDT": 13394677570.4442, "ORDIUSDT": 212440046.6804, "FILUSDT": 82228014.5358, "APTUSDT": 105125865.51695, "JUPUSDT": 34242799.2355, "RONINUSDT": 4019812.0293, "TRUUSDT": 7330163.96694, "WAXPUSDT": 2488203.62631, "1000RATSUSDT": 57599481.14276, "ARUSDT": 29907197.7616, "GHSTUSDT": 3534338.472, "COTIUSDT": 9247006.85986, "AXLUSDT": 7536992.3769, "DUSKUSDT": 5813537.33189, "LEVERUSDT": 5855071.3904896, "BTCUSDT_241227": 18062912.2936, "HIFIUSDT": 5453644.3395, "MASKUSDT": 12991005.6139, "DENTUSDT": 3162362.411607, "STGUSDT": 4739324.4534, "VIDTUSDT": 26307289.90082, "DOGEUSDT": 305944574.54456, "MAGICUSDT": 5174099.08271, "ICXUSDT": 3015221.5946, "1000000MOGUSDT": 20378034.11696, "CHESSUSDT": 4972467.0694, "ARBUSDT": 64358112.43689, "API3USDT": 7937283.24225, "ADAUSDT": 110582343.8458, "LISTAUSDT": 19529144.2621, "BONDUSDT": 5667005.4397, "AMBUSDT": 5608475.216919, "KLAYUSDT": 4042989.85399, "EDUUSDT": 7299261.9476, "LDOUSDT": 30460334.5692, "MANTAUSDT": 16116609.38426, "JOEUSDT": 2804268.1254, "MAVIAUSDT": 7558275.88155, "IOTAUSDT": 5279840.96445, "RSRUSDT": 10194685.802719, "ZECUSDT": 14238842.99885, "ENAUSDT": 128132843.7705, "HOOKUSDT": 6896150.5945, "SYNUSDT": 8930609.5916, "ARKUSDT": 4825208.0624, "OMNIUSDT": 12233641.90091, "ATOMUSDT": 43884181.93712, "OXTUSDT": 2038245.98882, "LTCUSDT": 85955575.52176, "ONEUSDT": 5153578.77359, "ANKRUSDT": 4053739.4169, "ETCUSDT": 42681853.86941, "XTZUSDT": 5979221.3858, "RVNUSDT": 3818539.1792, "AVAXUSDT": 156771879.806, "1000LUNCUSDT": 19504356.1981, "BSVUSDT": 5272129.185, "1000CATUSDT": 64136284.45196, "SAGAUSDT": 115041827.33336, "STXUSDT": 52351574.3133, "ILVUSDT": 4656338.821, "SUNUSDT": 29778155.383149, "NULSUSDT": 3559869.205, "FLUXUSDT": 4637078.0658, "ZENUSDT": 6502044.5115, "ORBSUSDT": 4184121.87616, "BOMEUSDT": 115273983.975852, "MEMEUSDT": 20363142.678209, "LSKUSDT": 2227102.7729, "MOODENGUSDT": 410721358.57861, "TOKENUSDT": 9014763.98149, "PENDLEUSDT": 48196512.0366, "SANDUSDT": 21189777.1586, "1INCHUSDT": 9780042.7422, "SXPUSDT": 5847867.29627, "RIFUSDT": 3842923.89127, "RDNTUSDT": 13094844.95387, "TAOUSDT": 65382618.4147, "XVSUSDT": 2981179.4699, "KASUSDT": 15043648.86294, "BANANAUSDT": 22036084.0564, "REZUSDT": 20182616.7142, "GUSDT": 4377772.83649, "DYMUSDT": 18874258.24533, "PONKEUSDT": 37406614.8304, "METISUSDT": 5124163.3515, "BATUSDT": 3343066.01845, "DYDXUSDT": 40821754.9029, "COMBOUSDT": 2588360.64639, "1MBABYDOGEUSDT": 117235316.0644013, "ALTUSDT": 22095302.1467, "STEEMUSDT": 1582354.78408, "AAVEUSDT": 106850778.398, "ASTRUSDT": 5965560.511614, "ETHUSDT": 5530067659.02683, "DOGSUSDT": 159000055.8046442, "RPLUSDT": 3545383.8782, "KDAUSDT": 4759050.1361, "COSUSDT": 3172007.540824, "STORJUSDT": 11637469.437, "DOTUSDT": 67785968.9232, "MTLUSDT": 4064844.7949, "BADGERUSDT": 2720403.995, "TONUSDT": 94497703.97385, "GRASSUSDT": 139769563.54387, "ZILUSDT": 5565189.449, "CETUSUSDT": 128424651.68296, "CELOUSDT": 13488714.0328, "PORTALUSDT": 9831365.71189, "ONGUSDT": 3024084.77477, "BTCDOMUSDT": 2340369.0826, "AIUSDT": 14959838.59696, "OMGUSDT": 3026638.08544, "HFTUSDT": 2152412.31366, "TROYUSDT": 52316361.236472, "AEVOUSDT": 18837069.48052, "LPTUSDT": 10036810.897, "ZRXUSDT": 5540015.72944, "DASHUSDT": 3647298.02878, "ONTUSDT": 4594319.88378, "POPCATUSDT": 151290278.4585, "NOTUSDT": 121410196.90591, "GLMUSDT": 5011729.03703, "KEYUSDT": 5158531.7561959, "HBARUSDT": 13760915.22099, "ALPHAUSDT": 3712033.95094, "1000SATSUSDT": 177429071.7999196, "KSMUSDT": 4985803.7897, "FXSUSDT": 3524644.00185, "ZETAUSDT": 23603835.8239, "HIGHUSDT": 8933303.71749, "EIGENUSDT": 126542440.4926, "GMXUSDT": 5320310.03659, "NTRNUSDT": 2982286.6849, "MOVRUSDT": 4323637.57127, "SFPUSDT": 3153058.4994, "CYBERUSDT": 6913706.6697, "AGLDUSDT": 3802949.5091, "SUSHIUSDT": 12059247.7454, "VANRYUSDT": 9513917.9225, "ACEUSDT": 11445789.784981, "QTUMUSDT": 3482449.0552, "UMAUSDT": 11892704.412, "LOKAUSDT": 2647391.8354, "NEOUSDT": 11486595.06684, "FIDAUSDT": 20821753.0511, "AXSUSDT": 16222787.3, "XMRUSDT": 10607464.91347, "RLCUSDT": 3116178.47689, "IOSTUSDT": 3589875.778535, "MYROUSDT": 16231548.51102, "DIAUSDT": 38040010.8239, "XAIUSDT": 20905485.094, "CRVUSDT": 68405620.0859, "WIFUSDT": 511350518.03662, "LINKUSDT": 110613901.93349, "CAKEUSDT": 6629818.8363, "TRBUSDT": 43774735.6914, "QUICKUSDT": 3145559.06895, "TIAUSDT": 171882999.7555, "NKNUSDT": 3031671.82793, "WLDUSDT": 235608957.2822, "CKBUSDT": 14044109.868853, "BEAMXUSDT": 14117430.621181, "GRTUSDT": 17256659.01485, "TRXUSDT": 53852381.99599, "XEMUSDT": 4483521.1258, "CATIUSDT": 90190996.1235, "ALGOUSDT": 9972502.71164, "SUPERUSDT": 21470745.9277, "REEFUSDT": 49649942.581508, "BALUSDT": 3135968.6104, "RENDERUSDT": 34235687.0527, "CFXUSDT": 22193833.03394, "FTMUSDT": 144438922.5629, "LINAUSDT": 9889528.99703, "SANTOSUSDT": 53677123.0693, "COMPUSDT": 7981179.26009, "USTCUSDT": 7008199.66719, "LUNA2USDT": 8264482.6252, "MKRUSDT": 34223508.1207, "KNCUSDT": 3427194.1287, "MBOXUSDT": 7074759.3952, "YGGUSDT": 15967740.0928, "KAVAUSDT": 6425301.41645, "OGNUSDT": 3961465.8666, "BCHUSDT": 78321790.31545, "EOSUSDT": 36595183.5764, "BBUSDT": 24465907.0243, "LRCUSDT": 4285691.74883, "BRETTUSDT": 11705990.0164, "SCRUSDT": 40953579.013, "RUNEUSDT": 47835732.123, "CELRUSDT": 3733581.68877, "DODOXUSDT": 2650863.438059, "ONDOUSDT": 49681996.28705, "UNIUSDT": 59566588.501, "GALAUSDT": 61294791.14171, "SEIUSDT": 74402410.7418, "MEWUSDT": 80408487.066073, "JTOUSDT": 35565235.1656, "XVGUSDT": 2626391.806131, "SAFEUSDT": 37773209.6284, "LOOMUSDT": 5038243.06103, "BTCUSDT_250328": 13906783.4076, "VOXELUSDT": 5826831.8297, "ATAUSDT": 3965733.4527, "ETHWUSDT": 2370460.2778, "NEARUSDT": 108630625.608, "RAREUSDT": 36955315.5509, "IDUSDT": 5577452.83509, "ETHUSDT_250328": 6533908.20712, "HMSTRUSDT": 61263162.218704, "BAKEUSDT": 13070559.5301, "THETAUSDT": 15839861.20538, "CHZUSDT": 12678114.54754, "1000XECUSDT": 3402509.11814, "OPUSDT": 73631355.97406, "ALPACAUSDT": 9867195.27957, "1000PEPEUSDT": 702100335.0387862, "FETUSDT": 117514434.0983, "EGLDUSDT": 7336249.2298, "CHRUSDT": 7039359.5433, "UXLINKUSDT": 42418956.7016, "SSVUSDT": 10810412.69585, "BICOUSDT": 3275568.0043, "PIXELUSDT": 19611350.742, "TLMUSDT": 4210039.048273, "BNXUSDT": 26861383.25871, "1000FLOKIUSDT": 93162359.54379, "SYSUSDT": 5664992.2547, "INJUSDT": 80485803.0938, "HOTUSDT": 5214123.054805, "ICPUSDT": 25242987.949, "NEIROUSDT": 800541669.8002131, "SPELLUSDT": 4620878.0487569, "IMXUSDT": 16728290.6108, "SNXUSDT": 9724230.1666, "FLOWUSDT": 8710453.652, "MINAUSDT": 11117462.0077, "SKLUSDT": 3975759.21992, "1000SHIBUSDT": 114469623.826398, "BELUSDT": 5681202.425, "WUSDT": 16973607.19808, "ZKUSDT": 26132491.83575, "DARUSDT": 10718753.8942, "ZROUSDT": 54245586.69501, "STRKUSDT": 35130261.93602, "POLUSDT": 27978552.6839, "GTCUSDT": 6454157.5085, "AUCTIONUSDT": 9380781.93208, "FIOUSDT": 8345652.14721, "TURBOUSDT": 64239743.203197, "TUSDT": 4016019.14975, "ETHUSDT_241227": 10429194.93669, "ALICEUSDT": 7580736.4473, "IOTXUSDT": 4747265.97199, "BLZUSDT": 4714310.44429, "OMUSDT": 21961429.382938, "VETUSDT": 8937087.754128, "XLMUSDT": 15794141.07142, "APEUSDT": 33829745.6394, "TWTUSDT": 3582599.0012, "LITUSDT": 5044577.0718, "ARKMUSDT": 32031572.2677, "ROSEUSDT": 11251493.41429, "ENJUSDT": 5208026.55528, "ENSUSDT": 27465954.8787, "TNSRUSDT": 14208632.64192, "YFIUSDT": 4868658.035, "IOUSDT": 62413093.4345, "JASMYUSDT": 31741808.032929, "POLYXUSDT": 6970008.08027, "XRPUSDT": 287117415.07128, "WOOUSDT": 6822924.94549, "DRIFTUSDT": 1648548553.0804, "FLMUSDT": 6057436.4203, "BANDUSDT": 4055618.0827, "SUIUSDT": 431740899.98132, "BLURUSDT": 22243013.5999, "MAVUSDT": 5247375.47063, "PYTHUSDT": 13874441.6898,