{"HBARUSDT": 14506656.36806, "SCRTUSDT": 125582798.3864, "MAVUSDT": 5282154.596, "UXLINKUSDT": 42418956.7016, "PERPUSDT": 3495243.74232, "C98USDT": 5390315.8222, "MEMEUSDT": 22298781.019425, "ALICEUSDT": 7898001.7932, "LRCUSDT": 4290270.1624, "1000SHIBUSDT": 116817118.433674, "BADGERUSDT": 2730851.4881, "STRKUSDT": 35683200.07883, "MINAUSDT": 11552146.6571, "OXTUSDT": 2206971.85075, "ICPUSDT": 25391962.974, "PEOPLEUSDT": 140959081.84752, "TOKENUSDT": 9191514.44576, "KLAYUSDT": 2484480.53127, "QNTUSDT": 4774555.684, "BLURUSDT": 22989398.0717, "LITUSDT": 5044577.0718, "XRPUSDT": 287185085.21189, "EOSUSDT": 36769256.1474, "INJUSDT": 80485803.0938, "BRETTUSDT": 12409270.63089, "COTIUSDT": 10304558.24594, "TUSDT": 4173401.06032, "PHBUSDT": 10184856.0821, "LQTYUSDT": 7607666.16312, "MAVIAUSDT": 7558275.88155, "DOTUSDT": 69197717.6269, "ETHUSDT": 5530067659.02683, "MTLUSDT": 4064844.7949, "PYTHUSDT": 14199036.0725, "OMGUSDT": 3058971.36536, "XVSUSDT": 3060058.3485, "TWTUSDT": 3669574.5482, "STMXUSDT": 9663827.7948, "TROYUSDT": 52316361.236472, "ETHUSDT_241227": 11241004.22002, "BBUSDT": 22992023.1442, "YFIUSDT": 4898590.899, "DODOXUSDT": 3229983.044104, "UNFIUSDT": 6594650.5556, "LINKUSDT": 112962206.68373, "CATIUSDT": 99294888.7403, "SCRUSDT": 41611944.3521, "ZENUSDT": 6432732.9221, "POLUSDT": 30193510.91195, "DIAUSDT": 32718239.3653, "GRTUSDT": 17491519.54326, "BCHUSDT": 78321790.31545, "CHZUSDT": 13340084.84831, "AVAXUSDT": 162797614.547, "COMPUSDT": 7981179.26009, "WOOUSDT": 7791563.40474, "UMAUSDT": 12258944.988, "STEEMUSDT": 1576548.17791, "FXSUSDT": 3446260.84434, "BTCUSDT_241227": 19263320.3836, "1000CATUSDT": 68302323.84179, "TNSRUSDT": 14208632.64192, "SUSHIUSDT": 12352868.5681, "NMRUSDT": 4408394.2652, "SANDUSDT": 21401081.1061, "ONTUSDT": 4679014.58635, "BOMEUSDT": 117145860.980469, "BANUSDT": 87022915.3963, "QUICKUSDT": 3524346.50846, "OMNIUSDT": 12233641.90091, "FIOUSDT": 8821161.72654, "LDOUSDT": 30460334.5692, "GHSTUSDT": 4150013.288, "ASTRUSDT": 6040596.740932, "LOKAUSDT": 3110595.8716, "NEOUSDT": 11737320.50962, "FETUSDT": 139192499.8581, "APTUSDT": 122712895.2013, "IOTXUSDT": 4867220.23724, "ARKUSDT": 4911476.4602, "ANKRUSDT": 4107936.36582, "SEIUSDT": 96338295.1415, "1MBABYDOGEUSDT": 101542738.1824123, "XAIUSDT": 20905485.094, "BNBUSDT": 318190968.4354, "AEVOUSDT": 18837069.48052, "SYSUSDT": 5664992.2547, "MANAUSDT": 13279288.5443, "LINAUSDT": 9606604.60845, "KSMUSDT": 5183504.8317, "HIGHUSDT": 8933303.71749, "DEFIUSDT": 925047.0854, "TURBOUSDT": 57095869.940979, "HIFIUSDT": 5514044.4623, "ARKMUSDT": 38457378.0247, "JUPUSDT": 34242799.2355, "NFPUSDT": 7496558.76484, "RLCUSDT": 3372361.27224, "HOOKUSDT": 6923408.89755, "RDNTUSDT": 16709376.31663, "AERGOUSDT": 4591947.1556, "ENJUSDT": 5217220.17297, "VIDTUSDT": 20700324.95598, "CAKEUSDT": 7476707.6698, "SANTOSUSDT": 24136065.5129, "NTRNUSDT": 2994141.1654, "LOOMUSDT": 4988800.9771, "GMXUSDT": 5320678.63131, "ACEUSDT": 11210264.350742, "PORTALUSDT": 10297994.3289, "XVGUSDT": 2728971.5052868, "BEAMXUSDT": 14654331.378302, "ETHFIUSDT": 44085025.24942, "GLMUSDT": 5104807.83244, "ACHUSDT": 5952456.768604, "DRIFTUSDT": 84219367.1155, "API3USDT": 8061862.24154, "WIFUSDT": 548046549.69138, "OMUSDT": 21961429.382938, "SOLUSDT": 2107370703.744, "RPLUSDT": 4704570.2832, "MEWUSDT": 79843546.756234, "BAKEUSDT": 12626570.2774, "BLZUSDT": 4872697.0239, "SNXUSDT": 9872066.528, "TONUSDT": 94845683.20493, "SUNUSDT": 27498784.638832, "FIDAUSDT": 22601343.5847, "XEMUSDT": 4483521.1258, "ALGOUSDT": 10781013.08526, "PIXELUSDT": 21484236.9578, "THETAUSDT": 15906214.46421, "AAVEUSDT": 112352630.519, "TRUUSDT": 7367213.36075, "MOVRUSDT": 4681292.70601, "AXLUSDT": 9017416.75143, "ZROUSDT": 51240543.1061, "CFXUSDT": 22665867.55258, "SLERFUSDT": 41945461.7428, "OGNUSDT": 4143055.2044, "BANANAUSDT": 24427251.2882, "AGLDUSDT": 4241284.5613, "NKNUSDT": 3129323.67885, "COSUSDT": 3947600.312266, "SUPERUSDT": 23305140.3894, "PONKEUSDT": 34380403.06172, "CRVUSDT": 68405620.0859, "HOTUSDT": 6219503.41828, "SXPUSDT": 7516601.99903, "BELUSDT": 6957197.0674, "POPCATUSDT": 181828817.5685, "ETHWUSDT": 2499560.1137, "ALPHAUSDT": 3926990.55773, "MBOXUSDT": 7497059.5906, "1000RATSUSDT": 56741741.60225, "FILUSDT": 85688425.3184, "NULSUSDT": 3820934.1465, "ATOMUSDT": 45184567.80887, "MASKUSDT": 13913714.3204, "LSKUSDT": 2227102.7729, "HIPPOUSDT": 103438908.55939, "LTCUSDT": 89570366.06088, "AUCTIONUSDT": 9380781.93208, "XLMUSDT": 15972229.33597, "TIAUSDT": 175920367.3303, "GRASSUSDT": 70120433.58322, "RONINUSDT": 4047184.68239, "NEIROETHUSDT": 173475692.82231, "NOTUSDT": 118281848.29204, "IOSTUSDT": 3895905.949693, "1000LUNCUSDT": 19930444.06367, "CHESSUSDT": 5764639.0436, "WLDUSDT": 238609089.1991, "PNUTUSDT": 1246797489.02594, "BTCUSDT_250328": 15621728.2235, "ETHUSDT_250328": 7058980.89265, "IMXUSDT": 19010249.23, "HFTUSDT": 2240499.3428, "IOUSDT": 62158624.2026, "MKRUSDT": 34783954.9762, "USTCUSDT": 8221083.9834, "ARBUSDT": 64358112.43689, "NEIROUSDT": 840951271.1818354, "WUSDT": 17661834.12279, "LUNA2USDT": 8737938.9245, "ICXUSDT": 3044449.1457, "BALUSDT": 3181168.1597, "MAGICUSDT": 5258385.50899, "QTUMUSDT": 3644645.3473, "IOTAUSDT": 5431163.47129, "UNIUSDT": 66787578.631, "1000PEPEUSDT": 720856072.8478328, "ACTUSDT": 440265422.156, "ATAUSDT": 4058055.1478, "GTCUSDT": 6419121.049, "COWUSDT": 61055427.9541, "DARUSDT": 11786758.35078, "DYDXUSDT": 41980868.8564, "SPELLUSDT": 4759228.4226784, "RENUSDT": 4279623.24977, "MOODENGUSDT": 622328938.50576, "ARUSDT": 30884863.5921, "ORBSUSDT": 4154640.993928, "BATUSDT": 3378595.60859, "COMBOUSDT": 2582766.31164, "ROSEUSDT": 11571640.28152, "METISUSDT": 5506511.5652, "ZKUSDT": 26132491.83575, "1000XUSDT": 30894533.40892, "FLMUSDT": 6057436.4203, "POLYXUSDT": 7073255.62021, "DENTUSDT": 3147899.136479, "BNXUSDT": 25269095.51398, "SAGAUSDT": 107441044.7106, "KAVAUSDT": 6945336.06388, "EIGENUSDT": 111677601.4119, "APEUSDT": 39709703.8243, "BSWUSDT": 3306848.25108, "SKLUSDT": 3989130.81872, "LISTAUSDT": 18790296.8567, "GALAUSDT": 63111965.49917, "FLOWUSDT": 8879890.1155, "FTMUSDT": 157133107.3405, "YGGUSDT": 15992599.9199, "1INCHUSDT": 10058537.5484, "XMRUSDT": 11408910.26047, "JTOUSDT": 35565235.1656, "ZILUSDT": 5716113.03776, "GMTUSDT": 23611499.30718, "ONEUSDT": 5329960.13009, "1000XECUSDT": 3475243.60013, "DEGENUSDT": 66098172.817242, "BONDUSDT": 5422196.2117, "IDUSDT": 5684686.1713, "DUSKUSDT": 6268579.09922, "BIGTIMEUSDT": 49906004.39739, "MYROUSDT": 17691256.08355, "POWRUSDT": 3576426.0344, "VANRYUSDT": 9677735.52682, "KDAUSDT": 5297174.6908, "ONDOUSDT": 49043704.85823, "CELRUSDT": 3795453.96554, "ZETAUSDT": 24491425.6043, "VETUSDT": 9232790.233568, "JASMYUSDT": 31741808.032929, "TRBUSDT": 43401582.8079, "PENDLEUSDT": 49504809.3842, "DOGEUSDT": 316974947.98237, "GOATUSDT": 434879006.7677, "RENDERUSDT": 37313367.4643, "MANTAUSDT": 16122150.00341, "KEYUSDT": 5979032.8543379, "OPUSDT": 74702023.78573, "ALPACAUSDT": 11069662.44337, "NEARUSDT": 115011838.578, "STXUSDT": 53053922.0284, "STORJUSDT": 11637469.437, "SYNUSDT": 8930609.5916, "BTCDOMUSDT": 2344026.5556, "USDCUSDT": 816740.408581, "CTSIUSDT": 4584075.8293, "CETUSUSDT": 47937957.77919, "ONGUSDT": 3079362.64614, "ALTUSDT": 22095302.1467, "REEFUSDT": 47777110.724468, "EDUUSDT": 7664467.5474, "GUSDT": 4703633.39267, "CYBERUSDT": 7022427.0947, "VOXELUSDT": 6277279.6283, "REZUSDT": 18155755.22366, "REIUSDT": 4809875.31243, "ZECUSDT": 13621441.37262, "XTZUSDT": 6132847.0752, "RVNUSDT": 3874763.96556, "AIUSDT": 14959838.59696, "STGUSDT": 4741183.9499, "RAREUSDT": 31532725.2404, "ARPAUSDT": 7927577.76031, "SSVUSDT": 11219865.74849, "BANDUSDT": 4048337.60075, "DYMUSDT": 18612812.07276, "ILVUSDT": 4981760.498, "JOEUSDT": 2877614.56838, "TAOUSDT": 91283871.17625, "FLUXUSDT": 4725623.4389, "RUNEUSDT": 51883519.504, "RSRUSDT": 11841579.75151, "BNTUSDT": 2093561.52035, "LPTUSDT": 10228158.4869, "BSVUSDT": 5272129.185, "AMBUSDT": 5570503.446766, "ORDIUSDT": 212440046.6804, "BTCUSDT": 13394677570.4442, "ETCUSDT": 43316237.3936,