{"DEGOUSDT": 3341207.83437, "SIGNUSDT": 12187089.47839, "SHELLUSDT": 8304475.0518, "STXUSDT": 19864360.712, "PENDLEUSDT": 34708556.2125, "VANAUSDT": 11566252.77907, "LOKAUSDT": 2075463.81285, "ALPINEUSDT": 1458899.91743, "HIPPOUSDT": 7558094.246254, "CATIUSDT": 6664910.0921, "ATOMUSDT": 39462773.07776, "SKYAIUSDT": 5409409.82318, "ALPHAUSDT": 4677100.15327, "EPTUSDT": 6295808.415636, "RUNEUSDT": 16902287.47, "ZILUSDT": 5906599.68058, "ALTUSDT": 5657163.02022, "MOVEUSDT": 35195439.0147, "SPELLUSDT": 3938951.7526972, "FILUSDT": 99090559.2497, "SQDUSDT": 11590291.33873, "BSVUSDT": 3158941.036, "TAOUSDT": 104762425.35952, "AEROUSDT": 6532045.15697, "HBARUSDT": 56309074.59805, "FLOWUSDT": 8730754.5816, "BANUSDT": 2779355.0937, "TAIKOUSDT": 3571418.8248, "AIXBTUSDT": 42171102.04597, "PLUMEUSDT": 4969935.171, "XCNUSDT": 6169270.92999, "CETUSUSDT": 8814522.66292, "AERGOUSDT": 14818538.0599, "MORPHOUSDT": 4150433.20043, "FHEUSDT": 4381870.67167, "KSMUSDT": 4193697.6556, "ANKRUSDT": 3824659.00235, "OMUSDT": 49060780.670304, "CHESSUSDT": 3639346.1533, "NEWTUSDT": 54603477.3882, "TURBOUSDT": 25816486.1361032, "BOMEUSDT": 23395858.805872, "1000CHEEMSUSDT": 6714155.6232575, "SANDUSDT": 25268325.89992, "REDUSDT": 6554082.2634, "AXLUSDT": 4039496.77937, "RAREUSDT": 10223164.7621, "AWEUSDT": 3293540.962727, "PYTHUSDT": 12744704.48349, "MANTAUSDT": 8105823.5283, "GTCUSDT": 2906124.9153, "BUSDT": 19210756.9043, "VVVUSDT": 4554408.21471, "WUSDT": 14682725.101295, "SXTUSDT": 14456929.21756, "IPUSDT": 15123150.990449, "RDNTUSDT": 2500162.34121, "LPTUSDT": 8578997.5546, "BNBUSDT": 272646219.4591, "SYNUSDT": 2934271.0808, "BAKEUSDT": 5127024.0267, "ORCAUSDT": 10331154.0981, "JOEUSDT": 2257944.85064, "BCHUSDT": 109260053.01202, "AUSDT": 11366906.7453, "OMNIUSDT": 5487493.88991, "LQTYUSDT": 4315206.35266, "ALICEUSDT": 5560350.9364, "MELANIAUSDT": 14414784.06392, "HIGHUSDT": 3504318.42836, "FUNUSDT": 12413562.461208, "SCRUSDT": 4157001.1696, "PHAUSDT": 3887233.0385, "STORJUSDT": 3949024.2997, "GRTUSDT": 12107101.29579, "COSUSDT": 1353795.261896, "NEIROETHUSDT": 13132706.04301, "AGTUSDT": 9363795.867996, "ZKUSDT": 10506624.03961, "MYROUSDT": 3825911.75412, "1000LUNCUSDT": 6288844.91486, "FXSUSDT": 4321611.34521, "RESOLVUSDT": 118370393.36345, "NEOUSDT": 14285209.73627, "ZROUSDT": 23187277.37968, "JELLYJELLYUSDT": 12769485.39493, "BROCCOLIF3BUSDT": 10388382.693137, "ACXUSDT": 2053969.08384, "DMCUSDT": 73329479.339982, "QNTUSDT": 6007100.043, "PUMPBTCUSDT": 2709081.58819, "LAUSDT": 43069924.066, "SWARMSUSDT": 14138733.9089, "DYDXUSDT": 22897131.6535, "MOCAUSDT": 3141242.04812, "ARBUSDT": 58348433.03054, "NMRUSDT": 2710717.6413, "MEMEUSDT": 12764593.941552, "UXLINKUSDT": 7349268.7721, "TRUMPUSDT": 288742910.43312, "1000BONKUSDT": 65687498.537252, "AVAAIUSDT": 11223148.65339, "NOTUSDT": 15380446.29796, "1MBABYDOGEUSDT": 7742687.3543798, "CELRUSDT": 2993255.31787, "KDAUSDT": 3509487.1318, "IOSTUSDT": 3579104.350482, "KAITOUSDT": 57362072.33954, "FISUSDT": 2522309.72848, "SPXUSDT": 28330510.845, "COMPUSDT": 11557605.11591, "ETHUSDT_250926": 7437367.6584, "HOTUSDT": 3340090.084564, "GRIFFAINUSDT": 20212278.14607, "KAVAUSDT": 8634255.52063, "PARTIUSDT": 21660760.4035, "LAYERUSDT": 56956242.88946, "IOUSDT": 12732326.84602, "PORT3USDT": 2753104.21376, "CTSIUSDT": 2239052.2859, "1000CATUSDT": 5416881.347093, "ZENUSDT": 7934887.2803, "SAHARAUSDT": 486244783.58261, "AVAXUSDT": 217295112.154, "LEVERUSDT": 3594008.8190684, "EIGENUSDT": 28960140.97211, "USUALUSDT": 19654078.3585, "SUIUSDT": 655509438.74506, "THEUSDT": 6278556.51812, "CHILLGUYUSDT": 15989366.30893, "ARUSDT": 14650913.9776, "AGLDUSDT": 5894700.7249, "SNXUSDT": 7493880.2355, "SUSDT": 43661659.324, "HYPERUSDT": 8383080.8255, "CHZUSDT": 9440460.23797, "AXSUSDT": 11917858.022, "ENJUSDT": 5602746.263, "CKBUSDT": 3562859.313346, "BLURUSDT": 6449480.5909, "XAIUSDT": 6979966.79541, "BANANAUSDT": 8892230.4856, "ACEUSDT": 2912777.79116, "LTCUSDT": 155086182.86533, "BIGTIMEUSDT": 8661409.09903, "EDUUSDT": 4377131.0638, "ETHUSDT": 9460349315.84653, "RPLUSDT": 3706595.5518, "STEEMUSDT": 1759333.07113, "OLUSDT": 8227882.74438, "BBUSDT": 5280912.51975, "TRUUSDT": 2762545.82058, "PONKEUSDT": 3859706.15194, "SIRENUSDT": 5211894.81838, "ENSUSDT": 26049419.7399, "1000PEPEUSDT": 785639230.7458459, "PIPPINUSDT": 6418840.06665, "LISTAUSDT": 8592027.7175, "GOATUSDT": 26019367.93899, "BROCCOLI714USDT": 10475746.27579, "DENTUSDT": 2541237.134199, "CGPTUSDT": 3586641.06633, "OPUSDT": 74062068.04717, "IDUSDT": 4214079.24773, "BRETTUSDT": 14063554.73425, "TNSRUSDT": 2987179.88152, "PAXGUSDT": 29555036.6648, "BEAMXUSDT": 6767935.023944, "DASHUSDT": 3232209.31233, "ONGUSDT": 1749713.53798, "HOOKUSDT": 3135338.53409, "BTCUSDT": 14010734428.5148, "SPKUSDT": 79962253.36606, "MANAUSDT": 11238964.942, "GASUSDT": 4424913.4815, "DOGEUSDT": 794862391.94613, "WALUSDT": 11040991.0971, "COTIUSDT": 5977514.70245, "MINAUSDT": 6246358.3837, "MOODENGUSDT": 23326330.99235, "APEUSDT": 18180357.0855, "HFTUSDT": 2520108.19273, "SAGAUSDT": 10422930.82516, "C98USDT": 4560457.3212, "DRIFTUSDT": 2917191.5415, "MASKUSDT": 18836069.1655, "HUMAUSDT": 39402134.063901, "OGUSDT": 2335017.9824, "BANKUSDT": 4803071.979304, "PUMPUSDT": 2943876.63112, "HOMEUSDT": 59150431.254045, "TOKENUSDT": 2417129.67467, "OGNUSDT": 2646711.4338, "FETUSDT": 70997717.7343, "TUTUSDT": 11877457.49833, "DEXEUSDT": 5625152.45043, "BELUSDT": 4534756.4274, "NXPCUSDT": 88689606.66586, "EGLDUSDT": 6667458.084, "FORMUSDT": 7599743.66053, "JTOUSDT": 16372705.7274, "GUNUSDT": 13868758.87243, "ETHFIUSDT": 24386952.18283, "PENGUUSDT": 48338277.788059, "SOPHUSDT": 37083995.219538, "TLMUSDT": 2167543.162784, "PIXELUSDT": 6740675.0778, "AIUSDT": 4899211.95328, "GMXUSDT": 3294613.04676, "NEARUSDT": 100420580.512, "HUSDT": 77328265.09009, "TRBUSDT": 13870323.2916, "GMTUSDT": 12981827.62402, "MAVUSDT": 2363766.86433, "IOTXUSDT": 4684969.19857, "ACHUSDT": 11129590.994734, "VIRTUALUSDT": 103360427.40282, "UNIUSDT": 81954242.111, "DOTUSDT": 106175793.6863, "TUSDT": 4358690.14119, "CTKUSDT": 1769206.9443, "HYPEUSDT": 203936986.12726, "1000000BOBUSDT": 32330245.03486, "HAEDALUSDT": 23938335.285811, "ETHUSDT_251226": 2239351.46409, "SOONUSDT": 23820707.7655, "SEIUSDT": 34638442.7072, "XTZUSDT": 11880982.8754, "ATHUSDT": 6448046.52452, "FUSDT": 4911480.436, "WCTUSDT": 68490856.1545, "ENAUSDT": 230333750.7008, "DOGSUSDT": 12948728.933102, "DEGENUSDT": 3631661.133652, "TONUSDT": 46693894.98047, "ZKJUSDT": 2548834.7404, "POLUSDT": 19665279.56602, "CAKEUSDT": 25833890.937, "BTCUSDT_250926": 13768224.0906, "XRPUSDT": 1173225217.69267, "MTLUSDT": 1995082.1886, "ADAUSDT": 369211234.9387, "ANIMEUSDT": 19857887.71918, "VINEUSDT": 18021050.49223, "FLMUSDT": 10501185.9152, "ORDIUSDT": 44596145.5478, "API3USDT": 9117075.33899, "AAVEUSDT": 178481195.226, "RVNUSDT": 3622353.498, "BRUSDT": 3775234.55335, "CFXUSDT": 8222157.69337, "1000000MOGUSDT": 9421816.23469, "STOUSDT": 7820538.92352, "RAYSOLUSDT": 20233308.80284, "AEVOUSDT": 5480929.79235, "DYMUSDT": 4456184.68143, "ROSEUSDT": 5852877.99728, "KNCUSDT": 2492594.6641, "ZECUSDT": 6129622.04178, "1000XECUSDT": 2331774.50116, "1000FLOKIUSDT": 28614834.0395, "LRCUSDT": 3358046.65958, "ETCUSDT": 51735598.07471, "YGGUSDT": 4665112.7677, "SXPUSDT": 4864046.49434, "KMNOUSDT": 2774452.22392, "YFIUSDT": 5222960.657, "SSVUSDT": 6497331.36112, "MYXUSDT": 79403124.95911, "LINKUSDT": 210767334.0627, "XVGUSDT": 3385795.8807347, "BICOUSDT": 2555851.2781, "USDCUSDT": 2852518.98113, "INITUSDT": 42399150.7729, "SUPERUSDT": 7379073.5859, "AVAUSDT": 2016037.97537, "BANANAS31USDT": 7094941.004372, "KAIAUSDT": 3431016.7115, "ILVUSDT": 2071767.2643, "AI16ZUSDT": 50354363.80797, "1000SHIBUSDT": 91922558.875065, "NEIROUSDT": 74170046.1895759, "POLYXUSDT": 2860093.84128, "POPCATUSDT": 76694872.7275, "MERLUSDT": 4230466.81506, "SKATEUSDT": 15984689.57821, "BABYUSDT": 15865826.24278, "THETAUSDT": 14157635.918, "PEOPLEUSDT": 26883344.17912, "SONICUSDT": 5120632.71282, "1000RATSUSDT": 5817929.62753,