{"CGPTUSDT": 25828957.19837, "MKRUSDT": 36480973.7948, "QNTUSDT": 13495964.425, "ICPUSDT": 44430578.978, "WOOUSDT": 8946979.73441, "1000FLOKIUSDT": 97251997.39194, "QTUMUSDT": 11529344.7375, "CAKEUSDT": 19996231.0723, "NOTUSDT": 47441728.85816, "ZRXUSDT": 17499519.72559, "CHZUSDT": 29451146.22908, "ENSUSDT": 82199866.8211, "ARKUSDT": 9738727.6649, "COTIUSDT": 12019956.97542, "CATIUSDT": 13460293.2136, "SFPUSDT": 5086282.0901, "GALAUSDT": 138019549.0562, "AEROUSDT": 12371224.1484, "SHELLUSDT": 53996544.0094, "METISUSDT": 6408343.6937, "ONEUSDT": 17750740.40302, "ZKUSDT": 28189891.07374, "ANKRUSDT": 8202858.32297, "FIOUSDT": 6050654.18333, "AVAAIUSDT": 39400143.45223, "BRETTUSDT": 21685194.8444, "PORTALUSDT": 11536088.36926, "DEGOUSDT": 3429705.40361, "ETHUSDT_250627": 8029289.10862, "BNXUSDT": 8696835.52014, "ALCHUSDT": 40198567.03041, "SLERFUSDT": 5231354.4736, "HMSTRUSDT": 19071947.122226, "SAFEUSDT": 6471975.0791, "BICOUSDT": 5925485.2971, "IOSTUSDT": 7528400.556223, "ALTUSDT": 16707837.1245, "DYMUSDT": 10905812.74096, "TROYUSDT": 24306978.673402, "LQTYUSDT": 10133571.87436, "TUSDT": 6266955.54, "DUSKUSDT": 6567780.91253, "1000XUSDT": 8361116.81441, "ZENUSDT": 44404726.2074, "KAIAUSDT": 9434456.2742, "LEVERUSDT": 7587034.4656216, "OMUSDT": 79704938.317578, "APEUSDT": 74472997.353, "THETAUSDT": 41199652.08123, "LOKAUSDT": 3739740.9745, "RVNUSDT": 5832550.15627, "FXSUSDT": 8189513.29316, "DFUSDT": 12143496.90905, "TONUSDT": 57105253.5187, "ATOMUSDT": 66433141.53164, "BAKEUSDT": 12097376.8738, "BALUSDT": 4358905.0333, "ANIMEUSDT": 53564625.3849, "REEFUSDT": 5957314.898828, "SUNUSDT": 8205668.672603, "HIGHUSDT": 7729757.09531, "ROSEUSDT": 15534815.40475, "STRKUSDT": 28061519.1277, "HIVEUSDT": 30216210.55798, "KOMAUSDT": 10030909.88565, "POWRUSDT": 10603442.096, "LUMIAUSDT": 11159064.3404, "RDNTUSDT": 8034286.80007, "SOLVUSDT": 61200585.5533, "SOLUSDT": 2827113414.112, "ARUSDT": 38686043.1282, "AI16ZUSDT": 207235472.19277, "1000RATSUSDT": 21453743.63485, "WLDUSDT": 311571529.6504, "ETHWUSDT": 5099168.2455, "GASUSDT": 11441607.4772, "RAREUSDT": 7672104.62501, "1000XECUSDT": 7042129.46958, "COMPUSDT": 19445774.83669, "COWUSDT": 43692165.0328, "ALPHAUSDT": 6941675.35208, "CELOUSDT": 14868960.7565, "PENGUUSDT": 203518275.257262, "RLCUSDT": 6002450.43911, "BTCUSDT_250328": 31635011.9848, "MOVRUSDT": 6733137.1825, "NMRUSDT": 6363740.4472, "POLYXUSDT": 12256371.20224, "CFXUSDT": 28448350.96411, "IOUSDT": 56272459.67692, "EIGENUSDT": 99390259.74112, "GRASSUSDT": 31650715.47052, "RENDERUSDT": 60064073.751, "ACTUSDT": 218357519.29365, "STEEMUSDT": 9386541.14405, "YFIUSDT": 13476570.008, "VVVUSDT": 183983064.96805, "OXTUSDT": 4953633.14887, "DEGENUSDT": 19859415.402483, "GLMUSDT": 10664391.67879, "C98USDT": 10431897.5662, "POLUSDT": 33324193.40609, "COOKIEUSDT": 38813236.2163, "SXPUSDT": 18850754.96351, "KDAUSDT": 11774912.0843, "XRPUSDT": 2563915504.00136, "BANUSDT": 76977846.176, "ARBUSDT": 131153323.60995, "JTOUSDT": 43593806.5729, "RPLUSDT": 4739370.9353, "1000SHIBUSDT": 224203692.024255, "UMAUSDT": 7466927.668, "MBOXUSDT": 7850802.8769, "LITUSDT": 7755837.5278, "SAGAUSDT": 29274331.72796, "RIFUSDT": 3937757.27357, "SANTOSUSDT": 5985189.5975, "ETCUSDT": 102957099.25249, "ETHUSDT": 8891252694.05344, "LPTUSDT": 17364665.9208, "NKNUSDT": 4111765.55452, "LINAUSDT": 8873698.2414, "DASHUSDT": 11725823.15367, "1INCHUSDT": 14810179.0361, "ZETAUSDT": 7994813.6758, "XVGUSDT": 16720564.8540661, "DRIFTUSDT": 19643851.6118, "COSUSDT": 4840234.890719, "DEFIUSDT": 2618634.0399, "NEARUSDT": 135431349.748, "ATAUSDT": 8832161.9335, "TOKENUSDT": 9057495.49396, "ARKMUSDT": 55135310.5248, "VIRTUALUSDT": 168865205.29922, "ACEUSDT": 7565064.613622, "LINKUSDT": 370300828.88321, "CHRUSDT": 9669988.3379, "KAVAUSDT": 14994580.3414, "1000CHEEMSUSDT": 23836426.4965306, "RAYSOLUSDT": 18895266.03838, "1MBABYDOGEUSDT": 62464906.2555257, "EDUUSDT": 6343267.1853, "DOGSUSDT": 45473891.8998902, "1000WHYUSDT": 8319117.2728432, "LRCUSDT": 8224739.34857, "BBUSDT": 21927626.02744, "VETUSDT": 44002857.723581, "KSMUSDT": 13371042.6727, "MANTAUSDT": 16084610.09743, "AIUSDT": 21277136.18656, "NEIROUSDT": 279922645.0220285, "XTZUSDT": 28157966.571, "BTCUSDT_250627": 16272507.7069, "GOATUSDT": 135506515.6477, "LTCUSDT": 312387292.08245, "KNCUSDT": 6563840.0625, "BIGTIMEUSDT": 24058423.87662, "CRVUSDT": 159166988.5293, "VTHOUSDT": 34457212.350655, "BANDUSDT": 5577188.01676, "HEIUSDT": 103526993.03393, "DODOXUSDT": 4969302.286714, "SPELLUSDT": 11097529.3993264, "SUPERUSDT": 14122663.7706, "SCRUSDT": 23294693.246, "MOCAUSDT": 31240441.4683, "DIAUSDT": 5003196.3601, "FILUSDT": 164653189.6952, "ENJUSDT": 10776495.01953, "TWTUSDT": 7043106.4821, "JOEUSDT": 5381442.28702, "JASMYUSDT": 47564133.492538, "HOTUSDT": 10950079.263384, "AXLUSDT": 9650794.96338, "KASUSDT": 23127627.59259, "SUSHIUSDT": 33367622.3493, "OMGUSDT": 2741410.25391, "LUNA2USDT": 18725395.1929, "API3USDT": 7221141.60388, "DOTUSDT": 188626393.2484, "VANRYUSDT": 11628726.95912, "HOOKUSDT": 7381137.5528, "1000PEPEUSDT": 1057398188.5467277, "DEXEUSDT": 28546566.73776, "WUSDT": 28145743.51055, "AGLDUSDT": 27932371.5684, "THEUSDT": 51463049.52626, "PEOPLEUSDT": 53717166.52735, "SYNUSDT": 7172188.5587, "ENAUSDT": 396784486.3067, "RSRUSDT": 24481199.068285, "ALGOUSDT": 92292107.9987, "ILVUSDT": 7047302.3288, "IDUSDT": 10855596.48906, "FETUSDT": 126003287.5964, "TAOUSDT": 125887200.56285, "MAVUSDT": 5640138.72219, "BIOUSDT": 40954115.1749, "CTSIUSDT": 6045415.0062, "PYTHUSDT": 24821264.07498, "SPXUSDT": 36944866.331, "HBARUSDT": 228645280.87527, "HFTUSDT": 4590565.14577, "CHESSUSDT": 5727440.498, "SCRTUSDT": 5522468.7936, "VELODROMEUSDT": 6988548.84081, "VIDTUSDT": 8355302.74377, "TRUMPUSDT": 1624189297.6147, "CHILLGUYUSDT": 64064665.026, "UNIUSDT": 147166407.041, "FLOWUSDT": 26612338.8349, "ORDIUSDT": 122001745.954, "GMXUSDT": 9274236.80633, "STXUSDT": 51476525.5056, "FLMUSDT": 8292099.5899, "GRTUSDT": 26467108.97661, "XMRUSDT": 21831736.93782, "PHAUSDT": 19630561.56024, "SKLUSDT": 9026688.36724, "STMXUSDT": 14088813.98272, "PHBUSDT": 9585215.3008, "GMTUSDT": 46654971.28611, "MAGICUSDT": 9798754.86076, "YGGUSDT": 10312733.6427, "ZECUSDT": 18625740.23925, "PONKEUSDT": 11006184.65651, "RUNEUSDT": 71113744.909, "BELUSDT": 7925661.7947, "FARTCOINUSDT": 296891141.71383, "OPUSDT": 107801592.21962, "MORPHOUSDT": 54305214.76948, "INJUSDT": 80871917.4272, "ALICEUSDT": 10080492.1031, "CETUSUSDT": 24107949.10079, "TSTUSDT": 279416717.786, "SWARMSUSDT": 170711845.3866, "REIUSDT": 3167097.0026, "POPCATUSDT": 151569555.9289, "BANANAUSDT": 14337581.2195, "FLUXUSDT": 5010481.8526, "ALPACAUSDT": 4770074.94694, "AMBUSDT": 4915972.161045, "ACHUSDT": 10668918.73769, "UXLINKUSDT": 45583160.7509, "AXSUSDT": 31366857.177, "EGLDUSDT": 15251276.7593, "IMXUSDT": 16301773.6401, "PENDLEUSDT": 51487883.6852, "ARCUSDT": 174530816.31839, "OMNIUSDT": 12800311.04115, "BCHUSDT": 111541954.1344, "LAYERUSDT": 102025879.31446, "GTCUSDT": 8429251.3114, "COMBOUSDT": 3787584.39618, "STORJUSDT": 12304572.6349, "FIDAUSDT": 12911677.14188, "AVAUSDT": 11619858.39842, "PIPPINUSDT": 35052438.62583, "JUPUSDT": 71992836.029, "1000000MOGUSDT": 23444851.88154, "EOSUSDT": 84531296.829, "USTCUSDT": 8916879.538392, "AAVEUSDT": 216830061.378, "ZEREBROUSDT": 45247989.4116, "IOTAUSDT": 33490659.29395, "SYSUSDT": 3411163.36239, "TRUUSDT": 9082827.46925, "GPSUSDT": 72492123.9773, "B3USDT": 68099581.88724, "PIXELUSDT": 16774439.61275, "PROMUSDT": 6604646.3632, "ONDOUSDT": 202283203.58515, "MELANIAUSDT": 75704680.01887, "ZROUSDT": 36079384.8164, "ACXUSDT": 10693406.24133, "BTCDOMUSDT": 9253030.0017, "MANAUSDT": 31282987.1252, "VANAUSDT": 49627295.91916, "SUIUSDT": 823019330.85574, "LISTAUSDT": 12255642.9778, "BATUSDT": 13737327.61978, "ONGUSDT": 5966828.47552, "DOGEUSDT": 1719750599.89532, "USUALUSDT": 150457748.7166, "SNXUSDT": 17701470.5186, "APTUSDT": 142915345.98639, "AVAXUSDT": 279803952.851, "SSVUSDT": 19763240.55508, "TLMUSDT": 6275454.162735, "GUSDT": 7050835.41122, "1000LUNCUSDT": 24456983.35143,