{"WIFUSDT": 556637382.81436, "POPCATUSDT": 181828817.5685, "EGLDUSDT": 7801587.3254, "MOODENGUSDT": 400933287.05522, "HOTUSDT": 6536694.219739, "TRBUSDT": 45714363.8576, "GMXUSDT": 6053315.98631, "ARKUSDT": 16225674.0803, "ENJUSDT": 5466685.4511, "IMXUSDT": 20272698.2259, "STMXUSDT": 9663827.7948, "ATOMUSDT": 46000503.12057, "SANTOSUSDT": 17734204.2194, "ETHWUSDT": 3732053.7899, "BANDUSDT": 4154736.83386, "MASKUSDT": 15329055.0762, "MEMEUSDT": 23585254.225025, "BTCUSDT_250328": 17487902.5639, "NEIROUSDT": 777469583.9095976, "ARPAUSDT": 8640925.08463, "ETCUSDT": 46346463.70291, "OXTUSDT": 2326328.07912, "COTIUSDT": 11873431.25332, "OPUSDT": 75615732.51572, "BSVUSDT": 5982729.975, "RSRUSDT": 11841579.75151, "CKBUSDT": 18253964.92176, "DENTUSDT": 3348995.081037, "1000CHEEMSUSDT": 14127044.2095662, "RAREUSDT": 27208953.30984, "AKTUSDT": 17417619.3799, "DOGEUSDT": 347673045.78876, "CATIUSDT": 83427766.5271, "XAIUSDT": 22210054.661, "OMGUSDT": 3255822.24861, "AMBUSDT": 5570503.446766, "RLCUSDT": 3486475.37573, "BBUSDT": 22992023.1442, "BLZUSDT": 5074361.90102, "DASHUSDT": 3647298.02878, "ENAUSDT": 150374906.6259, "LRCUSDT": 4723323.99275, "VIDTUSDT": 19772767.72095, "ARKMUSDT": 43964432.8948, "ETHFIUSDT": 44085025.24942, "HIGHUSDT": 8955984.33684, "ATAUSDT": 4223825.8364, "EDUUSDT": 7715724.8436, "ZROUSDT": 51339832.49496, "NKNUSDT": 3229800.74501, "DRIFTUSDT": 52174015.6684, "STRKUSDT": 39475294.73643, "LISTAUSDT": 18790296.8567, "IOUSDT": 62413093.4345, "MAVUSDT": 5690327.53903, "STXUSDT": 58340486.0563, "1000SHIBUSDT": 142045686.574164, "NEIROETHUSDT": 159201613.5788, "BNXUSDT": 23143014.70201, "RVNUSDT": 4262534.20304, "HMSTRUSDT": 61263162.218704, "ACTUSDT": 356053961.54053, "ZETAUSDT": 25262552.5234, "ORBSUSDT": 4712914.15086, "WAXPUSDT": 2530932.27154, "MKRUSDT": 38361714.0014, "RENUSDT": 4395173.78213, "QTUMUSDT": 3661218.5188, "AVAXUSDT": 167652357.105, "TROYUSDT": 50219435.984757, "API3USDT": 8829614.77349, "OGNUSDT": 4673437.478, "PEOPLEUSDT": 147896445.76975, "JUPUSDT": 40134653.8316, "BAKEUSDT": 12711333.9517, "APTUSDT": 166034611.21595, "BIGTIMEUSDT": 62256275.52193, "GALAUSDT": 64808744.46875, "SAGAUSDT": 109212841.24536, "WLDUSDT": 279187845.5663, "1000XUSDT": 28344887.96522, "NOTUSDT": 116212996.703442, "CRVUSDT": 68405620.0859, "TUSDT": 4173401.06032, "PONKEUSDT": 32037240.97271, "GOATUSDT": 406039695.2633, "SXPUSDT": 9143658.04686, "BTCUSDT_241227": 21436680.6144, "HIPPOUSDT": 60777038.4419, "TNSRUSDT": 14824311.24953, "ACHUSDT": 6851992.859834, "XMRUSDT": 12016168.15275, "LSKUSDT": 2229775.9304, "CELRUSDT": 3944278.00604, "XTZUSDT": 6432640.357, "WUSDT": 25622195.87747, "TONUSDT": 99939650.90715, "CETUSUSDT": 41002872.35112, "KAVAUSDT": 8443451.07684, "XRPUSDT": 297492932.21316, "1000BONKUSDT": 93554242.842908, "SLERFUSDT": 17127626.0978, "DYMUSDT": 19820162.84787, "FILUSDT": 87785080.4806, "JOEUSDT": 3062739.6896, "BONDUSDT": 5667005.4397, "BNBUSDT": 323611826.144, "IOTXUSDT": 5289737.44812, "ARUSDT": 32269719.3823, "1MBABYDOGEUSDT": 91710974.4222436, "DEFIUSDT": 985077.2613, "AAVEUSDT": 123582195.173, "REEFUSDT": 42390842.624474, "PERPUSDT": 3534435.60312, "CFXUSDT": 23836656.29846, "XEMUSDT": 4483521.1258, "SYSUSDT": 5883824.0871, "VETUSDT": 9765151.391837, "RONINUSDT": 4540539.8441, "CHRUSDT": 8107467.5575, "BSWUSDT": 3787326.45918, "HIFIUSDT": 5906700.1116, "ARBUSDT": 70626501.43056, "GHSTUSDT": 4508436.552, "COMBOUSDT": 2590352.0608, "ZECUSDT": 14238842.99885, "REZUSDT": 18089539.86123, "LDOUSDT": 30584975.6082, "GRASSUSDT": 99295989.92108, "THETAUSDT": 16307943.40987, "RDNTUSDT": 18487938.34644, "SEIUSDT": 109010962.769, "BRETTUSDT": 13184561.33174, "ZRXUSDT": 5879853.94158, "MANTAUSDT": 17032914.87997, "FXSUSDT": 3524644.00185, "TWTUSDT": 4450442.7694, "GUSDT": 4800598.46261, "COSUSDT": 4671418.656052, "MTLUSDT": 4377281.562, "KDAUSDT": 5961254.6318, "FLMUSDT": 6351209.9305, "ACEUSDT": 11210264.350742, "FLUXUSDT": 5039891.476, "FTMUSDT": 163087271.5909, "COMPUSDT": 8343808.51947, "BCHUSDT": 79280265.1563, "BANANAUSDT": 22036084.0564, "IOSTUSDT": 4041943.012145, "YGGUSDT": 16525301.8349, "SWELLUSDT": 34613518.37553, "SYNUSDT": 8945542.9705, "DUSKUSDT": 6688119.16116, "ONGUSDT": 3105861.97869, "AGLDUSDT": 4436204.7836, "XLMUSDT": 16129269.13805, "NEARUSDT": 121472448.875, "JTOUSDT": 37297602.6591, "GLMUSDT": 5104807.83244, "SANDUSDT": 23135941.3145, "METISUSDT": 6357776.9343, "MAGICUSDT": 5684371.20466, "ALPHAUSDT": 4006200.0567, "GMTUSDT": 25977917.71617, "HFTUSDT": 2347737.35169, "INJUSDT": 83204851.1824, "EIGENUSDT": 121426585.44903, "QNTUSDT": 5212996.545, "AIUSDT": 14966313.64489, "GRTUSDT": 19332691.31699, "1INCHUSDT": 11930795.1012, "XVGUSDT": 2873329.2752, "1000RATSUSDT": 58553753.27284, "POWRUSDT": 3721471.1145, "LINAUSDT": 10116418.51396, "AUCTIONUSDT": 9636331.39645, "1000SATSUSDT": 162070647.9449098, "BNTUSDT": 2164171.5085, "SNXUSDT": 10369098.5591, "ALGOUSDT": 10968112.8999, "ZILUSDT": 6296671.93461, "GASUSDT": 6063112.061, "BADGERUSDT": 2968777.2809, "ANKRUSDT": 4371177.23932, "RIFUSDT": 3842923.89127, "JASMYUSDT": 31792570.241067, "MANAUSDT": 13704518.9537, "CHZUSDT": 17728467.04715, "1000000MOGUSDT": 30245652.83701, "SUPERUSDT": 23600812.5705, "OMNIUSDT": 13160271.95258, "RUNEUSDT": 54127517.823, "DARUSDT": 12664105.80186, "SSVUSDT": 11401715.18365, "SKLUSDT": 4078167.02275, "BOMEUSDT": 122038025.619489, "IOTAUSDT": 5881314.08357, "SUIUSDT": 631889529.60914, "LINKUSDT": 121060104.92834, "TRXUSDT": 56783389.6267, "SUSHIUSDT": 13373029.0051, "BTCDOMUSDT": 2735694.5679, "DEGENUSDT": 41410525.476496, "1000CATUSDT": 55469619.11436, "FIDAUSDT": 24706896.1923, "WOOUSDT": 9364372.57972, "FLOWUSDT": 9451114.1124, "DIAUSDT": 21510906.3494, "BLURUSDT": 24119257.13556, "TIAUSDT": 194078625.682, "APEUSDT": 46916686.29, "KEYUSDT": 6072333.99251, "XVSUSDT": 3122907.4997, "USTCUSDT": 9817921.83837, "SUNUSDT": 24097982.327558, "CAKEUSDT": 7902096.3365, "ILVUSDT": 5141143.721, "AXLUSDT": 11825052.20886, "CHESSUSDT": 6698449.7943, "YFIUSDT": 5155840.357, "POLUSDT": 31718594.0564, "PENDLEUSDT": 52767088.3505, "ONEUSDT": 5634202.90055, "PIXELUSDT": 21990321.6822, "NFPUSDT": 7575430.77547, "NMRUSDT": 4647389.6788, "ONDOUSDT": 49723066.39611, "FIOUSDT": 9212560.35908, "BICOUSDT": 3396846.2613, "LTCUSDT": 89910539.03055, "DOTUSDT": 72039452.1283, "ETHUSDT_241227": 11247696.9545, "SFPUSDT": 3378957.1698, "MYROUSDT": 20235743.21001, "DYDXUSDT": 51600567.8611, "PYTHUSDT": 16524724.1624, "ALTUSDT": 23281130.93089, "MAVIAUSDT": 7736045.37749, "SOLUSDT": 2161046261.375, "UNIUSDT": 71585016.815, "MORPHOUSDT": 59641503.31463, "EOSUSDT": 38063239.2865, "ENSUSDT": 27882112.4222, "LOKAUSDT": 3599251.8064, "LQTYUSDT": 8400637.43708, "BEAMXUSDT": 15166571.981751, "TURBOUSDT": 95565255.2584047, "1000FLOKIUSDT": 106553058.11367, "SCRTUSDT": 58677897.9076, "ZKUSDT": 27374537.49768, "CHILLGUYUSDT": 76139071.4444, "TOKENUSDT": 9191514.44576, "UXLINKUSDT": 39879976.4996, "MINAUSDT": 13423038.0772, "KNCUSDT": 3633485.271, "ZENUSDT": 6502044.5115, "NEOUSDT": 12093063.6097, "MOVRUSDT": 5014551.7512, "BANUSDT": 131178263.0244, "HBARUSDT": 15066127.16455, "ICPUSDT": 28141581.756, "ETHUSDT": 5708121980.45667, "DOGSUSDT": 161669449.3769017, "LPTUSDT": 10698223.2278, "SPELLUSDT": 5221479.8791844, "MBOXUSDT": 7748869.1359, "NULSUSDT": 4352098.9347, "OMUSDT": 24456880.279673, "PORTALUSDT": 10979576.38298, "STEEMUSDT": 1678756.98023, "UNFIUSDT": 3985034.3315, "SCRUSDT": 44850405.2468, "VANRYUSDT": 10567112.09354, "TAOUSDT": 102923231.96435, "FETUSDT": 154519594.455, "PHBUSDT": 11087746.1602, "ASTRUSDT": 6378894.856518, "AEVOUSDT": 19011565.76194, "COWUSDT": 50382322.7437, "TRUUSDT": 8116942.65184, "KASUSDT": 16045918.25464, "MEWUSDT": 78896179.207292, "STORJUSDT": 12813175.1976, "CYBERUSDT": 7592063.2952, "ADAUSDT": 119944529.3745, "BATUSDT": 3431137.22857, "AERGOUSDT": 5066111.1178, "UMAUSDT": 13026724.588, "STGUSDT": 5088604.372, "HOOKUSDT": 7069393.20989, "1000WHYUSDT": 12951397.7527812, "VOXELUSDT": 6621444.8832, "C98USDT": 5666841.1814,