{"AIUSDT": 14930783.99208, "SEIUSDT": 99742882.3938, "SUIUSDT": 558193069.25526, "1000BONKUSDT": 80199529.719269, "SSVUSDT": 11086478.8944, "MBOXUSDT": 7497059.5906, "1000SATSUSDT": 167732319.0270534, "ETHWUSDT": 2499560.1137, "OPUSDT": 74702023.78573, "SCRUSDT": 44850405.2468, "NEIROUSDT": 840951271.1818354, "MANTAUSDT": 16116609.38426, "REZUSDT": 18155755.22366, "ZECUSDT": 14238842.99885, "ETHUSDT_250328": 7042079.87092, "ATOMUSDT": 45184567.80887, "WAXPUSDT": 2499539.26978, "1000CATUSDT": 65371972.59554, "AXLUSDT": 9306215.42005, "GASUSDT": 5798970.4841, "1000SHIBUSDT": 116904784.253114, "ETCUSDT": 43316237.3936, "BSVUSDT": 5272129.185, "BAKEUSDT": 12626570.2774, "KLAYUSDT": 2367938.30176, "ETHUSDT": 5530067659.02683, "1MBABYDOGEUSDT": 101542738.1824123, "API3USDT": 8250371.907, "MAVUSDT": 5282154.596, "JOEUSDT": 2971444.3933, "TNSRUSDT": 14208632.64192, "SAFEUSDT": 21189722.9043, "CHZUSDT": 13511160.72257, "KDAUSDT": 5302142.5367, "BALUSDT": 3139430.4645, "CYBERUSDT": 7022427.0947, "RONINUSDT": 4316996.26991, "MAGICUSDT": 5322876.46396, "USDCUSDT": 816740.408581, "MEMEUSDT": 22822104.758959, "MOODENGUSDT": 622328938.50576, "ILVUSDT": 4992516.8044, "ALGOUSDT": 10781013.08526, "KAVAUSDT": 7016011.75299, "ROSEUSDT": 11799028.86701, "SANTOSUSDT": 24136065.5129, "COMPUSDT": 8343808.51947, "ARKMUSDT": 38514323.5842, "BNBUSDT": 318190968.4354, "APTUSDT": 135094049.4283, "CFXUSDT": 22895092.76861, "RPLUSDT": 4704570.2832, "JUPUSDT": 34242799.2355, "ALPHAUSDT": 3935873.47537, "YFIUSDT": 4898590.899, "DYMUSDT": 18612812.07276, "TRBUSDT": 43774735.6914, "DENTUSDT": 3162362.411607, "FIDAUSDT": 22685529.3026, "1000RATSUSDT": 56741741.60225, "BNXUSDT": 24961180.39938, "SANDUSDT": 21401081.1061, "RIFUSDT": 3787267.14526, "MTLUSDT": 4085751.3006, "CAKEUSDT": 7579793.733, "OMUSDT": 21961429.382938, "ARBUSDT": 64358112.43689, "ONDOUSDT": 49681996.28705, "DOGEUSDT": 316974947.98237, "STEEMUSDT": 1582354.78408, "BOMEUSDT": 117145860.980469, "USTCUSDT": 8617668.29858, "IDUSDT": 5730098.25745, "DOTUSDT": 69197717.6269, "TWTUSDT": 3784433.332, "TRUUSDT": 7399965.2637, "BADGERUSDT": 2779236.1544, "GLMUSDT": 5088871.10031, "LSKUSDT": 2227102.7729, "THETAUSDT": 15906214.46421, "SYSUSDT": 5664992.2547, "AEVOUSDT": 18837069.48052, "STXUSDT": 53053922.0284, "AKTUSDT": 22743808.7702, "BRETTUSDT": 12953533.37288, "SYNUSDT": 8930609.5916, "ACEUSDT": 11130403.677618, "REEFUSDT": 43732030.371516, "KSMUSDT": 5183504.8317, "NEIROETHUSDT": 173337429.4286, "ATAUSDT": 4058055.1478, "NOTUSDT": 117118546.87545, "IOSTUSDT": 3895905.949693, "POLUSDT": 31185821.3019, "DODOXUSDT": 3299262.171177, "HOTUSDT": 6391137.323839, "MYROUSDT": 17691256.08355, "HBARUSDT": 14506656.36806, "CATIUSDT": 99294888.7403, "KNCUSDT": 3535664.0903, "CELRUSDT": 3861024.56093, "ARPAUSDT": 7927577.76031, "PEOPLEUSDT": 140959081.84752, "BTCUSDT": 13394677570.4442, "ALPACAUSDT": 10899294.28197, "BTCUSDT_250328": 15621728.2235, "AXSUSDT": 16448109.499, "VANRYUSDT": 9747077.63179, "CRVUSDT": 68405620.0859, "LQTYUSDT": 7757426.35271, "STMXUSDT": 9638867.95273, "LDOUSDT": 29923102.4302, "EOSUSDT": 36769256.1474, "BLURUSDT": 23257511.4354, "AMBUSDT": 5499738.682195, "APEUSDT": 40640398.1632, "BSWUSDT": 3306848.25108, "GRASSUSDT": 70120433.58322, "VETUSDT": 9254114.515714, "FLMUSDT": 6057436.4203, "EGLDUSDT": 7386183.7147, "HIGHUSDT": 8933303.71749, "BLZUSDT": 4936705.88911, "HIFIUSDT": 5671115.2857, "C98USDT": 5587992.6857, "ACHUSDT": 6263309.851429, "BANDUSDT": 4055618.0827, "SKLUSDT": 3989130.81872, "EIGENUSDT": 115886889.92113, "BCHUSDT": 78321790.31545, "ASTRUSDT": 6040596.740932, "NTRNUSDT": 2994141.1654, "UNFIUSDT": 6221924.7166, "VOXELUSDT": 6277279.6283, "TURBOUSDT": 57095869.940979, "MEWUSDT": 79843546.756234, "HFTUSDT": 2240499.3428, "XVSUSDT": 3104444.7193, "LOOMUSDT": 5038243.06103, "XLMUSDT": 15972229.33597, "RDNTUSDT": 16727552.69099, "1000PEPEUSDT": 720856072.8478328, "BTCUSDT_241227": 18291492.9377, "POLYXUSDT": 7073255.62021, "NEOUSDT": 11737320.50962, "RSRUSDT": 11546356.018001, "NEARUSDT": 115011838.578, "TOKENUSDT": 9184353.81652, "PENDLEUSDT": 49504809.3842, "ZETAUSDT": 24491425.6043, "ACTUSDT": 372242281.70868, "ADAUSDT": 115378154.098, "OGNUSDT": 4198412.1323, "GMXUSDT": 5320678.63131, "1000XECUSDT": 3475243.60013, "DOGSUSDT": 159549828.3836219, "JASMYUSDT": 31792570.241067, "FLOWUSDT": 8879890.1155, "NFPUSDT": 7499943.7265, "KEYUSDT": 5979032.8543379, "RUNEUSDT": 51883519.504, "DRIFTUSDT": 69998859.8335, "LITUSDT": 5044577.0718, "LINKUSDT": 112962206.68373, "LUNA2USDT": 8827264.0532, "ORDIUSDT": 212440046.6804, "SPELLUSDT": 4774935.3667153, "STGUSDT": 4741183.9499, "KASUSDT": 15043648.86294, "BANANAUSDT": 24427251.2882, "CHRUSDT": 7556812.3833, "ICXUSDT": 3044449.1457, "PERPUSDT": 3512822.95382, "POWRUSDT": 3576426.0344, "ZENUSDT": 6502044.5115, "AERGOUSDT": 4620641.7528, "GTCUSDT": 6419121.049, "WOOUSDT": 8061064.65233, "VIDTUSDT": 20700324.95598, "JTOUSDT": 35565235.1656, "RAREUSDT": 30118920.8319, "BONDUSDT": 5024726.55, "MINAUSDT": 11604206.5208, "QUICKUSDT": 3524346.50846, "DEFIUSDT": 952441.5043, "ALICEUSDT": 7995748.8209, "RLCUSDT": 3372361.27224, "NULSUSDT": 3845487.9482, "XEMUSDT": 4483521.1258, "TRXUSDT": 54755548.38829, "FLUXUSDT": 4725623.4389, "SUSHIUSDT": 12605671.4831, "MASKUSDT": 14208091.7686, "GALAUSDT": 63111965.49917, "IOTAUSDT": 5431163.47129, "ICPUSDT": 25689610.757, "GRTUSDT": 17491519.54326, "LEVERUSDT": 6882999.3169737, "SAGAUSDT": 102763807.01757, "AVAXUSDT": 164592831.637, "BNTUSDT": 2093561.52035, "DASHUSDT": 3647298.02878, "ONEUSDT": 5411459.92326, "DIAUSDT": 29454412.1287, "AAVEUSDT": 112352630.519, "STORJUSDT": 11637469.437, "BELUSDT": 6957197.0674, "ETHFIUSDT": 44085025.24942, "XRPUSDT": 287185085.21189, "XTZUSDT": 6132847.0752, "ORBSUSDT": 4154640.993928, "IOUSDT": 62158624.2026, "SXPUSDT": 7563984.15276, "1000LUNCUSDT": 19577147.62065, "UNIUSDT": 67526591.538, "ZKUSDT": 26132491.83575, "HMSTRUSDT": 66845001.834946, "TROYUSDT": 102173745.263403, "BIGTIMEUSDT": 49906004.39739, "LOKAUSDT": 3110595.8716, "QTUMUSDT": 3644645.3473, "PONKEUSDT": 33313854.14463, "FIOUSDT": 8753141.95093, "SWELLUSDT": 34613518.37553, "YGGUSDT": 15992599.9199, "PHBUSDT": 10262932.4493, "LINAUSDT": 9606604.60845, "TAOUSDT": 93298676.77106, "MOVRUSDT": 4803535.33531, "TIAUSDT": 179446646.6617, "RENUSDT": 4319792.9544, "DUSKUSDT": 6420006.58588, "PORTALUSDT": 10297994.3289, "BATUSDT": 3378595.60859, "FTMUSDT": 157133107.3405, "OMGUSDT": 3073173.8796, "GHSTUSDT": 4150013.288, "RENDERUSDT": 38243787.439, "GOATUSDT": 430529102.0834, "IMXUSDT": 19119399.8167, "PNUTUSDT": 1246797489.02594, "GMTUSDT": 23611499.30718, "ENSUSDT": 27465954.8787, "DYDXUSDT": 43281870.6187, "ONGUSDT": 3080400.38933, "SLERFUSDT": 16864702.2413, "XVGUSDT": 2728971.5052868, "RVNUSDT": 3877514.91246, "NMRUSDT": 4461462.059, "MKRUSDT": 34783954.9762, "ETHUSDT_241227": 10972164.35174, "ANKRUSDT": 4112111.68462, "CHESSUSDT": 6247342.0917, "SUNUSDT": 27400643.148918, "CKBUSDT": 16071380.028293, "SUPERUSDT": 23305140.3894, "TONUSDT": 94845683.20493, "FETUSDT": 139306078.0014, "OMNIUSDT": 12233641.90091, "SOLUSDT": 2107370703.744, "IOTXUSDT": 5138362.27954, "CTSIUSDT": 4587576.1544, "ZILUSDT": 5813011.0722, "COWUSDT": 61055427.9541, "ZRXUSDT": 5546259.9833, "CETUSUSDT": 47937957.77919, "BICOUSDT": 3380628.3024, "DEGENUSDT": 66098172.817242, "COSUSDT": 3947600.312266, "1000XUSDT": 30894533.40892, "LISTAUSDT": 18066532.1476, "ZROUSDT": 49406634.2614, "OXTUSDT": 2209301.96495, "GUSDT": 4703633.39267, "ENJUSDT": 5356853.61588, "HIPPOUSDT": 102896614.4775, "COMBOUSDT": 2588360.64639, "1000000MOGUSDT": 32308332.97287, "UXLINKUSDT": 42348139.731, "TUSDT": 4173401.06032, "BEAMXUSDT": 14797913.962391, "INJUSDT": 80705063.3531, "QNTUSDT": 4774555.684, "BBUSDT": 22770703.9379, "FILUSDT": 85688425.3184, "EDUUSDT": 7675364.2515, "SCRTUSDT": 16367990.305, "REIUSDT": 4809875.31243, "SNXUSDT": 9937446.9674, "CELOUSDT": 14682979.6459, "STRKUSDT": 35683200.07883, "PIXELUSDT": 21484236.9578, "WIFUSDT": 548046549.69138, "SFPUSDT": 3153058.4994,