{"ZKUSDT": 29203710.92929, "DODOXUSDT": 5031210.484409, "MAVIAUSDT": 5285750.44114, "ONTUSDT": 6971839.18587, "COMPUSDT": 12282942.64371, "STXUSDT": 64102461.9787, "EGLDUSDT": 12253908.13, "API3USDT": 11659365.58262, "ZETAUSDT": 24491425.6043, "1000BONKUSDT": 152135254.547078, "HOOKUSDT": 7985598.43373, "NTRNUSDT": 4009265.0412, "KAIAUSDT": 14529791.0894, "ILVUSDT": 6475326.1059, "SWELLUSDT": 10984702.66477, "SEIUSDT": 111329047.844, "CRVUSDT": 80608883.5059, "LSKUSDT": 4191587.5417, "MEWUSDT": 50248252.686591, "JOEUSDT": 4510164.57632, "1INCHUSDT": 13492880.6482, "RENDERUSDT": 46304899.7473, "GRIFFAINUSDT": 57030037.99674, "SUNUSDT": 14875971.336672, "AVAUSDT": 29026089.93759, "COOKIEUSDT": 69357457.5798, "BNTUSDT": 2656846.05983, "NEOUSDT": 17520075.89455, "ONGUSDT": 5666649.79402, "PONKEUSDT": 14280592.66685, "NKNUSDT": 4269256.46233, "BLZUSDT": 5124996.1483, "SANTOSUSDT": 9450964.0642, "FETUSDT": 129530484.806, "AMBUSDT": 5087778.965491, "DEFIUSDT": 1460221.343, "SUIUSDT": 829816924.52043, "APTUSDT": 210231173.13838, "SSVUSDT": 15842642.05055, "QTUMUSDT": 5618458.6609, "QNTUSDT": 8600586.498, "HIGHUSDT": 8319175.3856, "RUNEUSDT": 62918455.838, "KSMUSDT": 9791822.8809, "BADGERUSDT": 5407254.061, "ANKRUSDT": 5787882.03174, "SKLUSDT": 6383536.28905, "BANUSDT": 90689072.7271, "UNIUSDT": 147166407.041, "SUSHIUSDT": 23354701.0413, "DYMUSDT": 16538158.99635, "RAYSOLUSDT": 13106266.3547, "XMRUSDT": 14479223.15517, "PERPUSDT": 5387897.29844, "PORTALUSDT": 13147202.33671, "XRPUSDT": 661862766.61639, "SPELLUSDT": 5906594.4755718, "COMBOUSDT": 3785391.21914, "1000XECUSDT": 6876263.57511, "OMGUSDT": 3474707.02187, "SLERFUSDT": 6871618.6228, "AEROUSDT": 12061512.00869, "POLUSDT": 34979364.4766, "INJUSDT": 75935535.3263, "POPCATUSDT": 178940397.1757, "BONDUSDT": 2010983.2055, "ASTRUSDT": 7035855.659246, "GLMUSDT": 9583566.77628, "BANANAUSDT": 19443490.0253, "FLUXUSDT": 4293901.4229, "JASMYUSDT": 36690415.055314, "BANDUSDT": 5395991.21352, "BTCDOMUSDT": 6039285.4703, "ETHUSDT_250627": 6115724.69681, "BATUSDT": 8190238.85737, "CHESSUSDT": 5652753.9565, "MOODENGUSDT": 190682858.9257, "EOSUSDT": 56245930.8496, "JTOUSDT": 43044891.924, "GRTUSDT": 24962674.83163, "HOTUSDT": 10501195.136411, "IOSTUSDT": 6092780.921758, "ENJUSDT": 7637151.74549, "RAREUSDT": 13569641.7003, "C98USDT": 7394168.7648, "AVAXUSDT": 218472077.849, "GTCUSDT": 8429251.3114, "EIGENUSDT": 115535953.33505, "CELRUSDT": 8327897.52446, "JUPUSDT": 51056646.8247, "BIGTIMEUSDT": 49969305.21471, "KAVAUSDT": 10886707.22197, "LEVERUSDT": 6713535.1184876, "LPTUSDT": 14268416.7139, "ENAUSDT": 315836700.4662, "USTCUSDT": 10972056.43883, "MOVRUSDT": 6372086.82787, "PEOPLEUSDT": 86386620.25444, "STRKUSDT": 34407508.67125, "CGPTUSDT": 28570053.26313, "LTCUSDT": 142652089.61168, "LUMIAUSDT": 13546375.432, "ARKUSDT": 17901901.1457, "USDCUSDT": 2675924.858924, "BEAMXUSDT": 16250704.543824, "WIFUSDT": 499105395.23005, "DASHUSDT": 6233129.81461, "1000SATSUSDT": 113023402.9062952, "EDUUSDT": 7675364.2515, "ARKMUSDT": 60541734.0551, "SYSUSDT": 4205386.58583, "OPUSDT": 90397728.4608, "COWUSDT": 56175910.0108, "1000WHYUSDT": 9747171.858553, "STMXUSDT": 9952252.69322, "CTSIUSDT": 6302265.1319, "HIFIUSDT": 8306930.2501, "SXPUSDT": 22865169.18487, "REZUSDT": 12283801.24552, "RONINUSDT": 7239930.16607, "SCRUSDT": 38142807.8371, "MEUSDT": 87932696.628, "TUSDT": 4982372.8046, "KNCUSDT": 5421425.749, "BSVUSDT": 8564747.752, "CELOUSDT": 24932275.746, "1MBABYDOGEUSDT": 81895190.8265789, "ARPAUSDT": 6648329.6354, "DOGEUSDT": 1719750599.89532, "RIFUSDT": 4091416.80946, "BNXUSDT": 12559640.67582, "RSRUSDT": 14678451.996532, "BICOUSDT": 8741487.8782, "NEIROUSDT": 511589737.6222711, "MASKUSDT": 28721618.9113, "XVGUSDT": 6383000.3715884, "PIXELUSDT": 21049562.89865, "ETCUSDT": 70676291.56478, "LOKAUSDT": 3402310.7347, "CHRUSDT": 8673709.6091, "IMXUSDT": 19397075.209, "METISUSDT": 8337269.4952, "REIUSDT": 4669140.84705, "ENSUSDT": 52473433.1739, "DENTUSDT": 5783270.342856, "SOLUSDT": 2325656977.561, "FXSUSDT": 5766585.94637, "ZROUSDT": 40480625.65805, "FLOWUSDT": 16711459.8747, "TAOUSDT": 117012661.56131, "ARBUSDT": 114375229.76167, "THETAUSDT": 26181698.13973, "STEEMUSDT": 4322907.62484, "VANRYUSDT": 12377150.20596, "TRXUSDT": 74706964.38863, "PENGUUSDT": 270759268.0906, "MINAUSDT": 16154173.71, "GMXUSDT": 7565795.06643, "DOGSUSDT": 89785333.4096651, "ZILUSDT": 10830928.9369, "AUCTIONUSDT": 13062271.80338, "ALGOUSDT": 31310417.62775, "1000LUNCUSDT": 23890200.54764, "AKTUSDT": 7386816.1139, "FTMUSDT": 160578191.0832, "MANTAUSDT": 18012097.19843, "AI16ZUSDT": 229201370.20513, "THEUSDT": 92435646.98256, "ATOMUSDT": 52857187.47924, "UXLINKUSDT": 42418956.7016, "ORDIUSDT": 179875439.7675, "NOTUSDT": 76106260.554809, "ARUSDT": 35279678.9755, "OGNUSDT": 8370226.569, "BIOUSDT": 156859362.9572, "MANAUSDT": 24701725.7396, "ETHFIUSDT": 64968870.35313, "GUSDT": 5252071.33158, "SCRTUSDT": 10832447.5781, "IOTXUSDT": 7633420.61257, "RLCUSDT": 5777387.14801, "ZECUSDT": 26647285.46287, "SAFEUSDT": 11947279.9882, "YGGUSDT": 15952030.5733, "AAVEUSDT": 147050375.984, "REEFUSDT": 16669148.7928, "SUPERUSDT": 18877323.5201, "KMNOUSDT": 6637908.64364, "ALCHUSDT": 50687989.45454, "PENDLEUSDT": 51057508.8518, "AIUSDT": 16973738.82937, "1000RATSUSDT": 38815597.29319, "BELUSDT": 5698987.0102, "DOTUSDT": 114677038.8126, "ROSEUSDT": 15534815.40475, "CKBUSDT": 16904986.616535, "CAKEUSDT": 13361200.6613, "APEUSDT": 110505865.3378, "SPXUSDT": 30384852.3137, "ORCAUSDT": 17859218.5394, "DEGOUSDT": 5814163.2142, "AXLUSDT": 13502441.41091, "ETHUSDT_250328": 12172575.78414, "CFXUSDT": 28448350.96411, "POLYXUSDT": 11254992.75126, "MEMEUSDT": 40361559.144741, "ONEUSDT": 12198583.14376, "RVNUSDT": 6405368.73031, "NEARUSDT": 130106636.939, "TOKENUSDT": 9868444.60189, "BRETTUSDT": 18216426.0837, "BTCUSDT_250627": 8881949.6796, "TRBUSDT": 35409857.2763, "FLMUSDT": 7763915.2665, "ICXUSDT": 5582283.1083, "FILUSDT": 127056355.9735, "DARUSDT": 8196458.65097, "BBUSDT": 21927626.02744, "TLMUSDT": 6226327.689619, "SWARMSUSDT": 267023086.4387, "KASUSDT": 22631144.11799, "DEXEUSDT": 28641136.89858, "TURBOUSDT": 126520735.6754276, "ONDOUSDT": 86198201.75579, "PHBUSDT": 11127850.7712, "COSUSDT": 5053251.733952, "AGLDUSDT": 21353318.4012, "VOXELUSDT": 4516064.6687, "1000000MOGUSDT": 22916621.14042, "WAXPUSDT": 4414761.23753, "LINAUSDT": 10850964.93313, "TNSRUSDT": 17690038.38636, "IOUSDT": 55688847.78021, "ADAUSDT": 313189321.2445, "1000SHIBUSDT": 237608759.556061, "UMAUSDT": 11111777.486, "ACEUSDT": 10681874.088562, "PNUTUSDT": 530607578.26, "VIRTUALUSDT": 213402453.82393, "XLMUSDT": 34447043.97122, "LINKUSDT": 235089611.61831, "XVSUSDT": 5299949.4366, "MAVUSDT": 6417760.64891, "MTLUSDT": 7883955.2759, "GOATUSDT": 283337840.4347, "BTCUSDT": 15122853835.9462, "BLURUSDT": 23723887.35076, "ALICEUSDT": 9808909.0658, "NMRUSDT": 5466881.6072, "CHILLGUYUSDT": 98563117.2781, "COTIUSDT": 11081861.13449, "AIXBTUSDT": 137455792.95707, "LITUSDT": 7671859.0804, "VANAUSDT": 95768180.5892, "AERGOUSDT": 7183893.446, "HIPPOUSDT": 35979593.20227, "CHZUSDT": 36950762.56197, "DRIFTUSDT": 36187094.5844, "MYROUSDT": 21579656.26411, "FIOUSDT": 8026052.79188, "STGUSDT": 9547938.2122, "KOMAUSDT": 22270687.02016, "SYNUSDT": 8930609.5916, "DEGENUSDT": 25117889.464273, "LDOUSDT": 57838430.9663, "SAGAUSDT": 64125071.8754, "NEIROETHUSDT": 71042361.84495, "MOVEUSDT": 264116653.5301, "ALPHAUSDT": 10572965.82191, "ATAUSDT": 6204334.4603, "USUALUSDT": 351871331.1676, "CETUSUSDT": 33598194.5743, "CATIUSDT": 38360416.9872, "LUNA2USDT": 13989445.6442, "OXTUSDT": 3994024.33054, "ACHUSDT": 9010953.880401, "MBOXUSDT": 7424724.2265, "BOMEUSDT": 124854145.460859, "TRUUSDT": 9710291.15659, "BNBUSDT": 428184701.8777, "AXSUSDT": 29442075.311, "MORPHOUSDT": 71454366.79363, "MAGICUSDT": 8534272.8449, "ZEREBROUSDT": 75592606.1418, "VETUSDT": 15354143.856074, "AEVOUSDT": 16914037.80837, "IDUSDT": 14893214.71971, "FARTCOINUSDT": 243886621.66375, "NULSUSDT": 3264665.6266, "SFPUSDT": 3648420.1815, "ALPACAUSDT": 7462788.36158,