{"TSTUSDT": 163000095.5283, "1000SHIBUSDT": 161248184.702313, "ALCHUSDT": 42713704.12727, "MTLUSDT": 4620177.9949, "NEIROETHUSDT": 20621581.74923, "STXUSDT": 32482393.18, "ALPACAUSDT": 4351789.6366, "APEUSDT": 56655020.4707, "QNTUSDT": 11887600.87, "RONINUSDT": 6041759.82675, "BIGTIMEUSDT": 16110443.13767, "POLUSDT": 25541225.55644, "ACEUSDT": 5293122.662941, "NKNUSDT": 2972937.33816, "ZENUSDT": 43572141.1587, "HBARUSDT": 209113029.56191, "KSMUSDT": 8668262.3506, "1000000MOGUSDT": 16113355.79967, "SOLUSDT": 2801626077.931, "ETHFIUSDT": 60891784.38076, "XRPUSDT": 2076669337.05105, "JOEUSDT": 4127008.69373, "ONEUSDT": 13391755.25186, "WIFUSDT": 374309546.37691, "AUCTIONUSDT": 16927211.7188, "XMRUSDT": 21424052.91998, "VTHOUSDT": 12527220.639696, "POPCATUSDT": 114300557.2527, "TAOUSDT": 125887200.56285, "THEUSDT": 39338423.9979, "DEXEUSDT": 17082929.17582, "ZRXUSDT": 10204760.51032, "LRCUSDT": 6717891.18901, "JUPUSDT": 68987840.8492, "IOTXUSDT": 6991822.52839, "ALTUSDT": 12605209.82516, "QTUMUSDT": 10222940.6021, "CELRUSDT": 6163843.31131, "DOGSUSDT": 35760212.1593212, "BTCUSDT_250328": 31517086.6172, "CFXUSDT": 22195082.04195, "TRUMPUSDT": 863778059.39198, "SYNUSDT": 5095157.8265, "BATUSDT": 9889377.65084, "XLMUSDT": 137117416.9398, "LAYERUSDT": 100486603.37716, "RAYSOLUSDT": 20415610.90919, "COWUSDT": 29845444.2971, "MBOXUSDT": 5996942.8758, "XVGUSDT": 10408460.057266, "COMBOUSDT": 2928934.87143, "PEOPLEUSDT": 44187322.2578, "CRVUSDT": 137451094.3973, "SEIUSDT": 66472192.85, "GLMUSDT": 10975118.77713, "VICUSDT": 24204928.7635, "REDUSDT": 120928607.4659, "ONGUSDT": 3917513.77753, "SWARMSUSDT": 137858652.7383, "SCRTUSDT": 3641384.4165, "HIFIUSDT": 3860265.8402, "DRIFTUSDT": 10325681.4327, "XVSUSDT": 6546694.4846, "KNCUSDT": 4358546.2524, "ORDIUSDT": 120713522.5234, "LPTUSDT": 13433679.1431, "OPUSDT": 97650753.15361, "BANDUSDT": 5007966.6573, "NEOUSDT": 17237564.28291, "TIAUSDT": 117787930.2104, "TNSRUSDT": 11340325.96627, "VELODROMEUSDT": 5406671.50721, "PROMUSDT": 5772351.7441, "PIPPINUSDT": 28635357.74484, "HEIUSDT": 17185008.24634, "AVAXUSDT": 248826571.785, "ZILUSDT": 10463586.94777, "SHELLUSDT": 77445616.5318, "OGNUSDT": 6442885.0594, "APTUSDT": 138466669.56148, "CAKEUSDT": 20957094.9677, "BNTUSDT": 2918542.33343, "AIUSDT": 16726051.87798, "UNIUSDT": 108164382.327, "ASTRUSDT": 6428013.624212, "PERPUSDT": 3477136.20613, "FARTCOINUSDT": 261093627.7396, "COMPUSDT": 16843184.58694, "ENAUSDT": 409548231.0727, "ETHUSDT_250627": 8209091.21269, "LDOUSDT": 94490827.6292, "IOUSDT": 42914747.10003, "DENTUSDT": 5688178.096683, "VOXELUSDT": 4753618.2326, "FXSUSDT": 5826735.43014, "SXPUSDT": 11812393.05778, "CKBUSDT": 8600385.869312, "KOMAUSDT": 9616956.95946, "MELANIAUSDT": 44130699.35994, "RUNEUSDT": 67819246.81, "GMXUSDT": 7043215.12593, "OMUSDT": 70954840.403692, "NEIROUSDT": 233162377.4626996, "SAGAUSDT": 23020796.02719, "EDUUSDT": 4824239.6581, "GASUSDT": 6689438.308, "LEVERUSDT": 5622828.4470108, "BBUSDT": 12644505.22949, "LINAUSDT": 7270959.19595, "NTRNUSDT": 2812532.6562, "SUSHIUSDT": 23755180.6273, "ORCAUSDT": 6358037.3755, "ADAUSDT": 530657017.5756, "XAIUSDT": 13080764.26762, "MEWUSDT": 11113226.591976, "SANDUSDT": 64884759.88696, "ZECUSDT": 8993690.63116, "KAIAUSDT": 7364337.6703, "IMXUSDT": 14297638.3426, "ETHUSDT": 8499351382.94312, "PENGUUSDT": 111235309.892884, "YGGUSDT": 8045844.4177, "ALGOUSDT": 71527419.41898, "DEGENUSDT": 13895530.155776, "SUNUSDT": 4777094.472123, "USTCUSDT": 6299342.294937, "FIDAUSDT": 9893758.35974, "THETAUSDT": 24596508.27631, "EPICUSDT": 195186879.86058, "ANIMEUSDT": 40570833.5955, "SPELLUSDT": 10119052.3492497, "AVAAIUSDT": 35002842.05661, "UMAUSDT": 6452600.117, "BIOUSDT": 31150149.5145, "BELUSDT": 7866722.8963, "1000CATUSDT": 23508030.47323, "DYDXUSDT": 50440580.3436, "REZUSDT": 9230638.19468, "RSRUSDT": 23191594.738221, "JTOUSDT": 41670032.3545, "COTIUSDT": 10025777.49255, "1INCHUSDT": 11486310.5551, "1MBABYDOGEUSDT": 35786749.4045476, "1000WHYUSDT": 5633522.6055951, "ARKMUSDT": 41451556.5873, "ATAUSDT": 6334475.2173, "BTCUSDT": 14787603373.4395, "NOTUSDT": 44357210.939594, "ZETAUSDT": 6152228.5613, "KMNOUSDT": 4887735.50195, "NMRUSDT": 5360923.0933, "CATIUSDT": 10437220.3343, "GMTUSDT": 41091701.16441, "STMXUSDT": 7441927.73965, "ARUSDT": 34418312.7889, "CHRUSDT": 6982356.8536, "BICOUSDT": 3687211.4663, "GALAUSDT": 107221575.12373, "HFTUSDT": 3930528.91092, "STORJUSDT": 9119280.9719, "DFUSDT": 10637907.15079, "BSWUSDT": 3993594.73847, "SPXUSDT": 33943214.0071, "ARBUSDT": 102940767.60917, "ARCUSDT": 157993905.16352, "FIOUSDT": 4627013.11429, "GTCUSDT": 6693950.5346, "GRIFFAINUSDT": 84695667.89123, "GPSUSDT": 20489353.6366, "1000RATSUSDT": 18066609.0136, "CHILLGUYUSDT": 47117341.9051, "EIGENUSDT": 87982361.39384, "1000CHEEMSUSDT": 20572537.4443626, "DUSKUSDT": 4712822.36429, "OMNIUSDT": 9170193.71488, "FLOWUSDT": 18393394.3284, "BOMEUSDT": 56695952.915391, "BANUSDT": 57507097.7506, "ICPUSDT": 30764798.874, "ONDOUSDT": 216293052.33876, "SNXUSDT": 16797288.2335, "UXLINKUSDT": 35984976.779, "MEUSDT": 37079427.1686, "CELOUSDT": 10633042.4468, "MANTAUSDT": 13216032.23306, "BTCUSDT_250627": 17760108.6002, "MOODENGUSDT": 50164001.12036, "ALPHAUSDT": 5632754.84468, "MINAUSDT": 9427399.7525, "WOOUSDT": 6574811.66167, "HIGHUSDT": 6051211.94452, "KASUSDT": 19672258.35508, "SUPERUSDT": 11541035.3225, "SUSDT": 49688349.675, "BRETTUSDT": 16688442.4446, "DIAUSDT": 3042967.8676, "TONUSDT": 50766059.51307, "LUMIAUSDT": 10870700.4641, "ANKRUSDT": 5671956.90987, "SFPUSDT": 3860050.5149, "LQTYUSDT": 8321126.69089, "GRTUSDT": 22178525.08323, "BALUSDT": 3454652.2548, "XTZUSDT": 16200560.1114, "IPUSDT": 234779722.317094, "KAVAUSDT": 13047186.96897, "VIRTUALUSDT": 117431023.39677, "LINKUSDT": 376061644.87836, "MOVRUSDT": 5584358.25383, "ATOMUSDT": 55119700.24905, "STEEMUSDT": 7292094.72075, "WLDUSDT": 232679347.6544, "1000FLOKIUSDT": 62811414.46967, "CTSIUSDT": 4749674.6817, "WUSDT": 20013251.050542, "BTCDOMUSDT": 8794342.9595, "AXLUSDT": 8306361.18539, "GOATUSDT": 58491092.3564, "1000SATSUSDT": 56217032.7401776, "FLMUSDT": 6750883.1338, "VANRYUSDT": 10636669.22851, "VINEUSDT": 114523725.39109, "ICXUSDT": 6030829.6815, "ZEREBROUSDT": 39092513.0358, "MYROUSDT": 7594208.87577, "HIVEUSDT": 17427046.07139, "KAITOUSDT": 454865993.45498, "ENSUSDT": 53647170.2592, "BANANAUSDT": 11455344.7799, "RPLUSDT": 4024849.1888, "ACHUSDT": 12239698.870222, "AEROUSDT": 9077028.6431, "GUSDT": 5282850.25205, "ROSEUSDT": 11045403.44072, "RAREUSDT": 5925912.59954, "MEMEUSDT": 24681629.714173, "MOVEUSDT": 98963765.8088, "VETUSDT": 36416208.201712, "RDNTUSDT": 6769555.5529, "VVVUSDT": 28730451.8805, "FETUSDT": 96924097.7355, "ACXUSDT": 5718729.7812, "1000PEPEUSDT": 833734828.4069622, "1000LUNCUSDT": 16116111.37413, "TURBOUSDT": 49336389.7731995, "EGLDUSDT": 12694877.174, "STGUSDT": 8336231.4574, "USUALUSDT": 71023701.6689, "LISTAUSDT": 9544364.5563, "VANAUSDT": 40503770.86873, "AI16ZUSDT": 143986108.73024, "YFIUSDT": 9570262.757, "SYSUSDT": 2914202.08802, "AAVEUSDT": 247665112.504, "QUICKUSDT": 2062103.0871, "1000XECUSDT": 4597602.27048, "COOKIEUSDT": 32971673.8686, "MAVUSDT": 4642562.96992, "SOLVUSDT": 56837032.6621, "PONKEUSDT": 8358221.54199, "ETCUSDT": 91956758.70744, "OXTUSDT": 3676752.07572, "ZKUSDT": 20352924.20715, "SUIUSDT": 725503754.49047, "TLMUSDT": 4208568.131054, "AVAUSDT": 11092939.95945, "SANTOSUSDT": 4095223.6451, "PYTHUSDT": 21064396.66246, "SCRUSDT": 12108849.325, "BLURUSDT": 13610557.81785, "NFPUSDT": 6689230.0332, "HOOKUSDT": 4871535.29836, "ARPAUSDT": 5078574.56961, "BCHUSDT": 95301478.2501, "POWRUSDT": 6993624.95, "IDUSDT": 9144321.64938, "PIXELUSDT": 11438372.74735, "MASKUSDT": 19990650.0491, "ARKUSDT": 8421394.0039, "TRBUSDT": 32403227.3396, "DYMUSDT": 8793833.22316, "DEGOUSDT": 3838806.76182, "MAGICUSDT": 7402362.15262, "AEVOUSDT": 13110152.93177, "TUSDT": 3971541.20909, "POLYXUSDT": 7022993.05408, "BERAUSDT": 180685166.3694, "PENDLEUSDT": 36787612.2065, "PORTALUSDT": 7848480.94375, "AGLDUSDT": 26180759.5077, "RENDERUSDT": 47881834.9253,