{"AUCTIONUSDT": 14901526.44634, "GRIFFAINUSDT": 93755968.95255, "LPTUSDT": 16139392.4716, "AXLUSDT": 8581449.70434, "TOKENUSDT": 5708945.41622, "EGLDUSDT": 13487610.1849, "BRETTUSDT": 17987366.98, "LTCUSDT": 316775911.85147, "HOOKUSDT": 5940359.56404, "BCHUSDT": 95712791.80609, "MASKUSDT": 22706855.718, "DASHUSDT": 8505043.47997, "ICXUSDT": 6465758.997, "VIDTUSDT": 6792495.86532, "SHELLUSDT": 77445616.5318, "1000CHEEMSUSDT": 20504636.2576729, "PONKEUSDT": 9155162.31091, "KSMUSDT": 9791822.8809, "ILVUSDT": 5831002.0207, "NEOUSDT": 20329656.69772, "ALICEUSDT": 8540518.5663, "ACEUSDT": 6345141.684195, "MEMEUSDT": 25247632.369877, "BADGERUSDT": 5680052.3618, "PYTHUSDT": 22575191.49005, "VIRTUALUSDT": 131009097.51922, "POWRUSDT": 8396353.8411, "ANKRUSDT": 6477451.95207, "ZRXUSDT": 11228275.23832, "RVNUSDT": 4951520.91497, "GOATUSDT": 81425832.5631, "PORTALUSDT": 8855529.20344, "ENAUSDT": 402410963.1095, "BTCUSDT_250627": 16437291.0, "DUSDT": 9876796.28662, "PIPPINUSDT": 34001017.28606, "ETHUSDT": 8516052603.49187, "TUSDT": 4388671.87917, "BOMEUSDT": 64365055.986206, "IPUSDT": 339630072.80437, "MOVEUSDT": 97311688.7483, "TRXUSDT": 126452016.28243, "SSVUSDT": 17473054.09793, "KAVAUSDT": 13729109.88961, "INJUSDT": 76697793.105, "RPLUSDT": 4168319.1055, "ETHWUSDT": 4497675.3326, "NEIROETHUSDT": 21400893.41627, "COTIUSDT": 10528220.82559, "PERPUSDT": 4169277.89169, "SEIUSDT": 69082828.3895, "ANIMEUSDT": 48223768.2814, "NFPUSDT": 7488855.39786, "YGGUSDT": 8363467.9478, "RLCUSDT": 5777387.14801, "AVAAIUSDT": 39400143.45223, "MEUSDT": 43193234.6518, "CAKEUSDT": 22201873.2475, "REZUSDT": 9230638.19468, "DRIFTUSDT": 12094752.2654, "TRUUSDT": 7884184.70276, "1000CATUSDT": 26331319.00315, "XAIUSDT": 15276502.15014, "CHESSUSDT": 4520549.609, "CRVUSDT": 146608502.8676, "ACHUSDT": 11068120.488653, "MOODENGUSDT": 63803064.42319, "ORCAUSDT": 6954282.5096, "FLMUSDT": 7230230.5466, "1INCHUSDT": 12345514.451, "VOXELUSDT": 5049238.0693, "NEIROUSDT": 253811335.6645884, "GTCUSDT": 7093699.4577, "ENSUSDT": 63953836.0486, "ZENUSDT": 48912041.8392, "CKBUSDT": 9323017.678846, "ADAUSDT": 534831276.5203, "BELUSDT": 8125723.1427, "APTUSDT": 138948507.23389, "BIGTIMEUSDT": 19999054.38121, "GLMUSDT": 10975118.77713, "PENDLEUSDT": 39902138.597, "1000000MOGUSDT": 18117175.90006, "BTCDOMUSDT": 8794342.9595, "AIUSDT": 19397103.98018, "AKTUSDT": 3915413.6882, "ICPUSDT": 33466897.062, "XLMUSDT": 152831291.55859, "AAVEUSDT": 233833424.8, "1000SATSUSDT": 63253703.8438147, "PHAUSDT": 10806082.84593, "CETUSUSDT": 17278915.63761, "NEARUSDT": 119997712.539, "BALUSDT": 3732088.4928, "CHZUSDT": 24961786.02789, "BSWUSDT": 4494068.59622, "RIFUSDT": 3609198.62046, "SPELLUSDT": 11241148.8827196, "QNTUSDT": 12079354.577, "TROYUSDT": 14715275.029226, "ARKUSDT": 9192255.4354, "WOOUSDT": 7164268.99456, "VINEUSDT": 131434678.04158, "OMNIUSDT": 10065287.10789, "TRUMPUSDT": 1047920689.84007, "WUSDT": 21739410.02485, "BANANAUSDT": 11745387.8663, "TRBUSDT": 33202773.2204, "HOTUSDT": 9096501.369357, "IOSTUSDT": 6092780.921758, "EDUUSDT": 5267081.4065, "CELOUSDT": 12105424.9388, "1000FLOKIUSDT": 74041615.9331, "TNSRUSDT": 11590434.91572, "JASMYUSDT": 36434810.808322, "DEGENUSDT": 15066601.964655, "VANRYUSDT": 11177488.50984, "CHILLGUYUSDT": 56417758.5107, "ONEUSDT": 14905915.79562, "BTCUSDT": 14403072504.9993, "DIAUSDT": 3512870.3189, "GRTUSDT": 24624818.97822, "SUSDT": 46526511.4283, "SOLVUSDT": 56245890.134, "CATIUSDT": 11072157.4898, "AVAXUSDT": 249932841.362, "RDNTUSDT": 7858643.2117, "POPCATUSDT": 121493782.2775, "THEUSDT": 44611343.45238, "COMPUSDT": 18034399.54297, "SOLUSDT": 2710200220.524, "DUSKUSDT": 5093992.17442, "GMXUSDT": 7626570.06975, "HIFIUSDT": 4663231.6049, "ORDIUSDT": 121263374.3689, "SWARMSUSDT": 146502312.5872, "KOMAUSDT": 11197533.37574, "SUNUSDT": 5375465.012574, "ETCUSDT": 93893518.99731, "DODOXUSDT": 4039346.717486, "MELANIAUSDT": 55234436.577, "MORPHOUSDT": 42046881.21782, "SUIUSDT": 749132576.64195, "DEXEUSDT": 22444841.14251, "IOUSDT": 48009537.00757, "FIOUSDT": 5015560.52078, "ETHFIUSDT": 67615503.24458, "SAFEUSDT": 4779618.5098, "1000PEPEUSDT": 880343077.9995222, "DOTUSDT": 161383667.1954, "LSKUSDT": 3911673.4749, "SANTOSUSDT": 4247121.6495, "MAVUSDT": 4745397.33046, "BICOUSDT": 4110512.777, "STRKUSDT": 24505498.98847, "DEGOUSDT": 3552079.05893, "VELODROMEUSDT": 6313136.52553, "CTSIUSDT": 5385845.5351, "DOGEUSDT": 1392278267.26826, "ZKUSDT": 21355121.91291, "THETAUSDT": 30674968.839, "LQTYUSDT": 8548390.02893, "SONICUSDT": 15514591.17839, "TWTUSDT": 6425736.5199, "IDUSDT": 9596742.72958, "ETHUSDT_250328": 15530892.16712, "ETHUSDT_250627": 8175910.62193, "FLOWUSDT": 22146804.3409, "MKRUSDT": 36480973.7948, "ALCHUSDT": 39248819.95796, "SFPUSDT": 4220542.7021, "CELRUSDT": 6744773.22634, "FETUSDT": 100043451.0843, "WIFUSDT": 402540400.46481, "BLURUSDT": 14307901.10391, "DENTUSDT": 6074678.886481, "SXPUSDT": 13793265.91316, "ATAUSDT": 7756722.6893, "HFTUSDT": 3993218.80312, "SYNUSDT": 5892297.5805, "TAOUSDT": 129924973.74069, "MYROUSDT": 8397019.67378, "JTOUSDT": 42437934.2871, "ACTUSDT": 157906076.2249, "ROSEUSDT": 11708213.33716, "LRCUSDT": 7070418.66703, "RENDERUSDT": 49546301.8416, "B3USDT": 24579085.1166, "XTZUSDT": 19748613.6461, "VETUSDT": 40153641.733087, "ONGUSDT": 4553493.29921, "PROMUSDT": 6604646.3632, "HBARUSDT": 213853455.02119, "AERGOUSDT": 9433236.7913, "OPUSDT": 101195727.16188, "XVSUSDT": 7072254.7243, "USDCUSDT": 4996203.235626, "API3USDT": 6352876.8079, "LDOUSDT": 101965030.7895, "STXUSDT": 37310826.6996, "SUPERUSDT": 12315951.9836, "BATUSDT": 11066792.36903, "ALPHAUSDT": 5966918.79602, "CHRUSDT": 7695918.6346, "USUALUSDT": 91511623.4844, "JOEUSDT": 4680670.98634, "C98USDT": 8957179.6622, "NMRUSDT": 5959502.3833, "UXLINKUSDT": 44155998.3403, "POLUSDT": 29954573.82357, "ARPAUSDT": 5808881.32115, "JUPUSDT": 71834881.5037, "RAREUSDT": 5937294.22707, "OXTUSDT": 3875293.58946, "AVAUSDT": 11092939.95945, "COMBOUSDT": 3316379.30462, "STGUSDT": 9801096.7428, "POLYXUSDT": 7705385.56193, "SCRUSDT": 13883386.0123, "1MBABYDOGEUSDT": 40043955.0077224, "AEVOUSDT": 13959996.6095, "GPSUSDT": 17706220.3867, "BAKEUSDT": 10657367.2395, "HIPPOUSDT": 10899039.26084, "SUSHIUSDT": 27454072.9148, "XMRUSDT": 22067921.73665, "AI16ZUSDT": 163875007.25521, "TONUSDT": 52381259.98087, "APEUSDT": 60418913.8234, "NKNUSDT": 3365268.97868, "FIDAUSDT": 10423095.30007, "BSVUSDT": 4740213.965, "BNXUSDT": 8696835.52014, "DOGSUSDT": 40105706.8037249, "1000LUNCUSDT": 18458955.09733, "LUMIAUSDT": 11095250.438, "PHBUSDT": 7845510.0609, "LINKUSDT": 374852182.10975, "YFIUSDT": 10576771.957, "RSRUSDT": 25577238.950884, "HIVEUSDT": 18822692.71366, "VTHOUSDT": 15514519.481868, "ZROUSDT": 29214621.95071, "CGPTUSDT": 21702928.91753, "XRPUSDT": 2093210636.86027, "GMTUSDT": 44925665.99374, "SKLUSDT": 8146895.57931, "DFUSDT": 10354543.61922, "NOTUSDT": 45829881.228388, "AEROUSDT": 10748185.49949, "SYSUSDT": 2990805.2524, "MOCAUSDT": 20501072.9754, "BERAUSDT": 215437743.2225, "LINAUSDT": 7476317.54921, "UNIUSDT": 121614854.83, "AIXBTUSDT": 107680066.64935, "ENJUSDT": 8347055.69117, "VVVUSDT": 58949959.29945, "GALAUSDT": 122643283.13025, "ZILUSDT": 11201639.70657, "OMUSDT": 79704938.317578, "MTLUSDT": 5358924.4467, "BEAMXUSDT": 13849221.944293, "AXSUSDT": 24581003.221, "IOTAUSDT": 29009757.02247, "BTCUSDT_250328": 30289900.2715, "ALTUSDT": 13301193.09776, "EOSUSDT": 73134179.2911, "BIOUSDT": 36826926.5649, "SAGAUSDT": 25127951.78705, "ALPACAUSDT": 4351789.6366, "LEVERUSDT": 6008444.7835175, "ZETAUSDT": 7177800.9563, "KAIAUSDT": 7761017.7345, "PEOPLEUSDT": 47646826.17037, "MAGICUSDT": 7952135.46796, "FILUSDT": 143911160.6621, "LAYERUSDT": 99621277.77479, "1000XECUSDT": 5303050.49878, "1000BONKUSDT": 122379821.282887, "TIAUSDT": 128577265.7952, "KNCUSDT": 4759607.8056, "MINAUSDT": 9762868.094, "COOKIEUSDT": 32971673.8686, "ONDOUSDT": 215682278.887, "FARTCOINUSDT": 266576288.21332, "1000SHIBUSDT": 170709981.163461, "ARCUSDT": 171930400.67243, "SWELLUSDT": 6943150.59846, "EIGENUSDT": 97253042.87728,