{"CETUSUSDT": 142289351.29376, "LQTYUSDT": 7109673.56699, "LRCUSDT": 4285691.74883, "ARUSDT": 29907197.7616, "KEYUSDT": 5090150.7133316, "NTRNUSDT": 2982286.6849, "XAIUSDT": 20905485.094, "AIUSDT": 14966313.64489, "MYROUSDT": 16231548.51102, "TROYUSDT": 52316361.236472, "GOATUSDT": 392960156.473, "VOXELUSDT": 5826831.8297, "FILUSDT": 84356891.3427, "1000FLOKIUSDT": 94374592.04738, "RSRUSDT": 10377475.614248, "BEAMXUSDT": 14117430.621181, "BANANAUSDT": 21923075.4779, "BICOUSDT": 3275568.0043, "NOTUSDT": 121410196.90591, "BSVUSDT": 5272129.185, "AXLUSDT": 7536992.3769, "ATAUSDT": 3986631.6155, "ATOMUSDT": 43979482.129, "ZENUSDT": 6502044.5115, "SPELLUSDT": 4620878.0487569, "BNXUSDT": 26930582.6483, "ZECUSDT": 14238842.99885, "POPCATUSDT": 151290278.4585, "1000CATUSDT": 64650695.406, "PORTALUSDT": 9831365.71189, "LOKAUSDT": 2647391.8354, "HIGHUSDT": 8933303.71749, "DOGSUSDT": 159000055.8046442, "ADAUSDT": 110582343.8458, "KDAUSDT": 4817171.3748, "MAVIAUSDT": 7558275.88155, "QUICKUSDT": 3191710.66353, "AEVOUSDT": 19011565.76194, "OMUSDT": 23736673.956493, "RUNEUSDT": 48062886.891, "RAREUSDT": 36955315.5509, "AAVEUSDT": 106850778.398, "HMSTRUSDT": 55806441.013063, "ARPAUSDT": 5571761.89954, "ONTUSDT": 4574458.98134, "LINAUSDT": 10007134.30952, "WUSDT": 16973607.19808, "BCHUSDT": 78321790.31545, "SFPUSDT": 3378957.1698, "TUSDT": 4055324.19458, "IDUSDT": 5577452.83509, "BTCUSDT_250328": 14601895.2129, "SYNUSDT": 8945542.9705, "ALICEUSDT": 7580736.4473, "CHESSUSDT": 5643476.3344, "FETUSDT": 117514434.0983, "GLMUSDT": 5088871.10031, "GRTUSDT": 17256659.01485, "1000LUNCUSDT": 19504356.1981, "ONGUSDT": 3040708.53553, "ZILUSDT": 5565189.449, "YGGUSDT": 15967740.0928, "THETAUSDT": 15839861.20538, "CFXUSDT": 22334895.85748, "SEIUSDT": 72671616.622, "NMRUSDT": 3878916.073, "COSUSDT": 3172007.540824, "MBOXUSDT": 7074759.3952, "DOTUSDT": 67785968.9232, "GALAUSDT": 61622217.34481, "STGUSDT": 4723797.5523, "JASMYUSDT": 31792570.241067, "NKNUSDT": 3038570.243, "BADGERUSDT": 2720403.995, "MANTAUSDT": 16122150.00341, "BAKEUSDT": 13070559.5301, "AERGOUSDT": 3892991.0037, "COTIUSDT": 9401322.36639, "SAFEUSDT": 37773209.6284, "SWELLUSDT": 28981335.36417, "CHZUSDT": 12678114.54754, "REEFUSDT": 49649942.581508, "WIFUSDT": 511350518.03662, "STRKUSDT": 35141265.04279, "XVSUSDT": 2981179.4699, "DOGEUSDT": 305944574.54456, "AGLDUSDT": 3701741.924, "PEOPLEUSDT": 140240904.90337, "SNXUSDT": 9724230.1666, "VANRYUSDT": 9513917.9225, "ZKUSDT": 26519524.08921, "REZUSDT": 20245222.6212, "DODOXUSDT": 2650863.438059, "SUNUSDT": 29932605.422699, "LTCUSDT": 87833730.20333, "XLMUSDT": 15972229.33597, "OMNIUSDT": 12158729.46155, "BALUSDT": 3135968.6104, "FIDAUSDT": 20821753.0511, "NEARUSDT": 109029064.154, "1INCHUSDT": 9803410.6737, "MANAUSDT": 13248584.4882, "DIAUSDT": 38040010.8239, "MAVUSDT": 5247375.47063, "ENJUSDT": 5217220.17297, "DYMUSDT": 18969937.70677, "1000PEPEUSDT": 702100335.0387862, "PENDLEUSDT": 48608817.1974, "GHSTUSDT": 3425626.026, "TRUUSDT": 7330163.96694, "CTSIUSDT": 4373262.3641, "FXSUSDT": 3524644.00185, "RDNTUSDT": 13094844.95387, "BNTUSDT": 2112130.39875, "XMRUSDT": 10607464.91347, "APEUSDT": 33829745.6394, "ENAUSDT": 128132843.7705, "JOEUSDT": 2804268.1254, "LSKUSDT": 2227102.7729, "BIGTIMEUSDT": 28624376.12833, "ACHUSDT": 5742874.281713, "CKBUSDT": 14044109.868853, "MEWUSDT": 84351950.083057, "HOTUSDT": 5214123.054805, "ETCUSDT": 42681853.86941, "JTOUSDT": 35565235.1656, "POLUSDT": 27978552.6839, "BTCDOMUSDT": 2340369.0826, "BANDUSDT": 4095102.49224, "GUSDT": 4261952.80791, "HBARUSDT": 13765520.02523, "UXLINKUSDT": 42418956.7016, "GRASSUSDT": 59004161.90512, "COMBOUSDT": 2588360.64639, "1MBABYDOGEUSDT": 117235316.0644013, "LPTUSDT": 10051273.1702, "CAKEUSDT": 6629818.8363, "DUSKUSDT": 5824578.58661, "STEEMUSDT": 1582354.78408, "1000000MOGUSDT": 62969208.46047, "QTUMUSDT": 3589992.5066, "MEMEUSDT": 20363142.678209, "LOOMUSDT": 5094730.71991, "FTMUSDT": 144438922.5629, "MTLUSDT": 4064844.7949, "ICXUSDT": 3035226.7969, "IOUSDT": 62513548.4875, "ARBUSDT": 64358112.43689, "CELOUSDT": 13488714.0328, "PYTHUSDT": 13874441.6898, "BBUSDT": 24480566.796, "UNFIUSDT": 8272959.8027, "HIFIUSDT": 5514044.4623, "DARUSDT": 10722451.56631, "FLOWUSDT": 8710453.652, "DASHUSDT": 3647298.02878, "IOSTUSDT": 3664710.2533, "TOKENUSDT": 8807915.34497, "KNCUSDT": 3427194.1287, "AMBUSDT": 5625853.092964, "QNTUSDT": 4653343.541, "TNSRUSDT": 14208632.64192, "NFPUSDT": 7496558.76484, "ORDIUSDT": 212440046.6804, "ALPACAUSDT": 10286818.04906, "BONDUSDT": 5677078.7486, "1000SHIBUSDT": 114469623.826398, "SOLUSDT": 2107370703.744, "ZRXUSDT": 5540015.72944, "LEVERUSDT": 6093789.9782447, "SANTOSUSDT": 61133741.1502, "USTCUSDT": 7008199.66719, "API3USDT": 7937283.24225, "ZROUSDT": 56784539.2154, "STXUSDT": 52720073.2985, "RPLUSDT": 3545383.8782, "PIXELUSDT": 19611350.742, "IOTAUSDT": 5306643.25704, "TRXUSDT": 54056503.03839, "LINKUSDT": 110613901.93349, "SSVUSDT": 10810412.69585, "TLMUSDT": 4195123.876398, "NEIROUSDT": 833968010.9464473, "SUIUSDT": 417803315.34257, "XRPUSDT": 287185085.21189, "YFIUSDT": 4868658.035, "RLCUSDT": 3116178.47689, "EGLDUSDT": 7336249.2298, "STORJUSDT": 11734226.9414, "ENSUSDT": 27465954.8787, "INJUSDT": 80705063.3531, "BLURUSDT": 22349202.7529, "MOVRUSDT": 4323637.57127, "GMTUSDT": 22255675.12431, "DENTUSDT": 3162362.411607, "IOTXUSDT": 4747265.97199, "CRVUSDT": 69824914.2904, "ETHUSDT": 5530067659.02683, "AVAXUSDT": 156771879.806, "PERPUSDT": 3320997.04415, "MINAUSDT": 11117462.0077, "VETUSDT": 9044628.603275, "BSWUSDT": 2847347.80879, "SUPERUSDT": 21470745.9277, "KAVAUSDT": 6425301.41645, "LITUSDT": 5044577.0718, "MOODENGUSDT": 410721358.57861, "ROSEUSDT": 11251493.41429, "TAOUSDT": 64961787.14896, "PHBUSDT": 7885432.6409, "ALTUSDT": 22095302.1467, "CYBERUSDT": 6913706.6697, "GTCUSDT": 6455587.9195, "1000BONKUSDT": 77197155.868586, "KLAYUSDT": 4114464.41868, "CELRUSDT": 3781269.41375, "1000XECUSDT": 3402509.11814, "XEMUSDT": 4483521.1258, "OMGUSDT": 3058971.36536, "MASKUSDT": 12991005.6139, "GMXUSDT": 5320310.03659, "XVGUSDT": 2670528.6426414, "SCRUSDT": 40953579.013, "NEIROETHUSDT": 182288122.8214, "OPUSDT": 73631355.97406, "BOMEUSDT": 115273983.975852, "BATUSDT": 3378595.60859, "ACEUSDT": 11445789.784981, "GASUSDT": 5798970.4841, "ICPUSDT": 25242987.949, "EDUUSDT": 7299261.9476, "CATIUSDT": 79227103.5003, "RENDERUSDT": 34437963.4371, "ANKRUSDT": 4107936.36582, "RONINUSDT": 4019812.0293, "NEOUSDT": 11570288.04901, "ALPHAUSDT": 3712033.95094, "BLZUSDT": 4770315.22237, "RENUSDT": 4040834.42815, "OXTUSDT": 2026422.72899, "HOOKUSDT": 6921736.06243, "DRIFTUSDT": 368280300.9877, "MAGICUSDT": 5246923.81234, "BTCUSDT": 13447232675.7519, "UMAUSDT": 11898060.348, "ETHWUSDT": 2370460.2778, "JUPUSDT": 34242799.2355, "1000SATSUSDT": 181448308.0786133, "TURBOUSDT": 64239743.203197, "IMXUSDT": 16728290.6108, "EIGENUSDT": 129540058.3758, "ETHUSDT_250328": 6533908.20712, "HFTUSDT": 2152412.31366, "FLUXUSDT": 4725623.4389, "LISTAUSDT": 19529144.2621, "KASUSDT": 15043648.86294, "FLMUSDT": 6057436.4203, "TRBUSDT": 43774735.6914, "1000RATSUSDT": 57599481.14276, "ILVUSDT": 4674833.556, "SXPUSDT": 5847867.29627, "REIUSDT": 3973352.41744, "UNIUSDT": 59566588.501, "METISUSDT": 5124163.3515, "RIFUSDT": 3842923.89127, "ARKUSDT": 4825208.0624, "ASTRUSDT": 5921666.82835, "APTUSDT": 102835422.02614, "FIOUSDT": 8345652.14721, "ALGOUSDT": 9972502.71164, "BRETTUSDT": 11823707.57256, "OGNUSDT": 3961465.8666, "VIDTUSDT": 26810046.45614, "KSMUSDT": 4985803.7897, "COWUSDT": 247186301.4355, "TWTUSDT": 3582599.0012, "SKLUSDT": 3989130.81872, "ONEUSDT": 5153578.77359, "ARKMUSDT": 32031572.2677, "SANDUSDT": 21189777.1586, "WAXPUSDT": 2499539.26978, "ETHUSDT_241227": 10429194.93669, "STMXUSDT": 9820076.91936, "SYSUSDT": 5664992.2547, "ZETAUSDT": 23603835.8239, "LUNA2USDT": 8264482.6252, "WLDUSDT": 235608957.2822, "ONDOUSDT": 49681996.28705, "PONKEUSDT": 37406614.8304, "LDOUSDT": 30460334.5692, "MKRUSDT": 34223508.1207, "XTZUSDT": 5979221.3858, "BTCUSDT_241227": 18291492.9377, "RVNUSDT": 3843549.48072,