{"VTHOUSDT": 26379747.071144, "AVAXUSDT": 271077581.627, "ROSEUSDT": 15234972.05876, "STXUSDT": 48545656.5705, "IDUSDT": 10452810.59141, "CGPTUSDT": 24566888.79228, "KOMAUSDT": 10135155.11389, "SAGAUSDT": 29274331.72796, "C98USDT": 10262208.3555, "EGLDUSDT": 15084057.7527, "REEFUSDT": 5782340.985143, "AI16ZUSDT": 205365442.9552, "ANIMEUSDT": 49530334.6222, "MOVRUSDT": 6733137.1825, "JTOUSDT": 43593806.5729, "MBOXUSDT": 7783434.4746, "1000CHEEMSUSDT": 23836426.4965306, "SNXUSDT": 17701470.5186, "STORJUSDT": 12304572.6349, "API3USDT": 7151640.88112, "XAIUSDT": 19453903.12799, "ORCAUSDT": 10477125.8082, "TLMUSDT": 6226327.689619, "ALGOUSDT": 92292107.9987, "MELANIAUSDT": 58109863.48893, "PHBUSDT": 9581702.5748, "ENJUSDT": 10740588.68635, "WOOUSDT": 8785376.47866, "BAKEUSDT": 12097376.8738, "RONINUSDT": 8412232.21956, "DENTUSDT": 8175475.756655, "HOOKUSDT": 7295890.61013, "GASUSDT": 10987768.2707, "ARKUSDT": 9738727.6649, "ZEREBROUSDT": 44335802.2266, "DRIFTUSDT": 19203223.0838, "VIRTUALUSDT": 168865205.29922, "WAXPUSDT": 5470544.69281, "AIXBTUSDT": 133968678.76072, "DOGSUSDT": 44149092.8723927, "EOSUSDT": 83237525.8831, "1000BONKUSDT": 169347043.279836, "APEUSDT": 72468926.7686, "STGUSDT": 12249638.3084, "IOTAUSDT": 33490659.29395, "CHZUSDT": 29341860.35363, "VELODROMEUSDT": 6988548.84081, "COMPUSDT": 19395449.28747, "1000XUSDT": 8361116.81441, "ONTUSDT": 11769927.51003, "ARKMUSDT": 53767885.1045, "SYNUSDT": 7107531.7307, "FIOUSDT": 6042092.96862, "BNTUSDT": 3081139.66956, "CYBERUSDT": 6752870.9433, "MEMEUSDT": 27145482.046293, "ETHUSDT_250328": 15701654.53138, "SOLUSDT": 2827113414.112, "GLMUSDT": 10664391.67879, "POLUSDT": 33117159.49912, "EIGENUSDT": 99390259.74112, "APTUSDT": 141854584.32452, "IOTXUSDT": 9032271.46999, "ETCUSDT": 99921902.00308, "LITUSDT": 7483970.8075, "DEGENUSDT": 19832095.34181, "LOKAUSDT": 3739740.9745, "XVGUSDT": 16720564.8540661, "MOCAUSDT": 31240441.4683, "ENAUSDT": 396784486.3067, "POWRUSDT": 10603442.096, "ARPAUSDT": 6209309.07887, "XRPUSDT": 2563915504.00136, "SPELLUSDT": 11139814.59272, "BRETTUSDT": 21489613.98683, "ALTUSDT": 16672385.62626, "PENGUUSDT": 198709762.795159, "SEIUSDT": 77276416.0413, "BERAUSDT": 215437743.2225, "ACHUSDT": 10668918.73769, "TSTUSDT": 279416717.786, "BNXUSDT": 8696835.52014, "ETHUSDT_250627": 7667737.01242, "MYROUSDT": 10056449.05098, "OXTUSDT": 4869066.48127, "ZKUSDT": 28066949.17872, "BIOUSDT": 40954115.1749, "MOVEUSDT": 141036522.6136, "AGLDUSDT": 28186838.0249, "VVVUSDT": 158903370.82649, "KMNOUSDT": 5583846.58852, "MAVUSDT": 5620428.01072, "PHAUSDT": 19071259.43595, "DASHUSDT": 11671583.85058, "VANRYUSDT": 11628726.95912, "DIAUSDT": 4835133.9417, "AEROUSDT": 12371224.1484, "RAYSOLUSDT": 19210488.13741, "VETUSDT": 43924451.703993, "SKLUSDT": 9075069.821, "IPUSDT": 200225496.689716, "BICOUSDT": 5903224.4319, "BTCUSDT_250328": 31616576.8423, "PERPUSDT": 4613654.75937, "BATUSDT": 13737327.61978, "KAVAUSDT": 14914538.49338, "ADAUSDT": 609784419.4032, "UXLINKUSDT": 45083038.1953, "RSRUSDT": 24481199.068285, "QTUMUSDT": 11529344.7375, "CFXUSDT": 28261181.30463, "RDNTUSDT": 8023266.19583, "BIGTIMEUSDT": 23347195.5603, "ACXUSDT": 9513127.33225, "KNCUSDT": 6525757.3337, "PONKEUSDT": 10826395.24318, "BCHUSDT": 108584545.64614, "OMGUSDT": 2637573.18044, "METISUSDT": 6301909.0716, "USDCUSDT": 5659586.052464, "DUSKUSDT": 6180176.02982, "CETUSUSDT": 21958969.99319, "FLMUSDT": 8217880.484, "OMNIUSDT": 12710509.29056, "FLUXUSDT": 4936009.0415, "QNTUSDT": 13495964.425, "ACTUSDT": 204054943.58027, "ONDOUSDT": 202283203.58515, "JOEUSDT": 5099863.85966, "ETHUSDT": 8891252694.05344, "BTCDOMUSDT": 9253030.0017, "FETUSDT": 122958130.2882, "THEUSDT": 56854086.39119, "FXSUSDT": 8181763.33547, "VINEUSDT": 197051356.04546, "1000CATUSDT": 32144664.91474, "MAGICUSDT": 9798754.86076, "1000000MOGUSDT": 22916621.14042, "1MBABYDOGEUSDT": 60934249.5759945, "SLERFUSDT": 5199111.4236, "LDOUSDT": 96726795.2604, "SOLVUSDT": 57835836.0742, "NEARUSDT": 129552255.836, "BEAMXUSDT": 15498464.687497, "1000LUNCUSDT": 23547154.69258, "ORDIUSDT": 122001745.954, "WIFUSDT": 462072842.32169, "ICXUSDT": 8689908.45, "STRKUSDT": 27009749.27677, "IMXUSDT": 16301773.6401, "SUNUSDT": 7390274.636211, "UNIUSDT": 143085007.488, "TOKENUSDT": 8676515.31842, "ONGUSDT": 5908310.50688, "HMSTRUSDT": 18613892.101382, "AUCTIONUSDT": 14168808.99697, "LRCUSDT": 7541858.00502, "OMUSDT": 82992468.036708, "ETHFIUSDT": 72305032.45878, "TUSDT": 5968890.72628, "TAOUSDT": 125887200.56285, "GTCUSDT": 8429251.3114, "ZENUSDT": 44599177.0438, "NEIROUSDT": 277749764.2981654, "HFTUSDT": 4537897.90863, "TIAUSDT": 134095620.9533, "SSVUSDT": 19246448.08246, "NKNUSDT": 4082858.41894, "FLOWUSDT": 26342128.4026, "1000SHIBUSDT": 223525461.945987, "ACEUSDT": 7361564.005828, "YGGUSDT": 9819325.4875, "EDUUSDT": 6257681.1394, "OPUSDT": 107801592.21962, "CHESSUSDT": 5652753.9565, "TRBUSDT": 34359786.6503, "LSKUSDT": 5886126.7123, "SANTOSUSDT": 5554422.9071, "ARBUSDT": 131153323.60995, "GRTUSDT": 26467108.97661, "PIXELUSDT": 15585281.41022, "COMBOUSDT": 3787486.96336, "VOXELUSDT": 5530882.769, "1000SATSUSDT": 76855363.625146, "CHILLGUYUSDT": 62013532.1607, "SCRTUSDT": 5454592.8822, "BLURUSDT": 15865747.5515, "AEVOUSDT": 16026949.26353, "USTCUSDT": 8916879.538392, "LUNA2USDT": 18153679.8369, "TNSRUSDT": 12677546.74121, "AXLUSDT": 9586057.47123, "VIDTUSDT": 8254203.53845, "SPXUSDT": 36944866.331, "HIVEUSDT": 30216210.55798, "BADGERUSDT": 6947204.2965, "LAYERUSDT": 102025879.31446, "TRXUSDT": 129812108.96767, "GRASSUSDT": 31242510.62799, "SHELLUSDT": 32785972.691, "VANAUSDT": 49627295.91916, "LISTAUSDT": 12087489.8251, "LINAUSDT": 8671945.70316, "ARUSDT": 38686043.1282, "JASMYUSDT": 47378695.575924, "XMRUSDT": 21833263.12195, "AERGOUSDT": 10827572.6785, "YFIUSDT": 13233237.255, "NEIROETHUSDT": 25821162.83902, "KSMUSDT": 13239460.4426, "ALICEUSDT": 10072868.717, "BANUSDT": 76977846.176, "1000PEPEUSDT": 1043298937.7871416, "PENDLEUSDT": 51080946.9966, "ALPHAUSDT": 6941675.35208, "FILUSDT": 164653189.6952, "SWELLUSDT": 8401772.242, "LQTYUSDT": 9856519.50272, "REZUSDT": 9468017.71228, "CELRUSDT": 8677829.73611, "ICPUSDT": 42223606.617, "BANANAUSDT": 13823430.4138, "HEIUSDT": 79296260.57019, "NULSUSDT": 3632846.9033, "HIGHUSDT": 7661987.12249, "SFPUSDT": 5074937.7358, "LUMIAUSDT": 11159064.3404, "THETAUSDT": 38865961.30692, "ZILUSDT": 12141059.52766, "RUNEUSDT": 70651026.593, "USUALUSDT": 148414905.9966, "RIFUSDT": 3921260.41999, "KDAUSDT": 11774912.0843, "XTZUSDT": 28157966.571, "MORPHOUSDT": 53688336.33803, "CELOUSDT": 14257214.6806, "KASUSDT": 22791643.7735, "MINAUSDT": 12517309.0841, "AXSUSDT": 30508501.211, "COOKIEUSDT": 35069653.9462, "LPTUSDT": 17364665.9208, "RVNUSDT": 5832550.15627, "BELUSDT": 8070635.8747, "AVAUSDT": 11619858.39842, "DODOXUSDT": 4842893.397874, "ARCUSDT": 174530816.31839, "HBARUSDT": 228645280.87527, "DOTUSDT": 181211470.8794, "PROMUSDT": 6913156.4877, "JUPUSDT": 71992836.029, "GMXUSDT": 9084407.00468, "CKBUSDT": 12152880.711999, "OGNUSDT": 8580668.4364, "SWARMSUSDT": 170711845.3866, "PEOPLEUSDT": 53293173.14171, "CATIUSDT": 13088764.7633, "BBUSDT": 20692235.4101, "GRIFFAINUSDT": 93755968.95255, "AMBUSDT": 4886154.169622, "NEOUSDT": 23983024.75559, "REIUSDT": 3157087.38242, "SUPERUSDT": 14006493.981, "GUSDT": 7015561.39477, "MASKUSDT": 24050428.21, "PORTALUSDT": 10967881.70768, "ASTRUSDT": 9212214.606889, "DYMUSDT": 10730118.58586, "CHRUSDT": 9626515.4512, "SXPUSDT": 17960872.14767, "1INCHUSDT": 14032059.6485, "BTCUSDT": 14974331187.2319, "B3USDT": 43822602.49466, "BNBUSDT": 532230502.9563, "TROYUSDT": 24306978.673402, "NFPUSDT": 8919124.76218, "FARTCOINUSDT": 296891141.71383, "TURBOUSDT": 68104648.2618585, "ZROUSDT": 35727850.22104, "MEUSDT": 48150604.4135, "ETHWUSDT": 5070814.9648, "POPCATUSDT": 150069186.6561, "IOSTUSDT": 7472034.610821, "SUIUSDT": 812893196.82442, "ENSUSDT": 80198270.2554, "HIPPOUSDT": 18708571.77315, "PIPPINUSDT": 43391224.01289, "IOUSDT": 55688847.78021, "TONUSDT": 56480091.0713, "GOATUSDT": 127780383.7363, "SCRUSDT": 21715084.5635,