{"DEFIUSDT": 2510434.5, "1000XUSDT": 7703061.48846, "GTCUSDT": 8174975.2106, "CHZUSDT": 25542600.78948, "SONICUSDT": 18540811.38281, "TAOUSDT": 129087964.36146, "ZROUSDT": 33671031.21257, "KASUSDT": 20757085.9846, "BNBUSDT": 518266225.2649, "1000BONKUSDT": 155704407.157476, "ZILUSDT": 11556719.45057, "SYSUSDT": 3090092.5574, "GLMUSDT": 10975118.77713, "CRVUSDT": 155631334.9146, "SOLVUSDT": 56837032.6621, "HMSTRUSDT": 15470715.389013, "BSWUSDT": 4511427.92343, "SUIUSDT": 774572841.73311, "MOODENGUSDT": 76147735.3075, "MTLUSDT": 7282913.2523, "GMTUSDT": 46509011.78005, "SYNUSDT": 6662228.5246, "IMXUSDT": 15625898.8294, "ARBUSDT": 115801286.14996, "HIGHUSDT": 7081178.40005, "MAGICUSDT": 8743771.03366, "GALAUSDT": 122643283.13025, "AXLUSDT": 9521927.63183, "ZETAUSDT": 7353667.0006, "LDOUSDT": 98251495.6495, "CELOUSDT": 12925409.983, "SANDUSDT": 78478869.33696, "B3USDT": 38148726.72523, "VANAUSDT": 35992655.96775, "TUSDT": 4677854.90784, "DOTUSDT": 169075136.2109, "BIOUSDT": 39672449.5431, "HFTUSDT": 4176572.91887, "WIFUSDT": 426270235.36057, "ARPAUSDT": 6176019.89296, "DEXEUSDT": 26434398.92212, "1000000MOGUSDT": 20556366.62206, "ACHUSDT": 10798972.020265, "HOOKUSDT": 6260787.62468, "IPUSDT": 305249320.313104, "1000RATSUSDT": 20619178.20458, "DEGOUSDT": 3404962.08705, "SAGAUSDT": 27507759.88211, "AEROUSDT": 10773006.27689, "BTCDOMUSDT": 8794342.9595, "SWARMSUSDT": 161702198.2423, "ACXUSDT": 7880746.10681, "KAIAUSDT": 8434954.8834, "CGPTUSDT": 23625807.67188, "USDCUSDT": 5144499.512828, "BSVUSDT": 5290528.823, "AUCTIONUSDT": 14187104.86114, "SXPUSDT": 16639792.15914, "DYMUSDT": 9937517.7936, "ONDOUSDT": 193649149.79887, "RIFUSDT": 3819990.64217, "LTCUSDT": 312387292.08245, "LEVERUSDT": 6713535.1184876, "SUPERUSDT": 13030455.5355, "PYTHUSDT": 24821264.07498, "ZRXUSDT": 15797006.82495, "NEOUSDT": 21226391.20593, "QNTUSDT": 12791757.427, "VINEUSDT": 175148439.51111, "GASUSDT": 9053679.7042, "TROYUSDT": 19059177.174519, "POLUSDT": 31733673.00083, "INJUSDT": 79246643.4047, "BLURUSDT": 15450116.77376, "PENGUUSDT": 188430825.573532, "ARKUSDT": 9553744.0658, "1000CHEEMSUSDT": 21654201.9023094, "PIPPINUSDT": 32191345.58859, "COMPUSDT": 19300756.8207, "1000PEPEUSDT": 966918267.3293494, "BIGTIMEUSDT": 23043618.80465, "TRUMPUSDT": 1069341767.10869, "GPSUSDT": 16512790.7279, "HOTUSDT": 9857011.43004, "CKBUSDT": 10212164.604976, "BICOUSDT": 5194833.0587, "SHELLUSDT": 30648794.1046, "1000SHIBUSDT": 199590357.136297, "PHBUSDT": 9247812.4709, "ALPACAUSDT": 4576594.20651, "BNXUSDT": 8696835.52014, "ENSUSDT": 75354220.3388, "MAVUSDT": 5201083.93427, "GUSDT": 6495311.56903, "1000WHYUSDT": 7589407.7664724, "PIXELUSDT": 14834450.01274, "SANTOSUSDT": 4573896.8722, "MELANIAUSDT": 47988713.33957, "THEUSDT": 51463049.52626, "XLMUSDT": 178513990.3706, "PHAUSDT": 15252882.05332, "VANRYUSDT": 11456546.2625, "ETHWUSDT": 4806002.2452, "SOLUSDT": 2710200220.524, "ALPHAUSDT": 6716307.8238, "PONKEUSDT": 10812554.94687, "IOSTUSDT": 6798902.224301, "TRXUSDT": 123271894.26509, "SPXUSDT": 34531023.181, "TONUSDT": 54499117.91469, "NEIROETHUSDT": 20931069.08416, "PROMUSDT": 5772351.7441, "STRKUSDT": 26225041.96651, "TURBOUSDT": 66837860.9928842, "CHESSUSDT": 5136250.2987, "EDUUSDT": 5543213.9969, "XTZUSDT": 26515925.5514, "HEIUSDT": 45300600.53885, "AXSUSDT": 27424045.503, "KSMUSDT": 11543367.476, "1000LUNCUSDT": 21755584.15131, "IOUSDT": 52378258.7857, "ZKUSDT": 25567427.98519, "JOEUSDT": 5025664.01054, "MINAUSDT": 12009393.6157, "APEUSDT": 64252461.2473, "STGUSDT": 11270973.2301, "1INCHUSDT": 12592228.751, "FIDAUSDT": 11953880.5829, "CYBERUSDT": 6516041.3517, "EGLDUSDT": 13827326.9061, "APTUSDT": 138948507.23389, "TWTUSDT": 6572878.7062, "WAXPUSDT": 4975246.78675, "MANAUSDT": 27128495.9116, "FXSUSDT": 6883320.82575, "ARKMUSDT": 49399775.7182, "VIDTUSDT": 7760744.37672, "VOXELUSDT": 5387001.1228, "RUNEUSDT": 69960750.961, "BTCUSDT_250328": 30289900.2715, "GOATUSDT": 115655551.8207, "OPUSDT": 101347067.55548, "FARTCOINUSDT": 291767296.22359, "USTCUSDT": 8190575.717935, "SKLUSDT": 8609230.42724, "HIPPOUSDT": 15191827.6545, "API3USDT": 7048223.42415, "ETHUSDT_250328": 15384671.04532, "AERGOUSDT": 9840854.316, "SNXUSDT": 17622564.6504, "CAKEUSDT": 20064334.0804, "TOKENUSDT": 7147291.32458, "ADAUSDT": 560707101.8343, "XMRUSDT": 21833263.12195, "UXLINKUSDT": 39879976.4996, "ACEUSDT": 6578228.179289, "POWRUSDT": 10046739.5183, "NKNUSDT": 3671341.86542, "MOVRUSDT": 6513988.33623, "DUSDT": 11948427.48104, "BADGERUSDT": 6661252.6831, "LINAUSDT": 8102269.48412, "ETHUSDT": 8679677888.80398, "STMXUSDT": 12423084.12493, "MKRUSDT": 37654284.1641, "LSKUSDT": 5233751.7849, "IDUSDT": 10291706.56018, "ONTUSDT": 11366735.38421, "GRIFFAINUSDT": 93755968.95255, "PEOPLEUSDT": 50669554.88488, "XAIUSDT": 17389463.43925, "SCRTUSDT": 4732251.8375, "VVVUSDT": 95473740.18476, "SCRUSDT": 18465598.4075, "ETHUSDT_250627": 7524704.21821, "OGNUSDT": 7864846.988, "POLYXUSDT": 11431939.0542, "MEWUSDT": 15925557.528594, "LQTYUSDT": 9132904.46945, "CHRUSDT": 8714626.4246, "VETUSDT": 42791498.531003, "MORPHOUSDT": 51878052.53131, "WUSDT": 25589087.002407, "KDAUSDT": 10735061.8898, "MASKUSDT": 23094466.601, "PORTALUSDT": 10140096.49582, "ALTUSDT": 15460428.64536, "DODOXUSDT": 4558936.29232, "GMXUSDT": 8466306.47083, "MYROUSDT": 9286581.31678, "ZENUSDT": 44955409.6348, "CHILLGUYUSDT": 59601652.8272, "AIXBTUSDT": 123423555.9214, "OMGUSDT": 2212839.63438, "STORJUSDT": 11924335.2074, "KMNOUSDT": 5560494.0588, "SSVUSDT": 18192228.31041, "BNTUSDT": 2964252.23136, "PNUTUSDT": 359084941.35776, "ZECUSDT": 12599894.91056, "OXTUSDT": 4606586.53726, "ILVUSDT": 6181416.0374, "AVAAIUSDT": 38980566.78633, "TSTUSDT": 294160615.3639, "ORCAUSDT": 9547045.8503, "VELODROMEUSDT": 5848351.0408, "ASTRUSDT": 8436096.274642, "JASMYUSDT": 43867717.015409, "NEIROUSDT": 259813376.2827808, "RPLUSDT": 4523749.3089, "EOSUSDT": 77297861.8086, "QTUMUSDT": 11192753.1102, "YFIUSDT": 11802922.175, "METISUSDT": 5859033.9041, "BANANAUSDT": 12469057.3347, "KNCUSDT": 5958426.0744, "BBUSDT": 18932260.38652, "MANTAUSDT": 14154926.96956, "LUMIAUSDT": 11095250.438, "KOMAUSDT": 10135155.11389, "AEVOUSDT": 14219975.21707, "IOTXUSDT": 8742791.55808, "ETCUSDT": 96334270.98496, "DEGENUSDT": 19092059.255768, "RSRUSDT": 24481199.068285, "RLCUSDT": 5877289.84712, "FLOWUSDT": 23978014.762, "YGGUSDT": 9023771.7813, "BATUSDT": 11984209.39252, "CELRUSDT": 7811971.96521, "MOCAUSDT": 25953806.5566, "RAREUSDT": 6866092.67003, "KAVAUSDT": 14518832.07955, "NFPUSDT": 8355741.97401, "HIVEUSDT": 24972019.91267, "CTSIUSDT": 5653035.9498, "DIAUSDT": 4099608.5222, "ROSEUSDT": 13406533.84644, "WOOUSDT": 7776542.46291, "UNIUSDT": 135139837.446, "LINKUSDT": 370300828.88321, "XRPUSDT": 2270412411.02626, "DRIFTUSDT": 16480712.6066, "NULSUSDT": 3033027.6409, "DASHUSDT": 11287448.77056, "1000CATUSDT": 29834147.18971, "LRCUSDT": 7351205.30013, "EIGENUSDT": 99798288.92315, "OMNIUSDT": 11271831.43454, "XVSUSDT": 7304691.6913, "PERPUSDT": 4402736.79864, "BELUSDT": 8070635.8747, "TRUUSDT": 8335670.84491, "SUNUSDT": 6790420.804106, "FILUSDT": 149539852.6963, "C98USDT": 9358275.4715, "1MBABYDOGEUSDT": 55174513.0103272, "1000XECUSDT": 6339556.45606, "ALCHUSDT": 37247237.67407, "JUPUSDT": 71834881.5037, "ONEUSDT": 16116454.52191, "ACTUSDT": 177662715.44744, "ICPUSDT": 37399056.021, "VIRTUALUSDT": 153073852.8839, "USUALUSDT": 128239368.6829, "DENTUSDT": 6962742.626411, "BAKEUSDT": 11903357.0084, "XVGUSDT": 16115241.912466, "ORDIUSDT": 122001745.954, "LISTAUSDT": 12087489.8251, "COWUSDT": 36503674.1674, "STEEMUSDT": 8264933.40516, "DOGEUSDT": 1447537738.02187, "ATAUSDT": 8254605.6224, "BTCUSDT_250627": 14617302.6023, "ENJUSDT": 9517028.39991, "FLMUSDT": 7716716.4214, "SEIUSDT": 77255170.1766, "CFXUSDT": 25830987.75561, "DUSKUSDT": 5982431.98031, "ANIMEUSDT": 49530334.6222, "NMRUSDT": 6226390.7752, "DYDXUSDT": 55203942.8758, "RVNUSDT": 5484246.31057, "COOKIEUSDT": 35069653.9462, "MEUSDT": 46825411.9273, "PENDLEUSDT": 47953154.738, "BERAUSDT": 227533220.407, "AVAXUSDT": 256062306.237, "BEAMXUSDT": 15363397.499223,