{"CFXUSDT": 21031637.6971, "IPUSDT": 200225496.689716, "VVVUSDT": 27688308.06895, "FETUSDT": 90577618.4989, "VIRTUALUSDT": 111614621.65182, "INJUSDT": 71853312.6925, "1000XECUSDT": 4489875.86347, "USUALUSDT": 63377683.835, "MEMEUSDT": 23627931.985326, "SOLUSDT": 2763083900.393, "BCHUSDT": 93551545.72838, "GLMUSDT": 10905927.73334, "ZEREBROUSDT": 37985132.7205, "DASHUSDT": 6843590.11248, "SSVUSDT": 15173172.80891, "HBARUSDT": 189494559.37972, "QNTUSDT": 10989623.091, "GMTUSDT": 40570325.60597, "SYNUSDT": 4657736.0286, "KSMUSDT": 7976989.6009, "CATIUSDT": 10292741.6827, "MOCAUSDT": 14370028.5571, "STGUSDT": 7187266.3609, "IOUSDT": 38992240.66552, "1INCHUSDT": 10934157.4449, "ANKRUSDT": 5133687.67249, "DIAUSDT": 2941362.2879, "MKRUSDT": 35651085.1139, "BMTUSDT": 220425119.9429, "ETHWUSDT": 4091696.2936, "RVNUSDT": 4351604.94859, "WOOUSDT": 6194558.39958, "XVGUSDT": 10004665.1763994, "BERAUSDT": 145788447.0437, "NTRNUSDT": 2716963.3672, "NEIROETHUSDT": 18298385.57368, "KAVAUSDT": 12846754.78796, "SLERFUSDT": 3996761.8613, "APEUSDT": 53343503.8506, "QTUMUSDT": 9895367.1132, "DEXEUSDT": 16136527.28436, "RAREUSDT": 5925912.59954, "B3USDT": 20078593.65634, "BTCUSDT_250328": 31248471.197, "XAIUSDT": 12295341.76636, "LEVERUSDT": 5254118.427616, "MORPHOUSDT": 26807009.07856, "IMXUSDT": 13240381.1894, "BANANAUSDT": 11455344.7799, "AMBUSDT": 2867610.885441, "GTCUSDT": 5556558.3541, "ZECUSDT": 8318260.31444, "DYMUSDT": 8588042.31597, "VTHOUSDT": 10871383.464594, "MUBARAKUSDT": 694134426.1068, "ACTUSDT": 107941274.85029, "ZROUSDT": 25870041.81924, "SPXUSDT": 33943214.0071, "BATUSDT": 9119881.00385, "MEUSDT": 35741869.9228, "MASKUSDT": 19132292.4497, "EOSUSDT": 65329877.7818, "LQTYUSDT": 7815514.05344, "SAFEUSDT": 4457413.9716, "SUIUSDT": 696385175.68704, "SXPUSDT": 10287046.71818, "1000XUSDT": 4472404.12009, "1000BONKUSDT": 90274969.720433, "RSRUSDT": 20615300.498668, "ALPACAUSDT": 4351789.6366, "AIUSDT": 15341172.31994, "AVAAIUSDT": 35002842.05661, "TNSRUSDT": 10538572.05451, "CHESSUSDT": 4054915.449, "DYDXUSDT": 46242567.0262, "AIXBTUSDT": 83976308.84617, "GALAUSDT": 104311356.08879, "CHILLGUYUSDT": 40764518.8534, "UXLINKUSDT": 37298811.4378, "FIDAUSDT": 9562923.95352, "PNUTUSDT": 319693465.1066, "BTCUSDT_250627": 17760108.6002, "LDOUSDT": 92135407.7915, "YGGUSDT": 6755174.2736, "AUCTIONUSDT": 16927211.7188, "METISUSDT": 4873567.3354, "AXLUSDT": 8056722.02298, "PHAUSDT": 7509519.29343, "TRUMPUSDT": 832579418.30841, "ONDOUSDT": 214611096.18778, "AI16ZUSDT": 137671179.52379, "COMPUSDT": 16095676.01042, "EGLDUSDT": 11934209.366, "OMNIUSDT": 9122410.91644, "DOTUSDT": 142203077.9117, "CELOUSDT": 10196898.2356, "STRKUSDT": 21929491.21349, "IOSTUSDT": 5549813.465196, "DUSKUSDT": 4431746.82483, "HFTUSDT": 3865521.11638, "LUNA2USDT": 12104579.0771, "XVSUSDT": 6461299.0778, "GRASSUSDT": 24713156.70479, "BADGERUSDT": 5417486.1497, "IDUSDT": 9144321.64938, "TLMUSDT": 3960210.805321, "JUPUSDT": 60925272.5799, "DUSDT": 8413288.77086, "MANTAUSDT": 12701342.06429, "VELODROMEUSDT": 5848351.0408, "MBOXUSDT": 5790983.1133, "NMRUSDT": 5291066.0333, "BBUSDT": 11780139.51862, "KAITOUSDT": 315818333.45515, "CYBERUSDT": 5571253.1722, "BICOUSDT": 3499446.4982, "RPLUSDT": 3945814.7885, "1MBABYDOGEUSDT": 34745743.6108856, "RDNTUSDT": 5822280.45834, "GRTUSDT": 21634246.4971, "COOKIEUSDT": 28425311.4965, "MTLUSDT": 4379794.0773, "PEOPLEUSDT": 42465827.72829, "1000000MOGUSDT": 14857515.069, "TOKENUSDT": 3803203.43557, "NFPUSDT": 6243366.82884, "RAYSOLUSDT": 20467159.0138, "AAVEUSDT": 237969508.601, "1000PEPEUSDT": 790506301.769567, "ACXUSDT": 5610171.93514, "FLMUSDT": 6592666.7566, "REZUSDT": 9174060.6442, "ICPUSDT": 30399196.013, "LRCUSDT": 6658894.42116, "OMUSDT": 69637278.197907, "SEIUSDT": 62881311.9816, "DOGEUSDT": 1185342640.80352, "ETHUSDT": 8171948114.91113, "RUNEUSDT": 64641210.679, "XRPUSDT": 2019337508.07698, "IOTXUSDT": 6880683.98959, "ADAUSDT": 503932376.2488, "HIGHUSDT": 5739963.33943, "BNXUSDT": 8539289.40834, "POWRUSDT": 6009981.8607, "SHELLUSDT": 71227923.5158, "ETCUSDT": 83645733.10452, "MAVUSDT": 4599185.12751, "SFPUSDT": 3724046.9079, "DOGSUSDT": 35612711.641819, "ALGOUSDT": 66895341.00811, "THETAUSDT": 23520710.28228, "ARBUSDT": 96311630.87844, "MANAUSDT": 20265040.8937, "KAIAUSDT": 6868112.4459, "CGPTUSDT": 17869668.03804, "STEEMUSDT": 6544817.78056, "REDUSDT": 183867060.5597, "TURBOUSDT": 43212383.5593724, "RLCUSDT": 5603560.58792, "HIPPOUSDT": 7898874.84267, "DEGOUSDT": 3991959.86197, "POPCATUSDT": 111626281.6434, "SWARMSUSDT": 121774862.5029, "1000RATSUSDT": 16892191.45097, "COWUSDT": 27654898.6718, "UNIUSDT": 100174164.099, "GRIFFAINUSDT": 83483222.07084, "BALUSDT": 3334773.5926, "ZKUSDT": 19004689.60174, "ETHUSDT_250328": 15077628.5207, "COMBOUSDT": 2669792.40972, "FILUSDT": 126232750.8142, "SAGAUSDT": 21616339.4135, "BIOUSDT": 30258620.6436, "DRIFTUSDT": 10325681.4327, "EPICUSDT": 44168807.74062, "VANRYUSDT": 10608511.41144, "XMRUSDT": 19943215.64047, "BRETTUSDT": 15032087.48413, "POLUSDT": 24387579.92836, "TUSDT": 3868596.27593, "TIAUSDT": 115726067.6936, "LUMIAUSDT": 10676540.4502, "DODOXUSDT": 3393564.137477, "WIFUSDT": 353944401.79977, "ZILUSDT": 9542095.31942, "TSTUSDT": 117582237.7939, "ENJUSDT": 7420560.01054, "PORTALUSDT": 7209504.6549, "1000LUNCUSDT": 15133446.34867, "MOVRUSDT": 4903813.36189, "TRXUSDT": 122584392.52376, "UMAUSDT": 5928296.042, "EDUUSDT": 4683915.0922, "HOTUSDT": 7549946.688635, "HEIUSDT": 17185008.24634, "NOTUSDT": 44357210.939594, "1000SHIBUSDT": 151034230.983788, "ARUSDT": 33601818.2447, "VICUSDT": 28955385.3288, "PERPUSDT": 3320824.61278, "NEOUSDT": 16160748.33843, "KASUSDT": 18739432.04996, "STORJUSDT": 8653755.1395, "SCRUSDT": 11116006.6513, "BANDUSDT": 4882841.8408, "VINEUSDT": 102955724.55676, "CETUSUSDT": 14981190.41893, "MELANIAUSDT": 44038766.45746, "TWTUSDT": 5446889.6978, "MOODENGUSDT": 44277455.17448, "LINKUSDT": 370300828.88321, "ACHUSDT": 12432902.860802, "LTCUSDT": 313580557.78396, "WUSDT": 18661389.439705, "GUSDT": 5058027.58156, "SANDUSDT": 59777855.78694, "RONINUSDT": 5869121.46611, "AEROUSDT": 8479734.73983, "ZETAUSDT": 5733038.4575, "OGNUSDT": 5638330.6133, "EIGENUSDT": 85119120.51608, "BANUSDT": 42066642.1727, "ALCHUSDT": 42713704.12727, "XTZUSDT": 15489697.5015, "API3USDT": 5081348.43083, "MOVEUSDT": 92024685.7883, "AVAXUSDT": 239620251.913, "MINAUSDT": 8930794.9325, "KDAUSDT": 6495819.6862, "ALICEUSDT": 7731957.2902, "DENTUSDT": 5310907.72254, "ATAUSDT": 5958022.3644, "AEVOUSDT": 12313881.86752, "CRVUSDT": 125260489.9715, "GMXUSDT": 7043215.12593, "LAYERUSDT": 102025879.31446, "RIFUSDT": 3326966.35081, "ENAUSDT": 396784486.3067, "POLYXUSDT": 6365585.80147, "FIOUSDT": 3750984.76187, "VIDTUSDT": 5553435.2024, "ONEUSDT": 12647764.65047, "TRUUSDT": 6918830.57238, "WLDUSDT": 221731799.645, "APTUSDT": 131503808.27846, "NEIROUSDT": 217199206.5784119, "ROSEUSDT": 10689481.44899, "WAXPUSDT": 3463357.078, "PIPPINUSDT": 25810957.60571, "GASUSDT": 6327824.204, "NEARUSDT": 115421833.173, "HOOKUSDT": 4549587.99074, "TONUSDT": 50766059.51307, "ZENUSDT": 41957901.0526, "KMNOUSDT": 4777374.44659, "ACEUSDT": 5079539.708047, "TRBUSDT": 30487825.5843, "LINAUSDT": 7123581.29049, "STXUSDT": 30864962.2659, "SCRTUSDT": 3391225.4097, "LPTUSDT": 12992795.2872, "BNBUSDT": 468659968.2891, "JOEUSDT": 4076916.24897, "PROMUSDT": 5566481.9426, "JTOUSDT": 37758552.867, "AVAUSDT": 10371028.61072, "SKLUSDT": 7325788.52696, "DFUSDT": 10637907.15079, "BIGTIMEUSDT": 14448614.81762, "RENDERUSDT": 43206849.1269, "ARKUSDT": 8090280.3418, "BAKEUSDT": 10527588.4192, "SUSDT": 49688349.675, "ZRXUSDT": 8981599.34775, "SOLVUSDT": 54841068.7051, "ARKMUSDT": 40165550.1873, "SUSHIUSDT": 22779163.8181, "SONICUSDT": 15144917.2862, "BNTUSDT": 2898357.52509, "CAKEUSDT": 21384507.682, "BEAMXUSDT": 12095187.511803, "COTIUSDT": 9751178.84464, "USDCUSDT": 4115513.070373, "THEUSDT": 38665014.33849, "VOXELUSDT": 4446304.0865, "BLURUSDT": 12750462.62487, "MAGICUSDT": 7092878.36061, "ATOMUSDT": 55119700.24905, "SYSUSDT": 2914202.08802, "HIFIUSDT": 3780691.919,