{"INITUSDT": 65931968.9614, "PENDLEUSDT": 34831742.3793, "SPELLUSDT": 4760132.0743403, "DEGOUSDT": 3400294.32584, "AAVEUSDT": 158160415.5, "RLCUSDT": 2376050.69311, "EIGENUSDT": 28320486.76494, "ZROUSDT": 23730319.4982, "ATHUSDT": 6527440.32006, "IOTXUSDT": 4684969.19857, "NEIROETHUSDT": 14091593.30701, "CVCUSDT": 4433514.88134, "TUSDT": 3521602.86381, "SIGNUSDT": 12962809.8654, "DOGEUSDT": 750609163.66539, "VOXELUSDT": 5837995.46273, "QTUMUSDT": 4964876.9702, "SOONUSDT": 26468429.69277, "DYDXUSDT": 21424919.3361, "HOOKUSDT": 3154303.305, "ARUSDT": 14795260.4827, "PEOPLEUSDT": 26892564.68598, "LRCUSDT": 3575065.10464, "FLMUSDT": 9514348.245, "FUSDT": 17284154.216635, "VIRTUALUSDT": 58268544.78671, "AXSUSDT": 11198388.793, "PROMPTUSDT": 9938792.2744, "SUPERUSDT": 7136076.6589, "RESOLVUSDT": 130332531.75389, "ENSUSDT": 25260683.9508, "NXPCUSDT": 118604872.26109, "BABYUSDT": 18268398.34429, "ARCUSDT": 32293742.90637, "COTIUSDT": 6967367.21685, "QNTUSDT": 5499348.602, "GMTUSDT": 14880512.07769, "OGNUSDT": 2626625.8699, "SKYAIUSDT": 6758819.94084, "CHZUSDT": 9331240.1416, "SNXUSDT": 7498971.3179, "1000WHYUSDT": 2131461.8861411, "1INCHUSDT": 5841475.2222, "PUMPBTCUSDT": 8337218.42227, "CHESSUSDT": 2805956.27925, "REZUSDT": 13594670.31749, "TAOUSDT": 95787139.17082, "ANIMEUSDT": 16871386.59125, "POLUSDT": 19140079.52001, "MEMEUSDT": 13051661.289583, "ETHFIUSDT": 23579151.48927, "CETUSUSDT": 7664265.12275, "BANUSDT": 2851874.53844, "NFPUSDT": 3743239.8019, "BIOUSDT": 12800230.7828, "HOTUSDT": 3287801.476809, "RUNEUSDT": 17792171.019, "SIRENUSDT": 5211894.81838, "NEWTUSDT": 51881657.057, "AERGOUSDT": 13907599.49235, "API3USDT": 10220406.51333, "VETUSDT": 15509203.704808, "AVAAIUSDT": 15558531.47677, "1000SHIBUSDT": 91343288.551286, "ORDIUSDT": 53073258.0752, "UNIUSDT": 72663840.035, "LUNA2USDT": 4613841.5407, "COOKIEUSDT": 12082755.3336, "MINAUSDT": 5585193.97, "TONUSDT": 52367890.82173, "RSRUSDT": 10047001.179862, "IOUSDT": 12295858.65695, "APEUSDT": 20288937.3706, "BRUSDT": 3640854.6133, "ALTUSDT": 5577115.96926, "BROCCOLIF3BUSDT": 13487568.302007, "PNUTUSDT": 103471928.3925, "ZRXUSDT": 5196109.36225, "SUSDT": 45336443.011, "PLUMEUSDT": 5216444.9595, "JUPUSDT": 39375837.3577, "PIPPINUSDT": 7181565.21876, "MTLUSDT": 2013429.0107, "DOGSUSDT": 14547588.3156473, "1000XUSDT": 3459452.8452, "TRUMPUSDT": 314151975.65163, "KMNOUSDT": 2551940.53936, "WCTUSDT": 74476631.0907, "GRTUSDT": 12315556.43254, "SOPHUSDT": 66029849.851807, "KNCUSDT": 2535677.6649, "PORTALUSDT": 5584955.7314, "KAIAUSDT": 2946024.3428, "IMXUSDT": 12457069.998, "SUSHIUSDT": 11953535.6547, "ALCHUSDT": 25581463.21826, "SOLUSDT": 2623667285.699, "THETAUSDT": 13987305.71887, "USDCUSDT": 2677566.35903, "OGUSDT": 2721593.5802, "GLMUSDT": 4123118.01801, "SANDUSDT": 25559068.72485, "MAGICUSDT": 7182495.02425, "ENAUSDT": 224030089.3447, "ZEREBROUSDT": 19680479.3768, "BANANAUSDT": 10644373.9621, "ONEUSDT": 5080145.2337, "ORCAUSDT": 11688174.5167, "LAYERUSDT": 69074354.5536, "SPXUSDT": 25956885.8199, "LSKUSDT": 1792078.21, "ALICEUSDT": 5697956.4019, "ICXUSDT": 4244861.4594, "SYNUSDT": 2559432.4514, "OMNIUSDT": 5776769.03715, "FARTCOINUSDT": 414774161.26336, "NILUSDT": 14272941.91362, "GASUSDT": 4424913.4815, "MOVEUSDT": 35195439.0147, "1000XECUSDT": 2331774.50116, "ALPHAUSDT": 3614113.59932, "MYXUSDT": 76599096.25993, "AUSDT": 12613835.21135, "USUALUSDT": 20211377.671, "1000CHEEMSUSDT": 7304062.2287702, "ETHUSDT_250926": 6934568.64528, "SHELLUSDT": 10849789.5348, "BANKUSDT": 6085334.46988, "AGTUSDT": 10054895.5993, "MEMEFIUSDT": 6030931.897046, "XCNUSDT": 6169270.92999, "BATUSDT": 4086182.34222, "EPTUSDT": 6999238.844413, "PUFFERUSDT": 3234373.37617, "ROSEUSDT": 5523053.54487, "ATAUSDT": 2406670.2309, "1000000MOGUSDT": 8247153.18935, "AUCTIONUSDT": 12970462.79319, "CELOUSDT": 6212910.7374, "BOMEUSDT": 25439145.67699, "RPLUSDT": 3551705.6602, "SUIUSDT": 631594799.28675, "CFXUSDT": 8624825.34618, "ZKUSDT": 10144644.86872, "BTCUSDT_250926": 13686535.9663, "STXUSDT": 17335863.2332, "PORT3USDT": 3909634.16015, "GUNUSDT": 15898206.83737, "PIXELUSDT": 6773749.00188, "CAKEUSDT": 29634535.5153, "AEVOUSDT": 6038394.84291, "CELRUSDT": 2989230.5979, "ETCUSDT": 51426790.02147, "WLDUSDT": 106383044.4989, "ONDOUSDT": 97568764.08284, "ATOMUSDT": 43298941.89094, "JTOUSDT": 16372705.7274, "FILUSDT": 94444439.8878, "BLURUSDT": 6697570.47536, "BCHUSDT": 105118950.7674, "1000CATUSDT": 5628604.10134, "CHILLGUYUSDT": 14636086.2061, "BROCCOLI714USDT": 10475746.27579, "BIGTIMEUSDT": 8863049.37003, "AIOTUSDT": 7213721.00114, "STOUSDT": 9536489.03563, "LTCUSDT": 165636964.02149, "OMUSDT": 52589745.07342, "VELODROMEUSDT": 2476994.92581, "DASHUSDT": 3451211.12857, "BRETTUSDT": 11427879.08682, "ARPAUSDT": 2654364.56617, "ZKJUSDT": 2339648.7909, "NEOUSDT": 13930472.43948, "LINKUSDT": 210767334.0627, "HYPERUSDT": 11675868.1836, "STORJUSDT": 4121758.6958, "NOTUSDT": 17728391.737274, "WALUSDT": 12096033.3142, "HOMEUSDT": 70368110.333786, "ZENUSDT": 8292597.4748, "MYROUSDT": 3950381.96135, "BIDUSDT": 2945813.31254, "DEXEUSDT": 5339776.1771, "PYTHUSDT": 11871750.60029, "XAIUSDT": 6719284.01527, "JOEUSDT": 2426205.07588, "SEIUSDT": 33091944.0062, "DEGENUSDT": 3506226.269664, "WIFUSDT": 191185448.28612, "IPUSDT": 16998484.007035, "COWUSDT": 7186178.7385, "TSTUSDT": 17159980.9857, "KASUSDT": 12051777.0149, "SWARMSUSDT": 15371084.33402, "DRIFTUSDT": 3308901.7843, "RONINUSDT": 2710802.37862, "MEUSDT": 9029352.2227, "NKNUSDT": 2975792.13545, "SXTUSDT": 16800933.59228, "TRXUSDT": 90571945.04876, "XVGUSDT": 3385795.8807347, "BERAUSDT": 35976681.791, "AEROUSDT": 6126109.95014, "ICPUSDT": 18716670.169, "1000SATSUSDT": 20554598.4061838, "SQDUSDT": 13399014.5767, "BDXNUSDT": 13315328.36165, "ETHUSDT_250627": 12807943.4067, "XTZUSDT": 9454255.8514, "MELANIAUSDT": 15570020.616617, "FUNUSDT": 11570202.361271, "LDOUSDT": 44425989.671, "ACHUSDT": 12762396.397465, "SYRUPUSDT": 69313252.73072, "APTUSDT": 59004641.41091, "XLMUSDT": 53081678.84283, "HIPPOUSDT": 6489098.061078, "REDUSDT": 8255390.7474, "EGLDUSDT": 6667458.084, "PONKEUSDT": 3580830.05799, "MUBARAKUSDT": 57097513.86001, "POPCATUSDT": 73345056.858, "ASRUSDT": 4506235.6238, "RAREUSDT": 11973366.23604, "ONTUSDT": 3441198.96355, "PENGUUSDT": 48045455.089166, "TAIKOUSDT": 5097075.1376, "1000RATSUSDT": 6582224.46865, "VANRYUSDT": 5960629.11027, "SAFEUSDT": 4500417.9966, "CATIUSDT": 7154844.8268, "GALAUSDT": 44902548.7961, "PAXGUSDT": 26040122.04491, "HIGHUSDT": 3750582.01682, "AXLUSDT": 4041425.96845, "UXLINKUSDT": 8962195.1259, "TIAUSDT": 79218814.9382, "GOATUSDT": 25916229.9081, "TRBUSDT": 14016502.1441, "ZETAUSDT": 6147062.4174, "KSMUSDT": 4122116.3452, "BUSDT": 25021718.89895, "MANAUSDT": 11953969.5327, "RENDERUSDT": 37935443.5008, "IOSTUSDT": 3880180.42032, "BELUSDT": 4988231.258, "ARKUSDT": 3580972.5114, "PARTIUSDT": 24891313.3942, "USTCUSDT": 3054557.880455, "BEAMXUSDT": 7050424.101278, "ETHUSDT": 8777533006.34936, "JASMYUSDT": 13921823.547333, "PUMPUSDT": 3986407.32298, "RAYSOLUSDT": 20607408.11319, "AI16ZUSDT": 53727392.37665, "HFTUSDT": 2520108.19273, "C98USDT": 4565739.6539, "CRVUSDT": 106669822.1145, "NMRUSDT": 2785085.9671, "SAGAUSDT": 11126198.69176, "WUSDT": 14607558.961812, "IDUSDT": 4837911.41456, "VVVUSDT": 5534237.50061, "GPSUSDT": 5688752.87253, "HBARUSDT": 60245437.77644, "AIUSDT": 5150857.82841, "RVNUSDT": 3500654.31374, "DYMUSDT": 4944122.7617, "ACTUSDT": 19905309.70685, "EPICUSDT": 3307820.70907, "LISTAUSDT": 8097317.3051, "1000PEPEUSDT": 761864808.5865358, "ADAUSDT": 381117870.17, "1000000BOBUSDT": 49513586.11083, "THEUSDT": 6863532.14912, "XRPUSDT": 1202992862.9387, "SKATEUSDT": 46123635.67637, "SOLVUSDT": 10156037.61173, "LAUSDT": 65378988.4693, "FETUSDT": 64123389.956, "B2USDT": 6683988.0464, "STRKUSDT": 14454202.34177, "MERLUSDT": 5069859.20303, "BTCDOMUSDT": 8463489.76, "SXPUSDT": 4675375.271, "MORPHOUSDT": 4272603.65618, "KAITOUSDT": 70587113.67353, "ZILUSDT": 5906599.68058, "TURBOUSDT": 23506042.014067, "MANTAUSDT": 8466344.46888, "ARBUSDT": 51123306.04345,