{"ACEUSDT": 12380200.351154, "BBUSDT": 30356567.2495, "VETUSDT": 9056131.029064, "ENSUSDT": 28722319.4963, "ORBSUSDT": 3779634.57782, "TRUUSDT": 8094629.24423, "MKRUSDT": 34924716.6045, "COTIUSDT": 10687333.36314, "KLAYUSDT": 4414213.85222, "BICOUSDT": 2983040.1225, "CELOUSDT": 11544920.0811, "ZKUSDT": 28532212.41845, "IOUSDT": 74170019.3835, "DYMUSDT": 20270232.42599, "HFTUSDT": 2136058.36094, "IOSTUSDT": 3698564.477697, "HIFIUSDT": 5671115.2857, "TRXUSDT": 52158199.60129, "MOODENGUSDT": 498819935.42356, "BTCUSDT_250328": 10253865.765, "YFIUSDT": 4648241.774, "RIFUSDT": 3812506.12485, "APEUSDT": 32413704.515, "GMXUSDT": 5245901.47647, "FTMUSDT": 124276723.9289, "KAVAUSDT": 5825251.05802, "AVAXUSDT": 167276307.404, "VIDTUSDT": 29794782.39455, "1000PEPEUSDT": 688116959.5643167, "MOVRUSDT": 4714361.48033, "1MBABYDOGEUSDT": 134577816.9789968, "APTUSDT": 71787151.6689, "RVNUSDT": 3727368.4737, "VOXELUSDT": 8813678.3134, "RDNTUSDT": 12025101.04981, "ZRXUSDT": 5540015.72944, "STORJUSDT": 11132385.515, "NKNUSDT": 3058580.11081, "DOTUSDT": 67785968.9232, "ATOMUSDT": 42100363.91562, "PIXELUSDT": 16149516.9679, "BOMEUSDT": 110653710.274334, "ALPHAUSDT": 3395639.23112, "CRVUSDT": 73949436.7487, "DODOXUSDT": 2322350.970777, "BIGTIMEUSDT": 25593085.5058, "IOTXUSDT": 4780540.03736, "1000SATSUSDT": 219505705.0455922, "REZUSDT": 22235817.51783, "ICPUSDT": 26303620.044, "SSVUSDT": 10780347.41073, "REIUSDT": 5447585.31851, "ARKUSDT": 4825208.0624, "GASUSDT": 5331142.3627, "TUSDT": 4173401.06032, "FXSUSDT": 3751273.21305, "GUSDT": 4261952.80791, "IDUSDT": 5460985.13197, "KASUSDT": 14241506.87113, "NEARUSDT": 107822507.198, "1000RATSUSDT": 63882653.82559, "CAKEUSDT": 6659860.1, "NEIROUSDT": 854127333.3588283, "TURBOUSDT": 57095869.940979, "LPTUSDT": 10963977.8733, "ICXUSDT": 3111967.9494, "LRCUSDT": 4209585.74134, "RUNEUSDT": 43840334.494, "RSRUSDT": 10377475.614248, "SYNUSDT": 9284312.8372, "ZETAUSDT": 16954430.5363, "INJUSDT": 84957736.1062, "ARBUSDT": 64358112.43689, "AMBUSDT": 6314259.122616, "ILVUSDT": 4992516.8044, "MYROUSDT": 16094314.25855, "EDUUSDT": 7299261.9476, "KSMUSDT": 5091093.7671, "DASHUSDT": 3653219.60431, "LTCUSDT": 85955575.52176, "USTCUSDT": 6905430.87791, "ZECUSDT": 14667484.03506, "1000BONKUSDT": 80691812.67215, "TOKENUSDT": 9026208.529, "ETHUSDT_241227": 9932394.68748, "SAGAUSDT": 89458540.63215, "BLURUSDT": 20698821.7296, "STMXUSDT": 13551556.05719, "SUSHIUSDT": 11157894.2629, "COMPUSDT": 8630853.53095, "HOOKUSDT": 7985598.43373, "DIAUSDT": 58479626.0299, "NOTUSDT": 144926161.572562, "POPCATUSDT": 126755339.9501, "KEYUSDT": 4940808.500782, "HBARUSDT": 13405241.35293, "PYTHUSDT": 13874441.6898, "GTCUSDT": 6502693.7949, "FIDAUSDT": 21295406.1953, "ZROUSDT": 70068317.5808, "BLZUSDT": 4770315.22237, "FILUSDT": 92661273.4148, "FETUSDT": 104004916.4354, "ZILUSDT": 5354443.04339, "UNFIUSDT": 9172675.385, "PORTALUSDT": 10330447.85295, "API3USDT": 7633343.45506, "BTCUSDT": 13034447010.34392, "ARPAUSDT": 4736638.35352, "VANRYUSDT": 9343187.14619, "XVSUSDT": 3104444.7193, "OPUSDT": 73631355.97406, "BEAMXUSDT": 13630213.753034, "UXLINKUSDT": 39496142.4805, "CTSIUSDT": 3799192.3508, "CELRUSDT": 3591923.32122, "POLUSDT": 24290250.9498, "RENDERUSDT": 34235687.0527, "LOOMUSDT": 5629722.22674, "ETHUSDT_250328": 5677828.02331, "LUNA2USDT": 8349551.0553, "ADAUSDT": 110582343.8458, "KDAUSDT": 5961254.6318, "JASMYUSDT": 36052642.945664, "ENJUSDT": 5356853.61588, "NEIROETHUSDT": 167660453.6067, "RAREUSDT": 36955315.5509, "TAOUSDT": 48360855.43919, "BRETTUSDT": 11916088.98373, "MAGICUSDT": 5158134.23426, "SEIUSDT": 63140590.9762, "XMRUSDT": 10238610.338, "SUNUSDT": 37944240.357529, "OMNIUSDT": 13160271.95258, "ETHWUSDT": 2023505.7767, "MAVIAUSDT": 8363448.12479, "DYDXUSDT": 36836609.3195, "METISUSDT": 4733877.5715, "POWRUSDT": 3733706.3278, "GALAUSDT": 59543048.131, "TONUSDT": 84681736.0831, "DOGSUSDT": 216015782.1871078, "ORDIUSDT": 218500010.7639, "ARUSDT": 30875653.1676, "XEMUSDT": 5970114.9146, "CFXUSDT": 22601095.30958, "MANAUSDT": 13704518.9537, "ALTUSDT": 24570897.75686, "TRBUSDT": 46688395.4188, "DARUSDT": 11999129.19177, "1000SHIBUSDT": 106155086.94523, "OMUSDT": 24270887.734731, "BCHUSDT": 78321790.31545, "XTZUSDT": 5732656.0877, "BANANAUSDT": 21714359.9174, "SYSUSDT": 5962233.2524, "ETCUSDT": 44555227.14358, "WUSDT": 16840365.77467, "BAKEUSDT": 14441333.6935, "LDOUSDT": 32332576.9557, "SPELLUSDT": 4323693.4344987, "AGLDUSDT": 3347853.6938, "MTLUSDT": 4099633.6372, "ATAUSDT": 3827093.069, "CHESSUSDT": 5646932.1981, "LINAUSDT": 9889528.99703, "BELUSDT": 4980242.4808, "SXPUSDT": 4865107.50115, "XRPUSDT": 330090483.87224, "MEMEUSDT": 20015961.494687, "XAIUSDT": 21689522.0724, "CHZUSDT": 12222065.42481, "IMXUSDT": 16195568.4703, "HMSTRUSDT": 67532414.906751, "BTCUSDT_241227": 17481630.8465, "1000CATUSDT": 76290787.13122, "ALICEUSDT": 8007554.4082, "ZENUSDT": 7263741.2725, "YGGUSDT": 16225872.3767, "PERPUSDT": 3123297.10817, "SUIUSDT": 268092190.9421, "SUPERUSDT": 17759034.4352, "ALGOUSDT": 10335215.78041, "HIGHUSDT": 10057785.54556, "SOLUSDT": 2056316614.304, "ACHUSDT": 5807270.990499, "STXUSDT": 53053922.0284, "FLOWUSDT": 8708735.2104, "LISTAUSDT": 20957176.0305, "BANDUSDT": 4174642.86223, "DOGEUSDT": 299993100.66162, "JUPUSDT": 35003340.1399, "STRKUSDT": 38424171.82567, "LITUSDT": 4986800.685, "CKBUSDT": 13478322.471969, "SNXUSDT": 9937446.9674, "PENDLEUSDT": 47385820.3828, "SKLUSDT": 4132095.35068, "SANDUSDT": 21401081.1061, "ROSEUSDT": 10399501.84499, "AXSUSDT": 16047626.315, "UMAUSDT": 12258944.988, "OMGUSDT": 3360158.48867, "POLYXUSDT": 7493067.08897, "LINKUSDT": 110463264.55678, "TWTUSDT": 3375747.9057, "ETHFIUSDT": 46208253.54672, "IOTAUSDT": 5306643.25704, "TLMUSDT": 4155843.584596, "MAVUSDT": 4835765.59855, "REEFUSDT": 25506204.722232, "GOATUSDT": 155163383.9492, "HOTUSDT": 4737609.95772, "AEVOUSDT": 23801699.98697, "EGLDUSDT": 7185783.0405, "ONDOUSDT": 50682340.12706, "AUCTIONUSDT": 10265391.65959, "LEVERUSDT": 5855071.3904896, "STGUSDT": 4923804.4191, "BNBUSDT": 286472345.672, "ONEUSDT": 4746007.33119, "JTOUSDT": 35565235.1656, "UNIUSDT": 57813380.953, "ARKMUSDT": 25813909.6987, "GRTUSDT": 17491519.54326, "1000LUNCUSDT": 19054457.44048, "TNSRUSDT": 13925513.78466, "NEOUSDT": 11785321.59067, "1000FLOKIUSDT": 95594873.39424, "THETAUSDT": 16328037.92781, "ANKRUSDT": 4462356.94554, "EIGENUSDT": 144102511.0597, "MINAUSDT": 11070114.6732, "BTCDOMUSDT": 2106081.6076, "WOOUSDT": 5976743.0112, "GMTUSDT": 19915411.09874, "NMRUSDT": 3738635.5249, "CATIUSDT": 127983017.0225, "QNTUSDT": 4490869.427, "BADGERUSDT": 2725003.1705, "FIOUSDT": 9963621.99169, "XLMUSDT": 17856476.97853, "AIUSDT": 15484840.27341, "CYBERUSDT": 6833095.9917, "NFPUSDT": 7964735.97415, "MANTAUSDT": 16931077.31286, "ETHUSDT": 5523868083.81981, "CHRUSDT": 7932234.1166, "C98USDT": 5079980.2689, "TIAUSDT": 143351468.627, "PHBUSDT": 7250517.8565, "ENAUSDT": 126264565.1053, "BONDUSDT": 7849810.0395, "1INCHUSDT": 10302035.6439, "ONTUSDT": 4800732.75644, "MEWUSDT": 79843546.756234, "GLMUSDT": 5088871.10031, "ASTRUSDT": 5921666.82835, "SCRUSDT": 56790495.211, "WIFUSDT": 522191500.43743, "RLCUSDT": 2905278.28798, "SAFEUSDT": 19102022.6156, "BNXUSDT": 31763569.57423, "DUSKUSDT": 6085954.60464, "RONINUSDT": 3865421.73967, "PEOPLEUSDT": 137185362.30984, "ALPACAUSDT": 10286818.04906, "WLDUSDT": 237740370.7657, "AAVEUSDT": 106850778.398, "RENUSDT": 4162135.49581, "MASKUSDT": 11557951.3172, "LQTYUSDT": 6431868.4521, "FLMUSDT": 6614839.1772, "AXLUSDT": 7186153.34966, "KNCUSDT": 3344490.0625, "EOSUSDT": 37963576.1885, "MBOXUSDT": 7485389.7551}