{"ARCUSDT": 173617761.60156, "ZRXUSDT": 11837046.013, "OMGUSDT": 1340712.94399, "GMTUSDT": 45396381.9875, "FETUSDT": 100523059.6817, "SPELLUSDT": 11241148.8827196, "KNCUSDT": 4983284.2205, "CFXUSDT": 23874363.71813, "MELANIAUSDT": 57142363.47828, "DEXEUSDT": 23202654.91646, "RLCUSDT": 5777387.14801, "MASKUSDT": 22738960.7454, "COWUSDT": 35062312.3171, "PNUTUSDT": 353316612.09488, "CELOUSDT": 12743550.6309, "ALGOUSDT": 81844276.69218, "POPCATUSDT": 130984532.8081, "TSTUSDT": 280992417.8235, "1000XECUSDT": 5077850.69212, "FXSUSDT": 7260614.89913, "SPXUSDT": 34276562.7006, "BATUSDT": 11128228.23907, "YFIUSDT": 10743945.129, "QTUMUSDT": 11097811.4903, "MANAUSDT": 23249388.6627, "MORPHOUSDT": 46354834.31481, "SWELLUSDT": 7109354.22225, "ZROUSDT": 29460543.50258, "SLERFUSDT": 4943895.1794, "GASUSDT": 7739446.7554, "MAVUSDT": 4766638.15887, "BCHUSDT": 95712791.80609, "NULSUSDT": 2765589.3, "STXUSDT": 37708632.5062, "WIFUSDT": 402883315.0191, "UNIUSDT": 129112567.593, "GTCUSDT": 7234769.2271, "EOSUSDT": 75241072.059, "SHELLUSDT": 75590037.2218, "C98USDT": 8957179.6622, "FARTCOINUSDT": 266576288.21332, "ALCHUSDT": 39248819.95796, "DEGENUSDT": 15249675.018828, "LPTUSDT": 19529062.9827, "ENSUSDT": 65129780.4151, "WUSDT": 23297894.480544, "ANIMEUSDT": 48223768.2814, "BLURUSDT": 14512923.24124, "VOXELUSDT": 5080425.5981, "PYTHUSDT": 23040530.00213, "FLMUSDT": 7338457.4892, "COMBOUSDT": 3316379.30462, "XTZUSDT": 21070767.0406, "ACHUSDT": 11068120.488653, "ONTUSDT": 9460910.42997, "CHZUSDT": 25037423.07758, "1000RATSUSDT": 20619178.20458, "ACXUSDT": 6536354.25684, "SCRUSDT": 13889659.4198, "AXSUSDT": 25343895.247, "BALUSDT": 3837720.3001, "ZETAUSDT": 7177800.9563, "ETHUSDT": 8516052603.49187, "TLMUSDT": 4821595.778726, "HIPPOUSDT": 12023111.8107, "BIOUSDT": 36826926.5649, "RPLUSDT": 4227701.6376, "SCRTUSDT": 3975172.1886, "IDUSDT": 9813217.56407, "USDCUSDT": 5144499.512828, "BBUSDT": 16737812.53932, "USUALUSDT": 95460367.7412, "BSVUSDT": 4740213.965, "TIAUSDT": 131952507.7974, "ETCUSDT": 93893518.99731, "DOGSUSDT": 40914790.9837968, "AVAUSDT": 10575157.7694, "TURBOUSDT": 55203394.5926766, "IOTAUSDT": 29018276.1436, "BOMEUSDT": 64699699.618941, "1000LUNCUSDT": 18505688.71283, "PIXELUSDT": 12425405.76605, "ONEUSDT": 15127734.35061, "SXPUSDT": 15004388.89151, "1000SHIBUSDT": 170899269.290308, "SAGAUSDT": 25485226.58293, "1INCHUSDT": 12483996.5036, "ALICEUSDT": 8647534.2865, "SUSDT": 46564046.8897, "ENAUSDT": 401016702.3033, "KAVAUSDT": 13729109.88961, "DUSKUSDT": 5109201.49547, "THEUSDT": 47310005.84707, "WOOUSDT": 7324345.65685, "HFTUSDT": 4102520.86207, "RAREUSDT": 5980085.38752, "CKBUSDT": 9323017.678846, "KOMAUSDT": 10704993.61303, "RUNEUSDT": 72011740.524, "BADGERUSDT": 5782612.397, "VVVUSDT": 60714303.54929, "JTOUSDT": 42437934.2871, "DUSDT": 10184000.41097, "BNTUSDT": 2928800.26676, "CATIUSDT": 11546691.3756, "SNXUSDT": 17622564.6504, "OXTUSDT": 3890611.25864, "DEGOUSDT": 3552079.05893, "AXLUSDT": 8581449.70434, "EIGENUSDT": 99390259.74112, "SUPERUSDT": 12315951.9836, "CHILLGUYUSDT": 57556168.2447, "RONINUSDT": 6804286.084, "MEUSDT": 43204087.0539, "VELODROMEUSDT": 5848351.0408, "PORTALUSDT": 8962672.75301, "XLMUSDT": 153673871.29105, "LSKUSDT": 3991676.0646, "ZEREBROUSDT": 44025176.3343, "CHRUSDT": 7714476.6722, "CGPTUSDT": 21891421.44469, "BTCUSDT_250328": 30289900.2715, "XAIUSDT": 15321912.15039, "DIAUSDT": 3512870.3189, "ACTUSDT": 162430155.7414, "1000CHEEMSUSDT": 21110973.9689354, "ATOMUSDT": 58877487.52425, "STMXUSDT": 9317208.58228, "IOSTUSDT": 6142561.891737, "VANAUSDT": 49627295.91916, "MEWUSDT": 14479457.833976, "EDUUSDT": 5284017.5213, "VETUSDT": 40337655.499557, "OPUSDT": 101195727.16188, "MAGICUSDT": 8162547.03772, "AVAAIUSDT": 38574632.89385, "NKNUSDT": 3392853.85668, "API3USDT": 6715751.72229, "GMXUSDT": 7813589.21288, "GPSUSDT": 16512790.7279, "BELUSDT": 8496334.6346, "DOGEUSDT": 1405681755.03605, "MYROUSDT": 8675562.47314, "MOVEUSDT": 97311688.7483, "1MBABYDOGEUSDT": 44627062.3252505, "TRXUSDT": 128692762.80398, "PENGUUSDT": 153717686.101039, "DEFIUSDT": 2290591.7001, "TWTUSDT": 6425736.5199, "SYNUSDT": 5962177.4073, "ROSEUSDT": 11808217.90883, "ALPHAUSDT": 6089576.78121, "CAKEUSDT": 22201873.2475, "FILUSDT": 145572386.563, "TUSDT": 4400415.87785, "AVAXUSDT": 249932841.362, "UXLINKUSDT": 41766717.8059, "XVSUSDT": 7562747.0917, "TNSRUSDT": 11600419.05885, "LINKUSDT": 374852182.10975, "PONKEUSDT": 9412079.2182, "SSVUSDT": 17568339.35109, "TOKENUSDT": 5859774.43831, "KMNOUSDT": 5521827.1658, "NOTUSDT": 45829881.228388, "GRASSUSDT": 27631036.36447, "PHAUSDT": 11036538.44023, "HIVEUSDT": 21129833.5295, "DASHUSDT": 8689499.21443, "RAYSOLUSDT": 19954044.42141, "IOUSDT": 48272995.0086, "NFPUSDT": 7524915.43205, "ETHWUSDT": 4617736.1022, "ADAUSDT": 534831276.5203, "AERGOUSDT": 9547895.5617, "LOKAUSDT": 2935296.9725, "GALAUSDT": 124164771.69236, "BIGTIMEUSDT": 20809705.75107, "OGNUSDT": 6983125.7443, "GOATUSDT": 85296269.7876, "MBOXUSDT": 6703453.1882, "1000CATUSDT": 27393267.89145, "NEIROETHUSDT": 21400893.41627, "HIFIUSDT": 4996934.1575, "HEIUSDT": 19878726.44294, "WLDUSDT": 246847081.9327, "BERAUSDT": 229681000.286, "HBARUSDT": 213853455.02119, "VINEUSDT": 133283442.30046, "SUIUSDT": 756017920.39138, "SANDUSDT": 78478869.33696, "POLYXUSDT": 8496137.89766, "LRCUSDT": 7114521.79807, "IMXUSDT": 15578310.3948, "LQTYUSDT": 8602829.35261, "POWRUSDT": 8843452.53, "STEEMUSDT": 8264933.40516, "GRTUSDT": 24743214.54177, "ENJUSDT": 8547299.78595, "KDAUSDT": 8698777.7226, "MANTAUSDT": 13613651.88289, "ETHFIUSDT": 68022088.32503, "TRUMPUSDT": 1047920689.84007, "DENTUSDT": 6161321.549549, "COTIUSDT": 10528220.82559, "ICPUSDT": 33536969.096, "LEVERUSDT": 6087963.6519868, "RENDERUSDT": 50107451.0447, "CHESSUSDT": 4586054.3783, "BNBUSDT": 491340515.4379, "STRKUSDT": 24521606.03279, "APTUSDT": 138948507.23389, "BANANAUSDT": 11781532.5149, "ETHUSDT_250328": 15530892.16712, "LITUSDT": 1397731.7894, "PEOPLEUSDT": 49250153.62055, "UMAUSDT": 6962304.796, "ANKRUSDT": 6492307.57343, "BRETTUSDT": 18437206.62702, "KAIAUSDT": 7761017.7345, "LUMIAUSDT": 10870700.4641, "1000PEPEUSDT": 887823680.6050637, "TRBUSDT": 33270005.4805, "ZECUSDT": 10541611.21689, "THETAUSDT": 30799693.75676, "AMBUSDT": 4334519.844924, "ALPACAUSDT": 4455974.86161, "PIPPINUSDT": 36578614.57573, "PENDLEUSDT": 40960937.7674, "DYMUSDT": 9439754.23081, "LUNA2USDT": 13989445.6442, "NTRNUSDT": 3052137.1718, "SWARMSUSDT": 156983328.2279, "NEARUSDT": 119997712.539, "HOOKUSDT": 6000335.39447, "BANUSDT": 72384383.4495, "ZKUSDT": 21887739.04645, "REZUSDT": 9174060.6442, "MOVRUSDT": 5919023.05955, "ZENUSDT": 48233182.0319, "EGLDUSDT": 13487610.1849, "TAOUSDT": 129924973.74069, "ASTRUSDT": 7635602.53484, "COSUSDT": 3342961.128073, "FLUXUSDT": 3996327.1832, "ACEUSDT": 6467179.380518, "INJUSDT": 77099995.961, "ORCAUSDT": 7104641.0055, "BICOUSDT": 4452132.5197, "AGLDUSDT": 27805032.9287, "AAVEUSDT": 233833424.8, "IPUSDT": 339630072.80437, "NMRUSDT": 5959502.3833, "ARUSDT": 37188826.1065, "RVNUSDT": 5184903.23119, "ICXUSDT": 6649969.6519, "1000SATSUSDT": 64661605.4960364, "RIFUSDT": 3628131.96633, "JASMYUSDT": 36495620.337328, "GUSDT": 6495311.56903, "LINAUSDT": 7580960.83799, "AEVOUSDT": 14045830.96633, "AIXBTUSDT": 109859135.60045, "HOTUSDT": 9096501.369357, "AIUSDT": 19930277.28662, "ILVUSDT": 5895823.1368, "DYDXUSDT": 53468762.6395, "QNTUSDT": 12524659.688, "SYSUSDT": 3008213.68065, "METISUSDT": 5310190.5362, "BEAMXUSDT": 13939428.520067, "PHBUSDT": 8309765.7888, "USTCUSDT": 7480121.568781, "ATAUSDT": 7835207.8714, "SEIUSDT": 69790910.6095, "QUICKUSDT": 2103336.38925, "SOLUSDT": 2710200220.524, "CELRUSDT": 6884557.17023, "SFPUSDT": 4290190.4637, "KASUSDT": 20380425.07264, "HIGHUSDT": 6588874.33948, "GLMUSDT": 12795043.80884, "POLUSDT": 30124864.65442, "ORDIUSDT": 121263374.3689, "FLOWUSDT": 22327387.6249, "JUPUSDT": 71834881.5037, "COMPUSDT": 18185479.90798, "BTCUSDT": 14403072504.9993, "ARKUSDT": 9545470.8164, "1000WHYUSDT": 7357441.8816021, "MINAUSDT": 10135296.4114, "LDOUSDT": 108928908.5623,