{"SSVUSDT": 11762642.32732, "EOSUSDT": 39736176.9742, "JTOUSDT": 38334134.921, "ADAUSDT": 121003698.2671, "GTCUSDT": 6541915.1787, "ATOMUSDT": 48479570.27452, "SAGAUSDT": 117543890.3514, "ORCAUSDT": 26181617.649, "FLOWUSDT": 9556080.8861, "LINKUSDT": 123299219.05001, "UNIUSDT": 76231888.401, "MANTAUSDT": 17723131.27315, "NEIROUSDT": 769676937.1288457, "BNBUSDT": 340244646.6656, "HFTUSDT": 2429607.57892, "FTMUSDT": 181352756.7938, "TIAUSDT": 233721567.4402, "PNUTUSDT": 906037966.44665, "COMPUSDT": 8589731.58854, "HBARUSDT": 15368122.09944, "GLMUSDT": 5160298.1998, "BALUSDT": 3602591.0316, "ETHWUSDT": 6606601.3525, "BONDUSDT": 5422196.2117, "LDOUSDT": 30584975.6082, "SPELLUSDT": 5221479.8791844, "METISUSDT": 6473711.6077, "SFPUSDT": 3388138.753, "1000PEPEUSDT": 808321487.4004794, "STXUSDT": 59601578.0781, "ACEUSDT": 11210264.350742, "WAXPUSDT": 2739121.36127, "COTIUSDT": 13295495.70863, "ASTRUSDT": 6447015.05019, "ZENUSDT": 6520762.5407, "FILUSDT": 88654814.2359, "ILVUSDT": 5472403.284, "STRKUSDT": 41724205.41092, "CHZUSDT": 22918028.37419, "WIFUSDT": 578203609.28252, "ZETAUSDT": 29268999.8837, "NEOUSDT": 12133844.97096, "USDCUSDT": 918294.840811, "VOXELUSDT": 6490121.4069, "GMXUSDT": 6220606.51497, "RUNEUSDT": 58563304.501, "ETHUSDT": 6087636750.23593, "ALGOUSDT": 11159009.91281, "TLMUSDT": 5065272.31583, "1000LUNCUSDT": 22289036.70043, "SUNUSDT": 22871714.450426, "TURBOUSDT": 122596358.7968889, "CETUSUSDT": 41002872.35112, "SANDUSDT": 24342963.3206, "REEFUSDT": 42061976.730301, "LRCUSDT": 5000820.66154, "AERGOUSDT": 5157053.8746, "LISTAUSDT": 18790296.8567, "EGLDUSDT": 7899223.6092, "1000WHYUSDT": 12951397.7527812, "ORBSUSDT": 4920398.756352, "HIPPOUSDT": 62550965.66983, "DYMUSDT": 20394325.85207, "OMUSDT": 29226969.678171, "TAOUSDT": 126124633.36458, "TRBUSDT": 45714363.8576, "RENDERUSDT": 40638724.0217, "BNTUSDT": 2209900.57654, "WUSDT": 31944756.25042, "CELOUSDT": 24961526.9755, "MYROUSDT": 23721715.84814, "DOTUSDT": 74757498.5656, "BTCUSDT_250328": 17487902.5639, "DYDXUSDT": 57932772.7163, "GMTUSDT": 27305400.18776, "NEARUSDT": 123006511.35, "OMGUSDT": 3568639.56579, "CAKEUSDT": 8002976.4742, "AGLDUSDT": 4762757.7197, "KAVAUSDT": 9430948.51414, "IOTAUSDT": 5982164.94762, "WOOUSDT": 10413211.81282, "MBOXUSDT": 7748869.1359, "IOUSDT": 60723894.561, "BSWUSDT": 4073023.48017, "KNCUSDT": 3848198.683, "ANKRUSDT": 4403895.79181, "ONTUSDT": 4821074.51652, "MOVRUSDT": 5044226.87872, "SYSUSDT": 5681330.96752, "POWRUSDT": 4031368.9477, "CHESSUSDT": 6831912.7968, "QTUMUSDT": 3747082.8036, "MAVIAUSDT": 8483649.60974, "BELUSDT": 7532425.7659, "ARKUSDT": 18811304.6091, "FIDAUSDT": 25975190.8308, "STMXUSDT": 9046817.51749, "DODOXUSDT": 3938903.654505, "APEUSDT": 56740192.2138, "HOTUSDT": 6729417.305802, "REZUSDT": 18079433.60825, "RENUSDT": 4102754.08363, "ETCUSDT": 49322283.33535, "API3USDT": 9582644.18564, "DUSKUSDT": 6698163.809, "MEWUSDT": 84351950.083057, "GHSTUSDT": 5155515.946, "DASHUSDT": 3671952.02424, "ACHUSDT": 7193626.235331, "BSVUSDT": 6741474.935, "TROYUSDT": 49566806.404809, "MOODENGUSDT": 395113931.70888, "KAIAUSDT": 29973846.276, "TRUUSDT": 8622246.72772, "HOOKUSDT": 6923408.89755, "PHBUSDT": 10842540.4433, "XMRUSDT": 12016168.15275, "BTCUSDT_241227": 23173086.4076, "SUIUSDT": 703312138.93454, "OPUSDT": 77435034.78002, "NMRUSDT": 4647389.6788, "LOOMUSDT": 6318820.10464, "STGUSDT": 5337024.6932, "ORDIUSDT": 227346581.1237, "AVAXUSDT": 168371380.201, "ZECUSDT": 14464482.55005, "SLERFUSDT": 20836065.2376, "XVGUSDT": 2924009.2200162, "MTLUSDT": 4571628.9284, "FLUXUSDT": 5104044.849, "1000BONKUSDT": 107867186.099735, "SCRTUSDT": 22734042.4807, "ALPHAUSDT": 4035588.93065, "AAVEUSDT": 126662505.156, "BNXUSDT": 22446561.32607, "GRASSUSDT": 81445038.9898, "LQTYUSDT": 8400637.43708, "BTCUSDT": 14354067671.9537, "ZILUSDT": 6472570.54681, "KSMUSDT": 5928283.9909, "MKRUSDT": 39080993.0323, "TUSDT": 4173401.06032, "ONGUSDT": 3399547.4303, "POLUSDT": 32016329.0413, "ONDOUSDT": 51687446.3839, "ROSEUSDT": 13344449.84461, "LPTUSDT": 10789196.2752, "XAIUSDT": 23182538.917, "DOGSUSDT": 159549828.3836219, "FETUSDT": 153072505.338, "UMAUSDT": 13026724.588, "RDNTUSDT": 19398985.86373, "ZRXUSDT": 6147360.78555, "1000CATUSDT": 44264734.01154, "ICPUSDT": 28580764.511, "ALPACAUSDT": 11069662.44337, "ENJUSDT": 5594048.78506, "C98USDT": 5831243.2604, "NULSUSDT": 4352098.9347, "1000XECUSDT": 3734640.73712, "CTSIUSDT": 5250936.8998, "ENAUSDT": 157806374.8838, "BIGTIMEUSDT": 75887533.40126, "PORTALUSDT": 11101561.49624, "SCRUSDT": 44850405.2468, "JUPUSDT": 42051857.1731, "1INCHUSDT": 12941271.9922, "CRVUSDT": 69824914.2904, "ARBUSDT": 72946331.59544, "1000FLOKIUSDT": 106553058.11367, "VANRYUSDT": 10753661.70342, "ENSUSDT": 28371494.3807, "YGGUSDT": 16827489.6592, "PEOPLEUSDT": 142510201.76269, "LITUSDT": 5377918.5073, "MAVUSDT": 5690664.01591, "MORPHOUSDT": 63834887.08451, "FXSUSDT": 3718258.59377, "KASUSDT": 16598795.64281, "IDUSDT": 8280134.78044, "BEAMXUSDT": 15743777.214087, "LEVERUSDT": 7188136.178938, "RONINUSDT": 4880636.14439, "DENTUSDT": 3393908.509614, "CKBUSDT": 20689294.782501, "POLYXUSDT": 7291700.25193, "COSUSDT": 4900074.549024, "SNXUSDT": 10651383.8031, "KEYUSDT": 5671978.8692808, "SUSHIUSDT": 14356897.9955, "HIGHUSDT": 8955984.33684, "EDUUSDT": 7739867.4267, "TOKENUSDT": 9191514.44576, "VETUSDT": 10324563.034551, "SANTOSUSDT": 17734204.2194, "LINAUSDT": 10007134.30952, "IMXUSDT": 20529269.6758, "1000000MOGUSDT": 33786769.49747, "NOTUSDT": 114964561.638498, "BLZUSDT": 5901660.54424, "AXLUSDT": 13940249.79484, "ETHUSDT_250328": 8259439.38933, "EIGENUSDT": 129540058.3758, "RSRUSDT": 11997306.1941, "GOATUSDT": 364754261.7376, "HMSTRUSDT": 61263162.218704, "TWTUSDT": 5643822.4711, "MANAUSDT": 14271154.8934, "ATAUSDT": 4368827.5656, "IOSTUSDT": 4116333.532409, "LOKAUSDT": 3742754.0369, "IOTXUSDT": 5523856.96204, "ARPAUSDT": 9162365.06944, "BCHUSDT": 81199371.15688, "GRTUSDT": 19846318.82949, "GUSDT": 5028318.77233, "SWELLUSDT": 29568930.56088, "QNTUSDT": 5510483.346, "PIXELUSDT": 22135021.4307, "LSKUSDT": 2308187.1326, "ZROUSDT": 51249076.45488, "CFXUSDT": 26774000.09295, "BANANAUSDT": 22036084.0564, "1000SHIBUSDT": 192446524.405984, "WLDUSDT": 292268414.7701, "SXPUSDT": 13344427.65117, "CELRUSDT": 3953754.50474, "XEMUSDT": 4443698.6769, "NFPUSDT": 7648583.22127, "PONKEUSDT": 28984932.25766, "SEIUSDT": 122214405.1754, "TNSRUSDT": 15865860.76757, "STORJUSDT": 13325544.887, "SKLUSDT": 4652135.60391, "ACTUSDT": 342572732.61877, "AUCTIONUSDT": 9653512.15263, "ARKMUSDT": 46499310.4641, "HIFIUSDT": 6789787.5601, "ARUSDT": 33477852.5832, "DRIFTUSDT": 47808874.3302, "1000CHEEMSUSDT": 14944782.3873711, "SUPERUSDT": 24939263.0296, "POPCATUSDT": 193349637.0825, "FLMUSDT": 6258808.5565, "OMNIUSDT": 14008762.02315, "1000XUSDT": 28344887.96522, "MINAUSDT": 14289069.6848, "BADGERUSDT": 3073277.2452, "VIDTUSDT": 17661352.8294, "NEIROETHUSDT": 147986882.6948, "ICXUSDT": 3391866.0331, "AMBUSDT": 5598303.865146, "UXLINKUSDT": 39496142.4805, "MASKUSDT": 18167620.6828, "ONEUSDT": 5979256.3051, "YFIUSDT": 5215648.407, "AIUSDT": 14966313.64489, "GASUSDT": 7526416.5079, "KDAUSDT": 6218217.1791, "JOEUSDT": 3163804.88502, "CHRUSDT": 8026792.0072, "XRPUSDT": 316007195.06421, "XLMUSDT": 16729464.58674, "RVNUSDT": 4527387.98787, "SAFEUSDT": 15260551.204, "ETHFIUSDT": 44427173.5736, "THETAUSDT": 16329333.15687, "DARUSDT": 12664105.80186, "DEGENUSDT": 41587285.743501, "PYTHUSDT": 17500193.7216, "ALTUSDT": 24370713.13018, "FIOUSDT": 10221475.84792, "ETHUSDT_241227": 11778219.79438, "MEMEUSDT": 29896651.199207, "NTRNUSDT": 3400952.3423, "PENDLEUSDT": 52767088.3505, "TONUSDT": 94845683.20493, "DIAUSDT": 21084231.5431, "XVSUSDT": 3130081.0161, "SYNUSDT": 8973481.9933, "OXTUSDT": 2546733.55144, "AEROUSDT": 19228938.40286, "STEEMUSDT": 1727583.99479, "ZKUSDT": 27772128.98783, "1000RATSUSDT": 58985863.24225, "NKNUSDT": 3229800.74501, "APTUSDT": 179798904.62251, "COWUSDT": 43951309.8063, "BTCDOMUSDT": 2814709.7624, "1MBABYDOGEUSDT": 90886747.8502691, "AEVOUSDT": 19668333.74136,