{"ORCAUSDT": 7104641.0055, "HIVEUSDT": 21129833.5295, "PROMUSDT": 6233317.4293, "ARKMUSDT": 45538786.613, "BTCUSDT_250328": 30289900.2715, "BTCUSDT": 14403072504.9993, "OGNUSDT": 6983125.7443, "AIXBTUSDT": 107819229.98373, "SUIUSDT": 756017920.39138, "TONUSDT": 52381259.98087, "TUSDT": 4400415.87785, "DYDXUSDT": 53468762.6395, "VIDTUSDT": 6792495.86532, "ACHUSDT": 11068120.488653, "JUPUSDT": 71834881.5037, "BANUSDT": 67045431.1889, "LEVERUSDT": 6032608.1440659, "TURBOUSDT": 54212031.8001833, "AAVEUSDT": 233833424.8, "STORJUSDT": 11107857.7058, "ANIMEUSDT": 48402832.8602, "UNIUSDT": 129112567.593, "ROSEUSDT": 11808217.90883, "THEUSDT": 47310005.84707, "MOVRUSDT": 5919023.05955, "DOGEUSDT": 1405681755.03605, "FILUSDT": 145572386.563, "SHELLUSDT": 63295284.7114, "SUPERUSDT": 12315951.9836, "NULSUSDT": 2765589.3, "B3USDT": 24913183.53274, "LAYERUSDT": 92320765.4212, "ARUSDT": 37188826.1065, "BERAUSDT": 227533220.407, "CGPTUSDT": 21708323.64889, "DEGOUSDT": 3552079.05893, "MORPHOUSDT": 46354834.31481, "SSVUSDT": 17568339.35109, "CTSIUSDT": 5446093.6366, "ICPUSDT": 33536969.096, "SFPUSDT": 4290190.4637, "FLMUSDT": 7338457.4892, "1000CATUSDT": 26670238.03548, "TNSRUSDT": 11600419.05885, "TAOUSDT": 129924973.74069, "ZETAUSDT": 7177800.9563, "METISUSDT": 5310190.5362, "PYTHUSDT": 23040530.00213, "ACTUSDT": 158404741.0208, "ATOMUSDT": 58877487.52425, "IMXUSDT": 15578310.3948, "SEIUSDT": 69790910.6095, "GUSDT": 6495311.56903, "SONICUSDT": 15651044.71768, "ENJUSDT": 8547299.78595, "NMRUSDT": 5959502.3833, "AUCTIONUSDT": 16001996.87402, "BICOUSDT": 4452132.5197, "XLMUSDT": 153673871.29105, "DOGSUSDT": 40914790.9837968, "WIFUSDT": 402883315.0191, "COMPUSDT": 18185479.90798, "PEOPLEUSDT": 49250153.62055, "IOUSDT": 48022914.76789, "ETHWUSDT": 4617736.1022, "APTUSDT": 138948507.23389, "USDCUSDT": 5144499.512828, "BELUSDT": 8125723.1427, "DUSKUSDT": 5109201.49547, "AVAUSDT": 10371028.61072, "REZUSDT": 9174060.6442, "NFPUSDT": 7524915.43205, "CKBUSDT": 9323017.678846, "IOSTUSDT": 6142561.891737, "AGLDUSDT": 27218337.1554, "VOXELUSDT": 5080425.5981, "LISTAUSDT": 10728413.4026, "RAREUSDT": 5980085.38752, "QTUMUSDT": 11097811.4903, "ETCUSDT": 93893518.99731, "ZENUSDT": 48912041.8392, "COOKIEUSDT": 33957668.4087, "MTLUSDT": 5451205.7847, "VANRYUSDT": 11362122.93162, "RIFUSDT": 3628131.96633, "PNUTUSDT": 353316612.09488, "SYNUSDT": 5962177.4073, "BRETTUSDT": 18437206.62702, "RVNUSDT": 5184903.23119, "GASUSDT": 7739446.7554, "CHZUSDT": 25037423.07758, "HMSTRUSDT": 15470715.389013, "UMAUSDT": 6962304.796, "ATAUSDT": 7796017.057, "CETUSUSDT": 17309312.38498, "ICXUSDT": 6649969.6519, "C98USDT": 8957179.6622, "POPCATUSDT": 124640683.3237, "SUNUSDT": 5520065.186174, "1000SATSUSDT": 64661605.4960364, "XTZUSDT": 21070767.0406, "YGGUSDT": 8363467.9478, "PIPPINUSDT": 32191345.58859, "OXTUSDT": 3890611.25864, "SLERFUSDT": 4943895.1794, "LQTYUSDT": 8568338.2291, "BANDUSDT": 5547040.47763, "OMUSDT": 82577899.317923, "DYMUSDT": 9439754.23081, "PHAUSDT": 11036538.44023, "1000FLOKIUSDT": 74998944.7956, "ILVUSDT": 5865210.1152, "ETHUSDT": 8516052603.49187, "SUSHIUSDT": 27856927.1302, "ARCUSDT": 173617761.60156, "NKNUSDT": 3392853.85668, "ORDIUSDT": 121263374.3689, "BANANAUSDT": 11781532.5149, "GALAUSDT": 124164771.69236, "NTRNUSDT": 3052137.1718, "MOCAUSDT": 20501072.9754, "1000WHYUSDT": 7339361.5550622, "BEAMXUSDT": 13939428.520067, "UXLINKUSDT": 44155998.3403, "VTHOUSDT": 15914174.083924, "USTCUSDT": 7480121.568781, "THETAUSDT": 30799693.75676, "API3USDT": 6606923.67745, "KAITOUSDT": 859284187.6043, "BNBUSDT": 491340515.4379, "1MBABYDOGEUSDT": 40870142.1491617, "HFTUSDT": 4102520.86207, "XAIUSDT": 15321912.15039, "EOSUSDT": 75241072.059, "MOVEUSDT": 97311688.7483, "MASKUSDT": 22738960.7454, "RUNEUSDT": 72011740.524, "CHESSUSDT": 4586054.3783, "ZRXUSDT": 11601741.51672, "AEROUSDT": 10567559.70729, "CATIUSDT": 11546691.3756, "DODOXUSDT": 4067810.475342, "1INCHUSDT": 12483996.5036, "DFUSDT": 10354543.61922, "IOTXUSDT": 8009536.44873, "KAIAUSDT": 7761017.7345, "HIFIUSDT": 4922698.9451, "BIGTIMEUSDT": 20057023.08862, "SKLUSDT": 8222855.74782, "EDUUSDT": 5284017.5213, "RPLUSDT": 4227701.6376, "ASTRUSDT": 7635602.53484, "BALUSDT": 3837720.3001, "ENSUSDT": 65129780.4151, "TWTUSDT": 6425736.5199, "XVGUSDT": 12142072.4827979, "YFIUSDT": 10743945.129, "MEUSDT": 43193234.6518, "AI16ZUSDT": 168732411.29498, "ZKUSDT": 21887739.04645, "CYBERUSDT": 6263007.1499, "REIUSDT": 2652887.39469, "STMXUSDT": 9072339.07369, "SNXUSDT": 17622564.6504, "1000BONKUSDT": 125970306.775753, "DUSDT": 9876796.28662, "POWRUSDT": 8596781.5279, "CHILLGUYUSDT": 57556168.2447, "AKTUSDT": 3922148.2287, "SPXUSDT": 34276562.7006, "HOOKUSDT": 6000335.39447, "TRUUSDT": 7899352.95117, "MBOXUSDT": 6703453.1882, "JOEUSDT": 4699819.35577, "SOLVUSDT": 56245890.134, "ALCHUSDT": 39248819.95796, "RENDERUSDT": 50107451.0447, "AIUSDT": 19632789.10649, "TRXUSDT": 128692762.80398, "BSVUSDT": 4740213.965, "SPELLUSDT": 11241148.8827196, "TOKENUSDT": 5859774.43831, "MKRUSDT": 36480973.7948, "BNXUSDT": 8696835.52014, "MINAUSDT": 10135296.4114, "1000XUSDT": 5543737.65529, "WAXPUSDT": 4322761.32051, "STEEMUSDT": 8035186.53941, "STRKUSDT": 24521606.03279, "ACXUSDT": 6970573.25864, "EIGENUSDT": 98608728.93705, "BTCUSDT_250627": 16437291.0, "1000LUNCUSDT": 18505688.71283, "SCRTUSDT": 3935222.4306, "CELRUSDT": 6884557.17023, "GLMUSDT": 10975118.77713, "ONTUSDT": 9460910.42997, "DRIFTUSDT": 12094752.2654, "BTCDOMUSDT": 8794342.9595, "DASHUSDT": 8664737.2159, "GPSUSDT": 16512790.7279, "FXSUSDT": 6769448.008, "FARTCOINUSDT": 266576288.21332, "AERGOUSDT": 9547895.5617, "1000CHEEMSUSDT": 20860090.0953345, "BNTUSDT": 2928800.26676, "QNTUSDT": 12242655.518, "TRUMPUSDT": 1047920689.84007, "1000XECUSDT": 5077850.69212, "ALTUSDT": 13422000.11449, "MYROUSDT": 8496218.75229, "PORTALUSDT": 8962672.75301, "FIDAUSDT": 10423095.30007, "XVSUSDT": 7562747.0917, "POLUSDT": 30124864.65442, "MANTAUSDT": 13613651.88289, "NEARUSDT": 119997712.539, "DENTUSDT": 6161321.549549, "EGLDUSDT": 13487610.1849, "VANAUSDT": 49627295.91916, "FETUSDT": 100523059.6817, "SANDUSDT": 78478869.33696, "AXSUSDT": 25343895.247, "SOLUSDT": 2710200220.524, "VINEUSDT": 131434678.04158, "VIRTUALUSDT": 131009097.51922, "LPTUSDT": 17440546.8581, "RLCUSDT": 5793722.54569, "MAGICUSDT": 8162547.03772, "AXLUSDT": 8512430.76172, "USUALUSDT": 95460367.7412, "NEIROETHUSDT": 21400893.41627, "MOODENGUSDT": 64490261.50555, "FLOWUSDT": 22327387.6249, "BIOUSDT": 36826926.5649, "COSUSDT": 3342961.128073, "SWELLUSDT": 7109354.22225, "IDUSDT": 9674216.91185, "TLMUSDT": 4821595.778726, "PHBUSDT": 8309765.7888, "OMNIUSDT": 10231781.00806, "ONEUSDT": 15039376.21811, "MEWUSDT": 14479457.833976, "KMNOUSDT": 5521827.1658, "PENDLEUSDT": 40960937.7674, "BLURUSDT": 14512923.24124, "ETHUSDT_250328": 15530892.16712, "RDNTUSDT": 7858643.2117, "ONDOUSDT": 214611096.18778, "VELODROMEUSDT": 5848351.0408, "FIOUSDT": 5015560.52078, "LSKUSDT": 3991676.0646, "RAYSOLUSDT": 19954044.42141, "DIAUSDT": 3512870.3189, "ALGOUSDT": 81844276.69218, "INJUSDT": 77099995.961, "AEVOUSDT": 14045830.96633, "STGUSDT": 10202297.4736, "CHRUSDT": 7714476.6722, "SAFEUSDT": 5446865.3409, "PONKEUSDT": 9412079.2182, "TSTUSDT": 279416717.786, "GOATUSDT": 82887282.1241, "TIAUSDT": 131952507.7974, "VETUSDT": 40337655.499557, "ALPHAUSDT": 6089576.78121, "RSRUSDT": 25737350.620437, "COMBOUSDT": 3316379.30462, "STXUSDT": 37708632.5062, "ZROUSDT": 29460543.50258, "MAVUSDT": 4766638.15887, "BATUSDT": 11128228.23907, "GMXUSDT": 7813589.21288, "BBUSDT": 16737812.53932, "SWARMSUSDT": 156155172.9583, "WLDUSDT": 246847081.9327, "IPUSDT": 345228379.279304, "PIXELUSDT": 12425405.76605, "DEFIUSDT": 2290591.7001, "KAVAUSDT": 13729109.88961, "ARPAUSDT": 5843397.08472, "COWUSDT": 36503674.1674, "MANAUSDT": 23249388.6627, "PENGUUSDT": 153417416.64563, "BOMEUSDT": 64699699.618941, "WOOUSDT": 7324345.65685, "XRPUSDT": 2093210636.86027, "1000PEPEUSDT": 887823680.6050637, "CRVUSDT": 147664403.0867, "MELANIAUSDT": 57142363.47828, "ONGUSDT": 4635408.43378, "WUSDT": 23297894.480544,