{"MTLUSDT": 3994993.1955, "SYNUSDT": 4156662.8784, "STGUSDT": 6582308.5472, "BADGERUSDT": 4928097.3659, "MBOXUSDT": 5217784.9567, "GMTUSDT": 38127088.40602, "IPUSDT": 127565526.554196, "PHBUSDT": 5861960.4296, "JUPUSDT": 57260556.4123, "GASUSDT": 5379791.6398, "ARCUSDT": 156840943.92296, "BAKEUSDT": 10379246.3593, "ORDIUSDT": 100514533.5766, "AXSUSDT": 17156483.431, "ARBUSDT": 79128561.08224, "SANDUSDT": 50285126.63085, "IDUSDT": 9030133.50509, "NEOUSDT": 14710519.80972, "FILUSDT": 117587278.6878, "DEGENUSDT": 10320198.199153, "OMNIUSDT": 8878654.27139, "STORJUSDT": 7443165.4699, "BBUSDT": 10996958.13239, "UMAUSDT": 5878017.73, "MAGICUSDT": 6799071.97686, "MYROUSDT": 5870470.80561, "NTRNUSDT": 2456520.0398, "BSVUSDT": 3740842.047, "MORPHOUSDT": 20155274.83943, "ANKRUSDT": 4834244.08388, "USDCUSDT": 3855540.21831, "HIVEUSDT": 14709057.24268, "TRUMPUSDT": 734244654.19675, "IOTXUSDT": 5827425.22007, "EGLDUSDT": 10723509.5802, "CGPTUSDT": 15342627.01494, "QUICKUSDT": 1918598.9391, "OMUSDT": 58612870.57217, "ZRXUSDT": 8173576.31438, "JASMYUSDT": 25266916.315029, "HFTUSDT": 3758653.59858, "LUMIAUSDT": 9985747.5024, "FLMUSDT": 5775944.0169, "1000LUNCUSDT": 12808810.27006, "WAXPUSDT": 3131515.89955, "EOSUSDT": 62055031.875, "ALGOUSDT": 61206652.46391, "NILUSDT": 69429300.80188, "KAIAUSDT": 5583157.725, "POLYXUSDT": 5760322.54836, "WLDUSDT": 195206527.5052, "STXUSDT": 26448627.4119, "VOXELUSDT": 3875782.6256, "FARTCOINUSDT": 265906834.21427, "OGNUSDT": 4744613.2814, "1000FLOKIUSDT": 46699017.65881, "XTZUSDT": 11834525.5872, "AIXBTUSDT": 76493070.63413, "GRASSUSDT": 22030079.92536, "JOEUSDT": 3771330.61429, "PIXELUSDT": 8634960.50649, "BNBUSDT": 457248862.6754, "SOLUSDT": 2694723663.521, "DYMUSDT": 8588042.31597, "BICOUSDT": 3221529.2598, "HMSTRUSDT": 15204868.822243, "LAYERUSDT": 106553481.71321, "PERPUSDT": 2925028.67466, "BIOUSDT": 25739673.7111, "AVAXUSDT": 226440373.729, "CAKEUSDT": 21384507.682, "XMRUSDT": 18220193.24764, "PROMUSDT": 4420712.4682, "B3USDT": 15434848.36177, "ICXUSDT": 4561981.7486, "PNUTUSDT": 301183031.10538, "LPTUSDT": 11594098.2174, "BTCUSDT_250328": 30289900.2715, "ETHUSDT": 7647282889.61602, "SXPUSDT": 8902756.82958, "MOCAUSDT": 12119160.4449, "ENAUSDT": 367506598.2035, "ANIMEUSDT": 26143668.5275, "BCHUSDT": 91182038.74733, "VINEUSDT": 74095018.03869, "1000CHEEMSUSDT": 20504636.2576729, "BTCUSDT_250627": 18162718.326, "FIDAUSDT": 8312380.20705, "TROYUSDT": 8983616.620757, "ARKUSDT": 6615854.7306, "MOVRUSDT": 4454301.61229, "MAVUSDT": 4175757.83694, "CYBERUSDT": 5489836.617, "RSRUSDT": 19207075.639504, "SFPUSDT": 3300821.0166, "DUSKUSDT": 3969102.04469, "ZECUSDT": 7325406.76634, "NMRUSDT": 4823043.4732, "LUNA2USDT": 10605550.0262, "ASTRUSDT": 5320529.805065, "SPELLUSDT": 11241148.8827196, "CTSIUSDT": 4190400.4037, "ONEUSDT": 10248518.36813, "1000RATSUSDT": 16490005.35098, "LISTAUSDT": 8026198.9472, "1000BONKUSDT": 82636587.103669, "SUSHIUSDT": 19850526.6267, "IOTAUSDT": 20613653.9346, "XVGUSDT": 8213976.1187112, "MKRUSDT": 33761723.5584, "EPICUSDT": 23023479.98658, "PORTALUSDT": 6753441.91088, "QNTUSDT": 9327306.594, "ONTUSDT": 7130446.16305, "MUBARAKUSDT": 171195632.2693, "STEEMUSDT": 5140568.43168, "ALPACAUSDT": 4154499.68279, "ETHUSDT_250627": 7524704.21821, "ETHFIUSDT": 52548736.7247, "COOKIEUSDT": 25230246.9321, "FXSUSDT": 5731799.31311, "USUALUSDT": 52546849.7049, "EIGENUSDT": 74632181.17412, "HOTUSDT": 6363443.937496, "SKLUSDT": 6696672.52125, "ALICEUSDT": 7437027.9112, "BSWUSDT": 3509224.55102, "BALUSDT": 3032627.1252, "RENDERUSDT": 39692707.2863, "CRVUSDT": 106669822.1145, "BTCUSDT": 14403072504.9993, "TUTUSDT": 30091307.88142, "AIUSDT": 13304477.89079, "BATUSDT": 7498230.97576, "VIRTUALUSDT": 86245954.55476, "AERGOUSDT": 6743174.5667, "COMPUSDT": 14907974.63193, "SPXUSDT": 33586501.3963, "NFPUSDT": 5820322.7446, "RLCUSDT": 5272879.51563, "CHZUSDT": 18747545.81034, "APEUSDT": 49215127.2351, "ATAUSDT": 5790510.6942, "DOGSUSDT": 34542344.0431493, "XRPUSDT": 1833571457.29949, "WOOUSDT": 5524730.87536, "HIPPOUSDT": 6696949.5885, "SLERFUSDT": 3235421.0313, "BRETTUSDT": 13688244.36797, "DEXEUSDT": 13230423.13595, "ZETAUSDT": 5653841.0896, "GRTUSDT": 19457114.84651, "CFXUSDT": 18887491.91019, "VANAUSDT": 43106419.67789, "SAGAUSDT": 20106549.00914, "DENTUSDT": 4473940.504595, "ARPAUSDT": 4497120.35975, "BERAUSDT": 106594301.6947, "XLMUSDT": 109542831.67625, "KMNOUSDT": 4034770.44632, "BIGTIMEUSDT": 13680742.74287, "BTCDOMUSDT": 7462108.7942, "AXLUSDT": 7564463.08931, "DFUSDT": 11198664.6838, "BOMEUSDT": 51679761.146078, "ETHUSDT_250328": 14922516.95222, "GALAUSDT": 83510553.93206, "NEIROUSDT": 181369185.2158872, "DOGEUSDT": 1054784597.18187, "LRCUSDT": 5750249.23479, "AI16ZUSDT": 123942283.95517, "ALCHUSDT": 50432249.64667, "RAYSOLUSDT": 20467159.0138, "CKBUSDT": 6849584.70047, "TRUUSDT": 5892318.459, "NOTUSDT": 41879350.652785, "MOODENGUSDT": 33469532.18002, "XAIUSDT": 11034268.77187, "ARUSDT": 28612554.6564, "RONINUSDT": 4851425.70874, "CHESSUSDT": 3705135.0162, "NEARUSDT": 107124814.848, "FORMUSDT": 66604319.63923, "COTIUSDT": 9263848.39239, "FLUXUSDT": 2924232.7397, "VETUSDT": 29146309.190613, "REDUSDT": 113002145.6468, "YGGUSDT": 6446024.3898, "METISUSDT": 4388370.0967, "BLURUSDT": 11351294.30365, "SAFEUSDT": 4335445.5847, "GMXUSDT": 6580321.38453, "IMXUSDT": 13180469.0425, "ENSUSDT": 39551078.4343, "AEVOUSDT": 10975555.68616, "ACEUSDT": 4664231.869036, "FLOWUSDT": 14782502.7602, "GRIFFAINUSDT": 73931277.53762, "VANRYUSDT": 10136236.32677, "USTCUSDT": 5531861.491268, "THEUSDT": 31762266.11767, "ETHWUSDT": 3497140.6154, "XVSUSDT": 5559606.0812, "KNCUSDT": 3973501.1344, "1000XUSDT": 4472404.12009, "PEOPLEUSDT": 37944917.58878, "ICPUSDT": 25533593.745, "COMBOUSDT": 2771419.87572, "REZUSDT": 9073713.56312, "GOATUSDT": 46281706.972, "KOMAUSDT": 8420754.77392, "GUSDT": 3844596.44059, "LINKUSDT": 326806288.04225, "AAVEUSDT": 203971235.145, "TRBUSDT": 27248817.7297, "CELRUSDT": 4619342.22254, "KAVAUSDT": 12846754.78796, "TSTUSDT": 104063424.9887, "KAITOUSDT": 146612477.27305, "1000XECUSDT": 3503926.89138, "UXLINKUSDT": 27095320.3175, "BMTUSDT": 53062767.9548, "ACXUSDT": 5610171.93514, "DEGOUSDT": 3589312.5377, "ETCUSDT": 71704738.31807, "HEIUSDT": 12538435.7414, "VIDTUSDT": 5553435.2024, "GPSUSDT": 23951760.7046, "C98USDT": 7155295.4405, "DIAUSDT": 2820840.0168, "MEMEUSDT": 21328940.69598, "HIFIUSDT": 3458824.0234, "AEROUSDT": 7491763.38375, "TOKENUSDT": 3645208.86107, "WIFUSDT": 315701313.49682, "SEIUSDT": 55650947.0348, "YFIUSDT": 7750683.433, "1000WHYUSDT": 4551846.5911721, "PIPPINUSDT": 21119749.87652, "ALTUSDT": 10559076.22295, "BANDUSDT": 4402430.75471, "PHAUSDT": 7375707.87385, "UNIUSDT": 89538957.773, "NEIROETHUSDT": 16056881.77592, "BANANAUSDT": 11455344.7799, "ZEREBROUSDT": 37985132.7205, "1000SATSUSDT": 50408004.6907096, "ZILUSDT": 8426824.84236, "VVVUSDT": 15096725.26462, "WUSDT": 17063665.928362, "BRUSDT": 15224104.8172, "RDNTUSDT": 5177820.57028, "BIDUSDT": 6310884.98587, "1MBABYDOGEUSDT": 30686323.940056, "POLUSDT": 23870781.86502, "SSVUSDT": 12338814.90346, "EDUUSDT": 4436335.4815, "SHELLUSDT": 55175053.5813, "KASUSDT": 17548416.50726, "QTUMUSDT": 8621902.6458, "LTCUSDT": 273549988.87716, "TUSDT": 3521602.86381, "RPLUSDT": 3717136.2311, "CATIUSDT": 9543376.5159, "PENGUUSDT": 93052426.02154, "TLMUSDT": 3454914.182532, "CELOUSDT": 8886624.6289, "MELANIAUSDT": 40341628.54827, "BROCCOLI714USDT": 21336200.61806, "OPUSDT": 82232599.05204, "SUIUSDT": 628598685.11342, "SNXUSDT": 14384561.6921, "RUNEUSDT": 53758035.462, "STRKUSDT": 19546311.52628, "BNTUSDT": 2677316.64002, "ROSEUSDT": 9274992.66356, "MANAUSDT": 18649688.0502, "LQTYUSDT": 6120713.83424, "ILVUSDT": 4596164.7671, "SYSUSDT": 2817390.10981, "LEVERUSDT": 4972797.2251846, "GTCUSDT": 4974318.4094, "DYDXUSDT": 42255638.3875, "HOOKUSDT": 4122502.13749, "ORCAUSDT": 6020921.2036, "APTUSDT": 110099927.14899, "SIRENUSDT": 31517992.19582, "1000000MOGUSDT": 12043726.05326, "SONICUSDT": 14028366.90853, "FIOUSDT": 3024443.90922, "FETUSDT": 80267716.5811, "AKTUSDT": 3443121.7227,