{"MOODENGUSDT": 672805158.54199, "REEFUSDT": 52459150.230345, "RPLUSDT": 4009585.7816, "QUICKUSDT": 3560294.30074, "JASMYUSDT": 31741808.032929, "1MBABYDOGEUSDT": 117235316.0644013, "VANRYUSDT": 9513917.9225, "THETAUSDT": 15839861.20538, "FLMUSDT": 6046504.9368, "ETHWUSDT": 2370460.2778, "OMGUSDT": 3026638.08544, "UNFIUSDT": 6962985.5539, "CHESSUSDT": 5662173.5212, "SCRUSDT": 44850405.2468, "APTUSDT": 112606583.435, "IDUSDT": 5644982.48871, "BLURUSDT": 22579269.3113, "BTCDOMUSDT": 2340369.0826, "IOTXUSDT": 4747265.97199, "LPTUSDT": 10051273.1702, "SYSUSDT": 5664992.2547, "GALAUSDT": 61294791.14171, "IOUSDT": 62158624.2026, "SAFEUSDT": 24659634.4556, "PNUTUSDT": 497475449.39639, "DEFIUSDT": 918012.1571, "CRVUSDT": 67868698.441, "TRXUSDT": 53852381.99599, "1000000MOGUSDT": 41843262.77193, "MANTAUSDT": 16116609.38426, "TLMUSDT": 4332693.30319, "MAVIAUSDT": 7555473.91481, "SNXUSDT": 9561048.6766, "BBUSDT": 24211198.076, "CKBUSDT": 14366660.162667, "ONEUSDT": 5153578.77359, "JUPUSDT": 34242799.2355, "EIGENUSDT": 126542440.4926, "JOEUSDT": 2808536.6129, "ALICEUSDT": 7644805.6939, "1INCHUSDT": 9994500.8403, "ENAUSDT": 130618166.2335, "DYMUSDT": 18874258.24533, "PONKEUSDT": 32478718.51411, "STORJUSDT": 11637469.437, "HIFIUSDT": 5514044.4623, "BELUSDT": 5951891.539, "LQTYUSDT": 7393542.45385, "ACHUSDT": 5725978.161928, "TOKENUSDT": 9191514.44576, "SFPUSDT": 3153058.4994, "ICPUSDT": 25242987.949, "HMSTRUSDT": 62522162.318118, "TURBOUSDT": 57095869.940979, "BTCUSDT": 12933895810.7382, "NEOUSDT": 11570288.04901, "1000RATSUSDT": 56741741.60225, "SANDUSDT": 21189777.1586, "FETUSDT": 127962584.4995, "SXPUSDT": 6314314.72554, "ARBUSDT": 64358112.43689, "GTCUSDT": 6419121.049, "RLCUSDT": 3116178.47689, "BTCUSDT_250328": 14624727.8286, "GLMUSDT": 5011729.03703, "ACTUSDT": 669106121.36843, "TONUSDT": 94845683.20493, "AIUSDT": 14959838.59696, "DEGENUSDT": 30484813.684521, "ONDOUSDT": 49681996.28705, "COSUSDT": 3742196.863345, "POLUSDT": 30139574.1161, "LTCUSDT": 88307190.71691, "AXLUSDT": 8132220.19462, "SKLUSDT": 3975759.21992, "COMPUSDT": 7981179.26009, "1000XECUSDT": 3402509.11814, "LRCUSDT": 4285691.74883, "HBARUSDT": 13765520.02523, "HOTUSDT": 5885682.855069, "RSRUSDT": 11095724.321738, "AMBUSDT": 5570503.446766, "NTRNUSDT": 2994141.1654, "BICOUSDT": 3295741.13, "ASTRUSDT": 5965560.511614, "DOTUSDT": 67785968.9232, "PYTHUSDT": 13874441.6898, "LDOUSDT": 30166420.0117, "KSMUSDT": 4985803.7897, "POLYXUSDT": 7073255.62021, "METISUSDT": 4993839.4874, "MANAUSDT": 13248584.4882, "LOOMUSDT": 4988800.9771, "STXUSDT": 52351574.3133, "BATUSDT": 3378595.60859, "RVNUSDT": 3818539.1792, "API3USDT": 7911257.01735, "1000SATSUSDT": 174565302.2788924, "MASKUSDT": 13371307.3116, "NULSUSDT": 3731213.3523, "HFTUSDT": 2136058.36094, "ETHUSDT": 5523868083.81981, "RENUSDT": 4102754.08363, "BONDUSDT": 5422196.2117, "ETHUSDT_250328": 6581479.23847, "XLMUSDT": 15972229.33597, "FIOUSDT": 8753141.95093, "PIXELUSDT": 20199444.4187, "1000LUNCUSDT": 19930444.06367, "STRKUSDT": 35141265.04279, "NOTUSDT": 120905544.56098, "CAKEUSDT": 6800931.0, "OGNUSDT": 3961465.8666, "YFIUSDT": 4868658.035, "OMUSDT": 21961429.382938, "AAVEUSDT": 106850778.398, "ROSEUSDT": 11251493.41429, "PEOPLEUSDT": 140959081.84752, "MYROUSDT": 16231548.51102, "WUSDT": 16973607.19808, "SEIUSDT": 84897391.6659, "ATAUSDT": 3965733.4527, "BOMEUSDT": 115273983.975852, "AERGOUSDT": 4343042.6541, "DUSKUSDT": 6013497.4313, "NEIROETHUSDT": 174063202.8836, "AUCTIONUSDT": 9304017.48418, "XMRUSDT": 10607464.91347, "LSKUSDT": 2227102.7729, "INJUSDT": 80485803.0938, "ALPACAUSDT": 10819195.74223, "BANDUSDT": 4048337.60075, "CETUSUSDT": 127914198.45635, "KLAYUSDT": 3487644.97248, "MAGICUSDT": 5246923.81234, "AGLDUSDT": 3925253.3474, "SOLUSDT": 2107370703.744, "ARKUSDT": 4825208.0624, "MBOXUSDT": 7470055.8513, "RIFUSDT": 3787267.14526, "DODOXUSDT": 2911632.717851, "ADAUSDT": 110582343.8458, "KASUSDT": 15043648.86294, "ZECUSDT": 14238842.99885, "SSVUSDT": 10638525.3928, "XTZUSDT": 5979221.3858, "VOXELUSDT": 6621444.8832, "TNSRUSDT": 14208632.64192, "EGLDUSDT": 7336249.2298, "SPELLUSDT": 4638390.63103, "CELOUSDT": 13803380.6943, "TUSDT": 4167927.53192, "ALTUSDT": 22095302.1467, "DENTUSDT": 3162362.411607, "GMXUSDT": 5320310.03659, "BSWUSDT": 3269588.60926, "QNTUSDT": 4653343.541, "RDNTUSDT": 13749709.80308, "LUNA2USDT": 8554641.7381, "ARPAUSDT": 6308722.92379, "LOKAUSDT": 2970177.9167, "SYNUSDT": 8930609.5916, "BNBUSDT": 312270580.9246, "TRUUSDT": 7330163.96694, "EDUUSDT": 7513807.8111, "BCHUSDT": 78321790.31545, "SUSHIUSDT": 12091220.179, "RONINUSDT": 4024184.89626, "REIUSDT": 4298914.07019, "RUNEUSDT": 51036382.086, "BNTUSDT": 2093561.52035, "ICXUSDT": 3044449.1457, "GASUSDT": 5790014.7921, "BADGERUSDT": 2720403.995, "HIPPOUSDT": 62908011.09563, "DARUSDT": 11047845.14092, "USTCUSDT": 8184397.65211, "LINAUSDT": 9606604.60845, "STEEMUSDT": 1582354.78408, "VETUSDT": 9056131.029064, "ARUSDT": 29907197.7616, "PENDLEUSDT": 48608817.1974, "SWELLUSDT": 81655473.59311, "CATIUSDT": 90190996.1235, "C98USDT": 5174449.7372, "FIDAUSDT": 22601343.5847, "BIGTIMEUSDT": 41300004.0895, "MEMEUSDT": 20363142.678209, "BLZUSDT": 4714310.44429, "KDAUSDT": 5067135.8538, "MKRUSDT": 33973884.6301, "ALGOUSDT": 9972502.71164, "XAIUSDT": 20648841.7449, "GRASSUSDT": 70120433.58322, "USDCUSDT": 806047.945464, "RENDERUSDT": 34437963.4371, "ETHFIUSDT": 43175069.93835, "BEAMXUSDT": 14399509.740444, "OPUSDT": 73631355.97406, "GMTUSDT": 22255675.12431, "ZETAUSDT": 25042089.8913, "COTIUSDT": 9401322.36639, "ACEUSDT": 11210264.350742, "ETHUSDT_241227": 10429194.93669, "ZILUSDT": 5565189.449, "EOSUSDT": 36769256.1474, "FILUSDT": 84356891.3427, "IOSTUSDT": 3664710.2533, "ZKUSDT": 26132491.83575, "CHZUSDT": 12820358.37548, "GOATUSDT": 430529102.0834, "XVGUSDT": 2670528.6426414, "CFXUSDT": 22193833.03394, "TRBUSDT": 43774735.6914, "1000BONKUSDT": 77197155.868586, "REZUSDT": 18535330.00238, "DYDXUSDT": 40861140.8098, "VIDTUSDT": 23215954.14019, "WOOUSDT": 7484396.07667, "MINAUSDT": 11117462.0077, "TAOUSDT": 74235089.20596, "FTMUSDT": 150574887.7896, "YGGUSDT": 15992599.9199, "POWRUSDT": 3520411.7726, "WLDUSDT": 234223246.2658, "CHRUSDT": 7039359.5433, "DOGEUSDT": 310244970.07548, "FXSUSDT": 3446260.84434, "MEWUSDT": 84351950.083057, "ATOMUSDT": 44220182.27018, "ALPHAUSDT": 3795388.76362, "BANANAUSDT": 23038850.3821, "UMAUSDT": 11892704.412, "BTCUSDT_241227": 17607618.386, "1000XUSDT": 17221048.07483, "DOGSUSDT": 159549828.3836219, "ANKRUSDT": 4107936.36582, "NFPUSDT": 7496558.76484, "BAKEUSDT": 12711333.9517, "BALUSDT": 3135968.6104, "LITUSDT": 5003133.6829, "WIFUSDT": 511170274.46808, "GHSTUSDT": 3712630.548, "HOOKUSDT": 6923408.89755, "NEARUSDT": 109029064.154, "ZRXUSDT": 5540015.72944, "STGUSDT": 4741183.9499, "ORBSUSDT": 4154640.993928, "LISTAUSDT": 19366083.7667, "OXTUSDT": 2038245.98882, "XRPUSDT": 287185085.21189, "AVAXUSDT": 157086862.329, "BSVUSDT": 5272129.185, "CYBERUSDT": 6935081.7447, "WAXPUSDT": 2499539.26978, "ORDIUSDT": 209402143.7036, "IMXUSDT": 17887058.8417, "MAVUSDT": 5282154.596, "AEVOUSDT": 18837069.48052, "PORTALUSDT": 9785851.73327, "ZENUSDT": 6502044.5115, "CELRUSDT": 3781269.41375, "FLOWUSDT": 8710453.652, "TROYUSDT": 102173745.263403, "GUSDT": 4657090.47073, "SANTOSUSDT": 38111194.3143, "GRTUSDT": 17256659.01485, "1000CATUSDT": 64650695.406, "ENJUSDT": 5217220.17297, "NEIROUSDT": 854127333.3588283, "SAGAUSDT": 115041827.33336, "ETCUSDT": 42681853.86941, "KNCUSDT": 3417082.2038, "ZROUSDT": 51736850.32319, "UNIUSDT": 59992585.196, "KEYUSDT": 5780867.0343924, "COMBOUSDT": 2582766.31164, "SUIUSDT": 482067722.75927, "ENSUSDT": 27465954.8787, "HIGHUSDT": 8933303.71749, "DIAUSDT": 35879653.5041, "LEVERUSDT": 6093789.9782447, "FLUXUSDT": 4637078.0658, "XEMUSDT": 4483521.1258, "KAVAUSDT": 6482705.83347, "NMRUSDT": 4104236.8369, "SUNUSDT": 29932605.422699, "COWUSDT": 134281745.5538, "ONTUSDT": 4594319.88378, "PHBUSDT": 9122672.272, "TIAUSDT": 174274970.2294, "JTOUSDT": 35565235.1656, "1000PEPEUSDT": 702100335.0387862, "TWTUSDT": 3548227.4, "LINKUSDT": 110613901.93349,