{"ETHFIUSDT": 69943370.81159, "GASUSDT": 7907735.1365, "CHESSUSDT": 4745414.1482, "THEUSDT": 50737631.07371, "DYMUSDT": 9908257.66666, "1000CHEEMSUSDT": 21934095.3031532, "LTCUSDT": 323017345.71138, "CELOUSDT": 12811526.645, "BBUSDT": 18609521.66326, "USTCUSDT": 7641276.168119, "BERAUSDT": 229681000.286, "1000000MOGUSDT": 19267799.8669, "1000WHYUSDT": 7553735.7581697, "AEROUSDT": 10748185.49949, "XTZUSDT": 23735917.0415, "ILVUSDT": 6103702.9076, "DEGOUSDT": 3589312.5377, "XAIUSDT": 16394347.18845, "MKRUSDT": 37654284.1641, "GTCUSDT": 7570825.5502, "PEOPLEUSDT": 50357165.37338, "MEUSDT": 46825411.9273, "CFXUSDT": 24847213.06628, "MELANIAUSDT": 57142363.47828, "MANTAUSDT": 13877648.16, "NULSUSDT": 3016914.6086, "ORCAUSDT": 8017768.5353, "IOSTUSDT": 6500564.799722, "ROSEUSDT": 12371016.20411, "DYDXUSDT": 54053543.3803, "STEEMUSDT": 8264933.40516, "PERPUSDT": 4322666.85828, "JUPUSDT": 71834881.5037, "DIAUSDT": 3869232.985, "RAYSOLUSDT": 19954044.42141, "DUSKUSDT": 5440046.50698, "DUSDT": 10897641.78739, "BTCUSDT_250328": 30443964.9202, "1000XECUSDT": 5728662.69487, "AVAXUSDT": 255001653.422, "AIXBTUSDT": 110850101.62246, "STXUSDT": 38889473.6203, "ZETAUSDT": 7353667.0006, "LSKUSDT": 4191587.5417, "JOEUSDT": 4758084.62319, "C98USDT": 9205762.106, "LUNA2USDT": 16408778.2653, "USDCUSDT": 5506013.033914, "BNBUSDT": 498327679.6604, "FARTCOINUSDT": 266576288.21332, "NKNUSDT": 3394378.23118, "METISUSDT": 5859033.9041, "AUCTIONUSDT": 14901526.44634, "DEGENUSDT": 17470883.223958, "EGLDUSDT": 13557792.3956, "ARKUSDT": 9553744.0658, "PENDLEUSDT": 43239497.4162, "HOOKUSDT": 6000335.39447, "GRIFFAINUSDT": 93755968.95255, "VANRYUSDT": 11377176.23489, "STRKUSDT": 25451043.60858, "MBOXUSDT": 6717921.9371, "DEXEUSDT": 25500966.99895, "STMXUSDT": 11115147.28114, "OGNUSDT": 6996858.1695, "CKBUSDT": 9507261.556532, "SUIUSDT": 772350229.5262, "LISTAUSDT": 11495861.9146, "GPSUSDT": 20489353.6366, "MORPHOUSDT": 48412755.08858, "AKTUSDT": 4145216.2841, "DOTUSDT": 169075136.2109, "SANDUSDT": 78478869.33696, "FILUSDT": 148148644.304, "PHAUSDT": 14163151.10353, "AVAUSDT": 11092939.95945, "SONICUSDT": 18540811.38281, "STORJUSDT": 11698953.7333, "KAITOUSDT": 1228884006.55186, "DASHUSDT": 10758654.56575, "MTLUSDT": 5747405.8336, "LPTUSDT": 16556473.1168, "AMBUSDT": 4611214.042884, "TOKENUSDT": 6985759.86231, "SCRTUSDT": 4571278.902, "REIUSDT": 2689228.87798, "EDUUSDT": 5320165.7801, "SWARMSUSDT": 159961972.9359, "ORDIUSDT": 121263374.3689, "IDUSDT": 10282255.8437, "ONDOUSDT": 202283203.58515, "RVNUSDT": 5335498.01318, "REZUSDT": 9230638.19468, "DEFIUSDT": 2368503.8434, "VANAUSDT": 49627295.91916, "RENDERUSDT": 50808553.3217, "IPUSDT": 402033213.845629, "ZILUSDT": 11396849.2199, "MAVUSDT": 4811770.19607, "ADAUSDT": 534831276.5203, "OPUSDT": 101347067.55548, "LOKAUSDT": 3207380.651, "FIOUSDT": 5150414.19341, "SAGAUSDT": 26118468.6094, "LDOUSDT": 108928908.5623, "SNXUSDT": 18327069.2973, "VELODROMEUSDT": 6313136.52553, "1000SHIBUSDT": 176729884.028079, "RLCUSDT": 5846597.95896, "RONINUSDT": 7387284.14086, "CYBERUSDT": 6271449.5842, "LQTYUSDT": 8959729.88975, "LRCUSDT": 7351205.30013, "BANANAUSDT": 12014855.5715, "ZKUSDT": 24290195.55853, "BANDUSDT": 5547040.47763, "TUSDT": 4422630.00751, "MOVRUSDT": 6395231.59667, "1INCHUSDT": 12507235.7867, "NEIROUSDT": 255229879.9481149, "WAXPUSDT": 4562660.58292, "ASTRUSDT": 8194607.037998, "AAVEUSDT": 230334032.691, "CATIUSDT": 11571263.5879, "VVVUSDT": 71898715.24905, "GHSTUSDT": 2414871.3587, "ALPHAUSDT": 6433858.70262, "ICXUSDT": 7178768.0106, "TURBOUSDT": 58910158.7015618, "SYNUSDT": 6383501.41, "SANTOSUSDT": 4352244.1547, "SHELLUSDT": 63295284.7114, "HEIUSDT": 30174300.22714, "AI16ZUSDT": 169478883.97637, "VINEUSDT": 169786860.64533, "GRTUSDT": 24873099.19986, "UXLINKUSDT": 41766717.8059, "BLURUSDT": 15309304.58202, "CRVUSDT": 150596510.3499, "SPXUSDT": 34531023.181, "TAOUSDT": 129924973.74069, "FLUXUSDT": 4241814.5733, "BAKEUSDT": 11903357.0084, "CHRUSDT": 8435039.8279, "OMNIUSDT": 10371197.29544, "MEMEUSDT": 25247632.369877, "LINAUSDT": 7707393.97631, "ONEUSDT": 16116454.52191, "ETHUSDT_250627": 8029289.10862, "INJUSDT": 77347438.0307, "COMPUSDT": 18757649.86665, "WOOUSDT": 7386338.42537, "BALUSDT": 3912833.5135, "APTUSDT": 138948507.23389, "SSVUSDT": 18192228.31041, "BICOUSDT": 4840949.6845, "LAYERUSDT": 92320765.4212, "RUNEUSDT": 72011740.524, "SOLVUSDT": 54841068.7051, "SWELLUSDT": 7109354.22225, "CETUSUSDT": 19051295.56092, "API3USDT": 7022317.30946, "AVAAIUSDT": 39400143.45223, "AIUSDT": 20526576.97529, "BANUSDT": 78090973.1762, "PYTHUSDT": 23156487.30691, "GOATUSDT": 98969841.4003, "APEUSDT": 63585389.2562, "LINKUSDT": 374852182.10975, "MASKUSDT": 22975076.9686, "XMRUSDT": 21833263.12195, "1000XUSDT": 6185779.02798, "CGPTUSDT": 22535048.47746, "KNCUSDT": 5090141.4348, "ZENUSDT": 48233182.0319, "1000PEPEUSDT": 940577337.2899642, "GRASSUSDT": 27631036.36447, "TIAUSDT": 131952507.7974, "UNIUSDT": 135139837.446, "GALAUSDT": 124164771.69236, "ARKMUSDT": 46524373.1921, "MINAUSDT": 10289790.3519, "PNUTUSDT": 353316612.09488, "TLMUSDT": 5114674.730239, "ANIMEUSDT": 52060482.6821, "JTOUSDT": 42521202.864, "ZROUSDT": 31447945.53516, "RDNTUSDT": 7967567.70413, "XVSUSDT": 7072254.7243, "CTSIUSDT": 5532422.2801, "ALICEUSDT": 9117749.8797, "ALGOUSDT": 83393254.6157, "POLUSDT": 31608587.68203, "TRXUSDT": 126452016.28243, "SYSUSDT": 3037905.57508, "OXTUSDT": 4070763.89593, "ETHUSDT": 8691240349.6159, "WIFUSDT": 406008365.86266, "VIRTUALUSDT": 153073852.8839, "HBARUSDT": 213853455.02119, "ALPACAUSDT": 4455974.86161, "SFPUSDT": 4433436.9119, "TRUUSDT": 7995903.33054, "XRPUSDT": 2193794639.03335, "ZRXUSDT": 14156048.13271, "HIGHUSDT": 6858463.19446, "QTUMUSDT": 11192753.1102, "SUPERUSDT": 12511586.9547, "SUSHIUSDT": 31797853.6944, "ACXUSDT": 7239731.89052, "SOLUSDT": 2710200220.524, "NEOUSDT": 20767718.77223, "FXSUSDT": 7835719.94921, "SEIUSDT": 77255170.1766, "FLMUSDT": 7574543.4996, "YGGUSDT": 8506315.6977, "NMRUSDT": 6149930.8205, "POPCATUSDT": 134418280.8807, "RAREUSDT": 6379210.56815, "BIGTIMEUSDT": 21357965.51227, "AGLDUSDT": 28186838.0249, "PIPPINUSDT": 36578614.57573, "COTIUSDT": 10568647.33305, "UMAUSDT": 6970760.904, "GLMUSDT": 10975118.77713, "DENTUSDT": 6283945.765023, "MAGICUSDT": 8271499.00952, "KAVAUSDT": 14518832.07955, "ETHWUSDT": 4747290.8728, "NEIROETHUSDT": 21400893.41627, "TRBUSDT": 33470797.0579, "1000FLOKIUSDT": 80535913.62431, "BRETTUSDT": 19804172.33519, "LUMIAUSDT": 10870700.4641, "WUSDT": 23911689.953104, "MOODENGUSDT": 69199039.90379, "PENGUUSDT": 164130718.266302, "SUSDT": 45705697.4669, "QUICKUSDT": 2172912.73259, "VTHOUSDT": 18642507.187377, "IOUSDT": 50494037.49516, "B3USDT": 25298249.38312, "TNSRUSDT": 12131305.46195, "ACTUSDT": 170542102.25676, "NEARUSDT": 119997712.539, "BATUSDT": 11223640.23142, "ARBUSDT": 113031462.22963, "COSUSDT": 3867093.907325, "PROMUSDT": 6604646.3632, "DODOXUSDT": 4305084.325867, "CHZUSDT": 25419826.70864, "ARUSDT": 37629417.8131, "BTCUSDT": 14702795800.1606, "ACHUSDT": 11500687.439194, "KMNOUSDT": 5521827.1658, "XLMUSDT": 153838702.85848, "POWRUSDT": 9080835.3742, "NTRNUSDT": 3061776.7452, "ONGUSDT": 5212290.79331, "NFPUSDT": 7865028.54508, "BTCDOMUSDT": 8819694.3164, "OMGUSDT": 1964035.24379, "LITUSDT": 5997615.889, "KASUSDT": 20380425.07264, "KSMUSDT": 10700621.1999, "NOTUSDT": 45829881.228388, "IOTXUSDT": 8348552.14952, "CHILLGUYUSDT": 59601652.8272, "SUNUSDT": 6685841.362699, "ZEREBROUSDT": 40524343.4558, "GMTUSDT": 46320797.79874, "ICPUSDT": 34279646.899, "ALCHUSDT": 37742093.11636, "ZECUSDT": 11052475.63333, "DRIFTUSDT": 15151100.1665, "HIFIUSDT": 5260195.3464, "DOGSUSDT": 41550203.5367968, "FETUSDT": 103225775.9516, "HIVEUSDT": 21129833.5295, "ATOMUSDT": 60367191.54656, "1000CATUSDT": 28701388.06429, "ENSUSDT": 74308843.7876, "VETUSDT": 40378986.976909, "HFTUSDT": 4114273.7036, "VOXELUSDT": 5182281.1179, "1000BONKUSDT": 146753826.350899, "DFUSDT": 10691793.64082, "GMXUSDT": 8216667.9496, "SCRUSDT": 16172738.5749, "PIXELUSDT": 13294498.34224, "THETAUSDT": 32118296.2447,