{"CHZUSDT": 9331240.1416, "BERAUSDT": 34841285.2764, "PORTALUSDT": 5584955.7314, "WCTUSDT": 74476631.0907, "SOLVUSDT": 10156037.61173, "SIGNUSDT": 12899127.40674, "ENSUSDT": 25562679.2649, "SYNUSDT": 2718273.9286, "ARKUSDT": 3498573.8395, "BROCCOLIF3BUSDT": 12158818.61474, "TURBOUSDT": 23604525.1659185, "COWUSDT": 7033927.5872, "ATAUSDT": 2402725.7467, "EPTUSDT": 6932362.412368, "MOCAUSDT": 3173633.44598, "SSVUSDT": 6497331.36112, "FILUSDT": 97502214.6456, "SPXUSDT": 25956885.8199, "SPKUSDT": 163504492.51321, "UXLINKUSDT": 8902939.8662, "PEOPLEUSDT": 26892564.68598, "BABYUSDT": 18232317.94016, "IOTAUSDT": 8144363.11241, "GRIFFAINUSDT": 22036733.24799, "IOUSDT": 12295858.65695, "HBARUSDT": 59671757.36946, "SUSDT": 45336443.011, "1000000MOGUSDT": 8247153.18935, "ALGOUSDT": 28692581.37647, "DYMUSDT": 4838847.7974, "BIDUSDT": 2945813.31254, "ALCHUSDT": 25065619.12787, "IDUSDT": 4767614.99217, "ARCUSDT": 30310743.02795, "STGUSDT": 2808919.7482, "BLURUSDT": 6583147.08936, "HIPPOUSDT": 6736767.259806, "AIOTUSDT": 6532829.70859, "SWELLUSDT": 2588855.44572, "NMRUSDT": 2770949.1743, "HMSTRUSDT": 5816561.650302, "UNIUSDT": 73257693.624, "FLMUSDT": 10019581.4857, "QTUMUSDT": 4886395.6788, "CETUSUSDT": 7719939.95769, "KASUSDT": 12051777.0149, "IPUSDT": 16390555.265794, "AVAXUSDT": 218087740.331, "NEWTUSDT": 10748531.415, "ZENUSDT": 8292597.4748, "KAITOUSDT": 68508613.18703, "EGLDUSDT": 6667458.084, "RPLUSDT": 3557612.9468, "YFIUSDT": 5061384.369, "TAIKOUSDT": 5097075.1376, "XMRUSDT": 13450565.38148, "BNBUSDT": 285845661.4828, "SNXUSDT": 7498971.3179, "FETUSDT": 64454195.4483, "TUSDT": 3996260.72645, "PUMPUSDT": 3858581.59605, "FUNUSDT": 11766861.063755, "LRCUSDT": 3484206.72822, "AXLUSDT": 4041425.96845, "TIAUSDT": 79218814.9382, "JOEUSDT": 2425740.40975, "ARUSDT": 14777869.9293, "USDCUSDT": 2852518.98113, "PHAUSDT": 4072181.1859, "JELLYJELLYUSDT": 13086561.92037, "MERLUSDT": 5062324.3737, "AEVOUSDT": 5994978.35304, "IMXUSDT": 12609758.1082, "COTIUSDT": 6967367.21685, "TOKENUSDT": 2320888.0457, "WOOUSDT": 4058080.21963, "WALUSDT": 12067151.3544, "METISUSDT": 2560185.2738, "PAXGUSDT": 27549810.13736, "1000RATSUSDT": 6168445.33016, "FXSUSDT": 4754423.25577, "WLDUSDT": 106383044.4989, "SEIUSDT": 33091944.0062, "LSKUSDT": 1792078.21, "BANANAS31USDT": 6872921.874226, "WUSDT": 14607558.961812, "ZKUSDT": 10144644.86872, "SOPHUSDT": 59057087.36227, "BTCUSDT": 14210148345.9687, "STORJUSDT": 4106889.9222, "MOODENGUSDT": 17872771.23444, "BRUSDT": 3640854.6133, "PENGUUSDT": 46961810.695422, "TLMUSDT": 2175953.816942, "KMNOUSDT": 2551940.53936, "PIPPINUSDT": 6834426.29227, "ANIMEUSDT": 16871386.59125, "POLYXUSDT": 2780810.63345, "INJUSDT": 50279868.1028, "ZROUSDT": 23825903.97764, "MEWUSDT": 12970747.385761, "ALTUSDT": 5577115.96926, "AEROUSDT": 6126109.95014, "ALICEUSDT": 5697956.4019, "THEUSDT": 6863532.14912, "STOUSDT": 9530261.9232, "GRASSUSDT": 12100761.14588, "HOTUSDT": 3287801.476809, "DYDXUSDT": 21424919.3361, "MELANIAUSDT": 15077794.11282, "ETHFIUSDT": 23579151.48927, "NEARUSDT": 94957089.402, "STXUSDT": 17735173.6679, "LINKUSDT": 210767334.0627, "MORPHOUSDT": 4254651.71441, "BTCUSDT_250627": 23644555.1067, "AUCTIONUSDT": 12340521.10177, "TSTUSDT": 15962810.45, "DOGSUSDT": 14219055.4554596, "TAOUSDT": 95787139.17082, "XRPUSDT": 1174987099.4975, "PENDLEUSDT": 35124090.6526, "DOTUSDT": 102884290.5742, "CAKEUSDT": 29251632.7658, "USTCUSDT": 3122108.241378, "ONEUSDT": 5022941.08696, "RDNTUSDT": 2753381.52635, "PUMPBTCUSDT": 8337218.42227, "HOOKUSDT": 3152699.82509, "DENTUSDT": 2572057.679997, "RONINUSDT": 2694734.56179, "1MBABYDOGEUSDT": 8447827.9544736, "1000LUNCUSDT": 6341474.18681, "GLMUSDT": 4004865.54323, "NILUSDT": 14268355.64854, "B3USDT": 3693542.796915, "DRIFTUSDT": 3285293.4553, "SUPERUSDT": 7053591.7187, "RVNUSDT": 3500654.31374, "SUIUSDT": 638022143.30103, "ACHUSDT": 12432902.860802, "SXTUSDT": 15824302.54384, "DEGENUSDT": 3519109.780888, "1000FLOKIUSDT": 26268375.98662, "FARTCOINUSDT": 423106752.84544, "CHILLGUYUSDT": 14714818.4621, "VANRYUSDT": 5373130.50767, "BMTUSDT": 17754183.0166, "RSRUSDT": 10107141.71009, "PONKEUSDT": 3528425.43342, "ATHUSDT": 6560177.52402, "TWTUSDT": 1937365.7619, "XTZUSDT": 9620259.7159, "ICPUSDT": 18995455.886, "HOMEUSDT": 70368110.333786, "1000WHYUSDT": 2094515.0298456, "IOSTUSDT": 3880180.42032, "1000CHEEMSUSDT": 6957641.6684151, "ZKJUSDT": 2339648.7909, "SOONUSDT": 26090604.11672, "JTOUSDT": 16220718.0853, "ASRUSDT": 4506235.6238, "1000000BOBUSDT": 49513586.11083, "BATUSDT": 4063703.52657, "ATOMUSDT": 42000071.36933, "AWEUSDT": 3898300.826424, "ILVUSDT": 2259134.6029, "SOLUSDT": 2623667285.699, "MANAUSDT": 11953969.5327, "NKNUSDT": 2975792.13545, "EIGENUSDT": 28320486.76494, "SXPUSDT": 4650965.56991, "AERGOUSDT": 13907599.49235, "GTCUSDT": 3133770.2295, "CHRUSDT": 3923702.6811, "1000PEPEUSDT": 762260108.1549207, "ONDOUSDT": 96553220.69205, "KAVAUSDT": 9390635.78199, "NEIROETHUSDT": 13749454.18706, "REZUSDT": 13464656.99353, "PLUMEUSDT": 5164399.8926, "INITUSDT": 59027904.2077, "HYPERUSDT": 9657667.1312, "CRVUSDT": 106814263.3427, "GMXUSDT": 3549418.43952, "MYXUSDT": 37041307.32386, "ZILUSDT": 5906599.68058, "JASMYUSDT": 13366223.937032, "BTCDOMUSDT": 8743281.3709, "SPELLUSDT": 4608444.1985607, "CGPTUSDT": 3559210.64822, "RLCUSDT": 2365837.44816, "ALPHAUSDT": 3761939.28878, "KDAUSDT": 3492017.1311, "KSMUSDT": 4122116.3452, "PUNDIXUSDT": 7255236.8852, "ZETAUSDT": 6147062.4174, "MOVEUSDT": 32564461.6234, "VANAUSDT": 12570349.94035, "1000SHIBUSDT": 91343288.551286, "ETHUSDT_250926": 7292472.40048, "VELODROMEUSDT": 2474128.66894, "HAEDALUSDT": 27730828.792283, "APEUSDT": 19202508.315, "MANTAUSDT": 8428201.40723, "CVCUSDT": 4253472.22727, "1INCHUSDT": 5918061.7337, "ARBUSDT": 51123306.04345, "JSTUSDT": 2934827.102801, "IOTXUSDT": 4745275.17237, "SONICUSDT": 6013143.65236, "ZRXUSDT": 5425591.57169, "AXSUSDT": 11198388.793, "EDUUSDT": 4905799.7305, "OMUSDT": 52589745.07342, "ICXUSDT": 4244861.4594, "VETUSDT": 15473103.194556, "OMNIUSDT": 5774832.03127, "RAREUSDT": 11044728.74299, "REDUSDT": 7789450.9014, "COOKIEUSDT": 12019402.2151, "1000BONKUSDT": 65687498.537252, "AIXBTUSDT": 40699507.0944, "AUSDT": 12613835.21135, "PROMPTUSDT": 9678574.294, "HUMAUSDT": 65986678.968589, "MTLUSDT": 2013429.0107, "XCNUSDT": 6169270.92999, "LDOUSDT": 44425989.671, "CELRUSDT": 2958763.45941, "MAVIAUSDT": 3939437.4526, "PARTIUSDT": 24511953.1263, "SANDUSDT": 25438260.70986, "ORDIUSDT": 52832846.1292, "KNCUSDT": 2554337.9266, "DOGEUSDT": 750609163.66539, "CHESSUSDT": 2805956.27925, "DEEPUSDT": 10188760.5937, "MAGICUSDT": 7750210.43343, "PUFFERUSDT": 3044377.06162, "SAFEUSDT": 4479604.6266, "MASKUSDT": 14243627.2167, "AAVEUSDT": 156667960.411, "CKBUSDT": 3742167.553251, "DASHUSDT": 3411825.29879, "BBUSDT": 5439564.22955, "SAGAUSDT": 11126198.69176, "HIFIUSDT": 5826808.8351, "BOMEUSDT": 24213469.625462, "ETHUSDT_250627": 12961598.73971, "LAUSDT": 65378988.4693, "1000CATUSDT": 5479318.232701, "GPSUSDT": 5688752.87253, "ORCAUSDT": 11688174.5167, "ACEUSDT": 3105492.770139, "DEGOUSDT": 3358397.05075, "SQDUSDT": 10913925.11056, "MYROUSDT": 3862628.28649, "C98USDT": 4560457.3212, "ROSEUSDT": 5768137.81906, "CATIUSDT": 6981609.2568, "BUSDT": 22362018.22386, "PIXELUSDT": 6773749.00188, "SKYAIUSDT": 6459798.08392, "VOXELUSDT": 5837995.46273, "RENDERUSDT": 37935443.5008, "SHELLUSDT": 10179627.5444, "SWARMSUSDT": 15195864.23055, "POLUSDT": 19665279.56602, "ADAUSDT": 373655673.1234, "TNSRUSDT": 3074907.71905, "XLMUSDT": 52112956.61597, "TUTUSDT": 11441987.0715, "WIFUSDT": 191185448.28612, "BIOUSDT": 12586732.38729, "GOATUSDT": 25916229.9081, "ETHUSDT": 8854576371.88794, "ARKMUSDT": 19755107.0225, "LUMIAUSDT": 3461912.3825, "PORT3USDT": 3909634.16015, "ENAUSDT": 224030089.3447, "1000XUSDT": 3562076.89643, "SCRUSDT": 4479235.7633, "CELOUSDT": 6397400.6443, "TRUMPUSDT": 306255002.64116, "BROCCOLI714USDT": 9985263.97089, "SIRENUSDT": 5571971.34986, "LTCUSDT": 163193124.66682, "ACTUSDT": 18964856.41162, "ZEREBROUSDT": 19529205.43207, "LISTAUSDT": 8287221.2472,