{"DRIFTUSDT": 9003956.4108, "REDUSDT": 72560892.8945, "UXLINKUSDT": 24158328.5254, "SLERFUSDT": 2985243.4861, "PIXELUSDT": 7846513.18643, "WIFUSDT": 292293545.27103, "TURBOUSDT": 32650267.4200113, "BBUSDT": 9972353.90889, "RPLUSDT": 3620785.1979, "BEAMXUSDT": 11659349.269945, "RLCUSDT": 4859904.83894, "BIGTIMEUSDT": 12960939.03296, "ACXUSDT": 5376557.85317, "VIRTUALUSDT": 77171659.56983, "CAKEUSDT": 20957094.9677, "MORPHOUSDT": 14011873.08989, "USDCUSDT": 3735628.436468, "VOXELUSDT": 3490697.2394, "ZEREBROUSDT": 36517231.3291, "ANIMEUSDT": 25583111.3557, "IMXUSDT": 12447061.887, "RVNUSDT": 3698641.97804, "BRUSDT": 14992332.084, "WAXPUSDT": 2877834.63474, "AIUSDT": 11248387.40313, "TUTUSDT": 58255348.95512, "DEFIUSDT": 1942882.4692, "XMRUSDT": 16342495.64033, "HEIUSDT": 9405745.13247, "ATOMUSDT": 51615296.28732, "LEVERUSDT": 4821924.6642339, "ZECUSDT": 7176044.41199, "SUIUSDT": 628598685.11342, "XRPUSDT": 1803767578.14167, "COTIUSDT": 9076663.57538, "DYMUSDT": 8003108.89488, "OPUSDT": 79315150.89579, "RUNEUSDT": 47855521.296, "ILVUSDT": 4179839.9004, "1000SHIBUSDT": 117193969.730107, "HIPPOUSDT": 5287832.54917, "AXLUSDT": 6803505.84781, "JTOUSDT": 32059833.9667, "OMUSDT": 52627774.269124, "BNBUSDT": 454488048.9456, "FIDAUSDT": 7998370.24862, "DOGSUSDT": 34542344.0431493, "CGPTUSDT": 12781664.27364, "BSWUSDT": 3310472.89722, "QTUMUSDT": 7680751.8484, "JUPUSDT": 53712813.325, "CELRUSDT": 4213300.56825, "LINAUSDT": 6379043.48623, "PLUMEUSDT": 7349353.6562, "GTCUSDT": 4904311.715, "SUNUSDT": 3730883.170159, "MYROUSDT": 5167375.40282, "CETUSUSDT": 10895125.79643, "XTZUSDT": 10786553.534, "IDUSDT": 8508738.9032, "SYSUSDT": 2812412.52227, "MELANIAUSDT": 30992406.20673, "PEOPLEUSDT": 35430931.1463, "IOUSDT": 28764117.90101, "FILUSDT": 109836895.1756, "PIPPINUSDT": 17388474.51683, "SIRENUSDT": 18153025.05324, "IOSTUSDT": 5294749.291863, "OXTUSDT": 2532424.01417, "BATUSDT": 6770090.47473, "ARUSDT": 23613122.5434, "KAIAUSDT": 4682940.0807, "SANDUSDT": 42061584.08421, "ETHFIUSDT": 46584638.35365, "SXPUSDT": 8126940.36479, "ICPUSDT": 24159165.469, "DYDXUSDT": 36368838.1612, "NILUSDT": 98262044.2513, "ANKRUSDT": 4813953.71792, "MTLUSDT": 3323726.1616, "KOMAUSDT": 6995950.05209, "LQTYUSDT": 5363268.66316, "CYBERUSDT": 5042685.1156, "LOKAUSDT": 2197245.3827, "BTCUSDT_250926": 7481027.5913, "ETHUSDT": 7161385120.35718, "USTCUSDT": 4974316.115335, "STGUSDT": 5971048.2305, "PENGUUSDT": 75052834.173801, "KSMUSDT": 6162700.1356, "COMBOUSDT": 2523053.67618, "CELOUSDT": 8255425.5273, "VTHOUSDT": 7923405.774606, "UMAUSDT": 5502769.307, "OGNUSDT": 4249906.4177, "BTCUSDT": 14050947379.4366, "APTUSDT": 101153638.71471, "1000000MOGUSDT": 10589164.34308, "API3USDT": 5081348.43083, "ACTUSDT": 75333235.235, "TAOUSDT": 95787139.17082, "BANANAUSDT": 11455344.7799, "DASHUSDT": 5411934.48702, "KAVAUSDT": 11544722.77125, "ARKUSDT": 5110477.0547, "BMTUSDT": 33987030.8978, "TIAUSDT": 101107677.9846, "VELODROMEUSDT": 4963495.76857, "IOTXUSDT": 5749242.55471, "KAITOUSDT": 108864913.34693, "THETAUSDT": 18228645.58842, "BTCDOMUSDT": 7309498.0329, "KNCUSDT": 3498937.0384, "BLURUSDT": 11032087.74261, "VIDTUSDT": 5892812.75036, "C98USDT": 6663995.6836, "MASKUSDT": 15407709.0793, "RDNTUSDT": 4914776.54378, "1INCHUSDT": 8869243.7001, "RENDERUSDT": 36697240.6298, "PARTIUSDT": 130620944.5545, "POPCATUSDT": 83942495.4491, "MOVEUSDT": 77728452.1891, "ARPAUSDT": 4299743.43, "SOLUSDT": 2623667285.699, "AIXBTUSDT": 76493070.63413, "ETHWUSDT": 3276226.4967, "AI16ZUSDT": 113478481.42826, "AKTUSDT": 3353681.9475, "GUNUSDT": 47260382.535, "REZUSDT": 9073713.56312, "1000BONKUSDT": 74999952.171572, "DEGENUSDT": 7910644.712596, "ZKUSDT": 15459607.22412, "1MBABYDOGEUSDT": 25994032.96637, "ALICEUSDT": 7207462.9143, "MOODENGUSDT": 29082623.75729, "ATAUSDT": 5380913.3496, "GOATUSDT": 41048860.8246, "HMSTRUSDT": 15204868.822243, "SHELLUSDT": 30019350.8741, "1000PEPEUSDT": 751606470.8532506, "XVSUSDT": 5278199.695, "BNXUSDT": 5957424.05005, "SKLUSDT": 6193183.2589, "AERGOUSDT": 6239227.8045, "TROYUSDT": 7649643.107698, "TRUMPUSDT": 530488726.90824, "IPUSDT": 95186106.059036, "ASTRUSDT": 4659399.087479, "SCRTUSDT": 2759135.7149, "MEUSDT": 23700436.3068, "ENAUSDT": 326421233.448, "LINKUSDT": 287198926.06839, "HOOKUSDT": 3931250.83006, "VANRYUSDT": 9956754.28748, "ENJUSDT": 7035670.35463, "SUSHIUSDT": 17744969.633, "CTSIUSDT": 3828464.9969, "PYTHUSDT": 15474839.65369, "1000LUNCUSDT": 11492212.82347, "GHSTUSDT": 1882613.699, "1000RATSUSDT": 15411501.60016, "BNTUSDT": 2581206.58938, "POLUSDT": 23794179.63946, "SANTOSUSDT": 3677973.6907, "NTRNUSDT": 2343402.0551, "WALUSDT": 82318235.4573, "WLDUSDT": 168705735.8599, "CHILLGUYUSDT": 28591600.0603, "1000WHYUSDT": 4362451.9490587, "ACEUSDT": 4171065.166889, "AEROUSDT": 6837562.82103, "MUBARAKUSDT": 265289059.5485, "STORJUSDT": 6274402.3276, "TWTUSDT": 4453876.2015, "NULSUSDT": 2203972.9856, "ETHUSDT_250926": 6219325.35831, "FXSUSDT": 5352081.51719, "ORDIUSDT": 97122715.6766, "DEXEUSDT": 13148099.7397, "BERAUSDT": 113354026.9197, "CHRUSDT": 5806086.93, "SUSDT": 59742735.2634, "HIGHUSDT": 5025413.71218, "HOTUSDT": 5733181.705919, "AVAUSDT": 6418552.94589, "SAGAUSDT": 18525877.30644, "BROCCOLI714USDT": 39926664.27652, "MOCAUSDT": 11144273.7246, "EGLDUSDT": 9796969.8386, "AUCTIONUSDT": 16927211.7188, "OMNIUSDT": 8333537.32345, "ENSUSDT": 36553160.7406, "FARTCOINUSDT": 282338509.44978, "CATIUSDT": 9068670.9882, "JELLYJELLYUSDT": 25682346.52859, "QNTUSDT": 8600586.498, "ORCAUSDT": 6020921.2036, "ROSEUSDT": 8303174.5139, "DEGOUSDT": 3404962.08705, "TRUUSDT": 5515142.69263, "TONUSDT": 49387274.12737, "EOSUSDT": 62055031.875, "POLYXUSDT": 5624076.93062, "BELUSDT": 7661554.8989, "PHAUSDT": 6592990.08041, "FORMUSDT": 45555056.47673, "GMXUSDT": 5440932.27476, "AGLDUSDT": 17634320.1058, "ARKMUSDT": 37661337.8695, "PAXGUSDT": 11978962.8344, "DFUSDT": 10691793.64082, "LUMIAUSDT": 8825710.6281, "SNXUSDT": 13975509.6489, "CKBUSDT": 6371842.018618, "BAKEUSDT": 10055003.8234, "LISTAUSDT": 7500911.4294, "CHESSUSDT": 3546596.9392, "ONEUSDT": 9192223.08019, "MBOXUSDT": 4717055.7745, "DOGEUSDT": 1003565268.94393, "TRXUSDT": 110519631.38626, "GPSUSDT": 19415882.0265, "LRCUSDT": 5236570.87638, "COMPUSDT": 14042129.41402, "PONKEUSDT": 5854363.00499, "MANAUSDT": 18274767.4454, "NOTUSDT": 38820070.043705, "ARCUSDT": 149229950.16893, "PERPUSDT": 2819019.41686, "APEUSDT": 44912491.6619, "COOKIEUSDT": 24192921.8034, "COWUSDT": 18059206.3809, "PENDLEUSDT": 34217725.0723, "SPELLUSDT": 10149236.3054181, "BIOUSDT": 23685574.112, "ETCUSDT": 65535476.42204, "DOTUSDT": 123769565.7685, "VANAUSDT": 36408014.42098, "WUSDT": 17063665.928362, "GRTUSDT": 17437023.03034, "HFTUSDT": 3610238.23415, "MOVRUSDT": 4143702.84721, "ALTUSDT": 10131302.03527, "NEOUSDT": 15285342.72702, "GASUSDT": 5085011.4581, "CHZUSDT": 17060180.60176, "MAVUSDT": 3940495.70608, "HIVEUSDT": 13777350.36789, "NEIROETHUSDT": 15084474.32173, "B3USDT": 9666843.78563, "MEMEUSDT": 19124713.325127, "1000XECUSDT": 3281387.05743, "1000CHEEMSUSDT": 20504636.2576729, "VICUSDT": 5745290.8539, "FETUSDT": 74173550.8098, "LTCUSDT": 268108479.634, "ETHUSDT_250627": 8029289.10862, "ZENUSDT": 34344115.2201, "IOTAUSDT": 15388095.46282, "GRIFFAINUSDT": 59236855.00902, "MEWUSDT": 10222321.080282, "VVVUSDT": 13044717.77571, "KMNOUSDT": 3687332.91446, "SWARMSUSDT": 78795953.3476, "XAIUSDT": 10302529.56361, "RAYSOLUSDT": 20204959.66179, "SAFEUSDT": 4335445.5847, "PROMUSDT": 3897264.5366, "ZILUSDT": 7826191.41044, "XLMUSDT": 104605236.54141, "BRETTUSDT": 12522260.54943, "RAREUSDT": 5715068.45889, "BIDUSDT": 6310884.98587, "ALGOUSDT": 49965011.50286, "ZETAUSDT": 5653841.0896, "DODOXUSDT": 2680170.844939, "MLNUSDT": 4761473.958, "HBARUSDT": 144954609.47947, "GALAUSDT": 74899736.09592, "LUNA2USDT": 9574230.6129, "FIOUSDT": 2931605.23127, "GLMUSDT": 7677403.55437, "WOOUSDT": 5268378.71959, "SUPERUSDT": 9502345.62, "MANTAUSDT": 10901605.70388, "SFPUSDT": 2982020.4457, "NMRUSDT": 4266394.3746, "ONDOUSDT": 147418117.0924, "NKNUSDT": 2318561.50707, "MAVIAUSDT": 16353234.3465,