{"WOOUSDT": 9085799.67234, "TONUSDT": 98655594.98329, "ASTRUSDT": 6352715.34787, "MOODENGUSDT": 410721358.57861, "1000PEPEUSDT": 777883696.1077493, "HBARUSDT": 15066127.16455, "ALPACAUSDT": 11069662.44337, "AAVEUSDT": 112352630.519, "SFPUSDT": 3378957.1698, "BATUSDT": 3431137.22857, "DYDXUSDT": 50423157.4828, "METISUSDT": 6357776.9343, "KDAUSDT": 5654739.4088, "NTRNUSDT": 3178490.5613, "TRBUSDT": 45490385.899, "JTOUSDT": 37162655.4684, "TUSDT": 4167927.53192, "RENDERUSDT": 40248516.6562, "ETCUSDT": 46346463.70291, "OMGUSDT": 3196194.77117, "LISTAUSDT": 18066532.1476, "IDUSDT": 7161955.13314, "HIPPOUSDT": 61333901.98509, "WAXPUSDT": 2530932.27154, "DARUSDT": 12515896.76536, "CTSIUSDT": 4849533.1141, "SYNUSDT": 8930609.5916, "TRUUSDT": 8116942.65184, "NFPUSDT": 7575430.77547, "SUSHIUSDT": 13373029.0051, "ONDOUSDT": 49723066.39611, "1INCHUSDT": 11837341.3189, "DIAUSDT": 25535874.9786, "UMAUSDT": 12573367.417, "SYSUSDT": 5681330.96752, "ETHUSDT_250328": 7356191.44361, "LINKUSDT": 116364528.2673, "ORBSUSDT": 4398307.67166, "AGLDUSDT": 4362436.8227, "POLUSDT": 31718594.0564, "TROYUSDT": 52316361.236472, "ARPAUSDT": 8640925.08463, "MTLUSDT": 4377281.562, "LPTUSDT": 10698223.2278, "BTCUSDT_250328": 17482726.3954, "BTCUSDT_241227": 21638795.3806, "ZROUSDT": 51249076.45488, "AVAXUSDT": 167346552.018, "MANAUSDT": 13704518.9537, "TLMUSDT": 4884385.447577, "BALUSDT": 3287263.192, "LTCUSDT": 89910539.03055, "ONTUSDT": 4725858.81213, "TAOUSDT": 101941097.29142, "VIDTUSDT": 19847680.41641, "ALPHAUSDT": 4006200.0567, "SAFEUSDT": 15180487.9246, "RUNEUSDT": 54096293.711, "ADAUSDT": 119944529.3745, "NEIROETHUSDT": 159201613.5788, "BOMEUSDT": 121641685.871773, "DODOXUSDT": 3636876.40953, "TOKENUSDT": 9184353.81652, "TIAUSDT": 190924631.945, "SUPERUSDT": 23600812.5705, "OMUSDT": 24456880.279673, "CELOUSDT": 17445897.3339, "DEGENUSDT": 41587285.743501, "ARKMUSDT": 42831872.1179, "FLUXUSDT": 4866253.8364, "CHZUSDT": 15667911.0174, "PERPUSDT": 3512822.95382, "APEUSDT": 43907784.6237, "SUNUSDT": 24231803.647376, "AXLUSDT": 11467534.5572, "XTZUSDT": 6432640.357, "BSWUSDT": 3754386.11266, "BANDUSDT": 4154736.83386, "SANDUSDT": 23135941.3145, "BANUSDT": 136046658.9458, "MEWUSDT": 78896179.207292, "1000000MOGUSDT": 32308332.97287, "INJUSDT": 82886464.6257, "HIGHUSDT": 8933303.71749, "GUSDT": 4703633.39267, "CYBERUSDT": 7216359.1418, "AUCTIONUSDT": 9517541.99622, "AIUSDT": 14966313.64489, "TWTUSDT": 4345751.4456, "SKLUSDT": 4078167.02275, "HIFIUSDT": 5671115.2857, "ALTUSDT": 22307763.45053, "JASMYUSDT": 31741808.032929, "OMNIUSDT": 13160271.95258, "STEEMUSDT": 1678756.98023, "DASHUSDT": 3642549.3649, "ETHUSDT": 5679642394.45142, "STGUSDT": 5088604.372, "1000XECUSDT": 3568022.81552, "NMRUSDT": 4542948.8285, "ORDIUSDT": 219956742.612, "MKRUSDT": 38338765.5409, "FETUSDT": 153072505.338, "ENSUSDT": 27882112.4222, "1000XUSDT": 28344887.96522, "ZETAUSDT": 24921797.3832, "MASKUSDT": 15329055.0762, "CKBUSDT": 17649916.580576, "JOEUSDT": 3022454.44907, "BONDUSDT": 5422196.2117, "VETUSDT": 9765151.391837, "ETHWUSDT": 3699173.8878, "SWELLUSDT": 34613518.37553, "EOSUSDT": 38063239.2865, "LINAUSDT": 10007134.30952, "VANRYUSDT": 10434505.94182, "NEIROUSDT": 777469583.9095976, "SCRUSDT": 44850405.2468, "MINAUSDT": 13423038.0772, "ROSEUSDT": 12662102.57671, "RAREUSDT": 27208953.30984, "ZILUSDT": 6296671.93461, "THETAUSDT": 16307943.40987, "NKNUSDT": 3140635.70137, "1000WHYUSDT": 14547867.789021, "ETHFIUSDT": 44085025.24942, "MORPHOUSDT": 75094940.17006, "LEVERUSDT": 7144790.2913133, "LITUSDT": 5377918.5073, "HMSTRUSDT": 62522162.318118, "RLCUSDT": 3483788.0842, "XLMUSDT": 16129269.13805, "JUPUSDT": 37026789.2972, "ACTUSDT": 342572732.61877, "DOGEUSDT": 347673045.78876, "POLYXUSDT": 7147425.22206, "RENUSDT": 4395173.78213, "AMBUSDT": 5499738.682195, "OGNUSDT": 4650980.3837, "HOOKUSDT": 6923408.89755, "AERGOUSDT": 4821354.5604, "BAKEUSDT": 12626570.2774, "IOTXUSDT": 5289737.44812, "BNXUSDT": 23751325.58044, "ATAUSDT": 4210910.5625, "PIXELUSDT": 21937425.0262, "C98USDT": 5666841.1814, "NULSUSDT": 4157032.6296, "BEAMXUSDT": 15166571.981751, "1000SATSUSDT": 161799291.9081796, "DENTUSDT": 3216242.602275, "HFTUSDT": 2339324.78658, "BADGERUSDT": 2968777.2809, "AXSUSDT": 16872370.352, "LQTYUSDT": 8365766.96924, "USDCUSDT": 910921.698104, "XRPUSDT": 297492932.21316, "SPELLUSDT": 5221479.8791844, "DOGSUSDT": 159549828.3836219, "DOTUSDT": 72039452.1283, "UNIUSDT": 71585016.815, "CHESSUSDT": 6519825.1042, "REZUSDT": 18089539.86123, "RSRUSDT": 11546356.018001, "SEIUSDT": 108316779.9941, "TURBOUSDT": 85485870.4967252, "GRASSUSDT": 95177743.76503, "EGLDUSDT": 7801587.3254, "KEYUSDT": 6072333.99251, "BBUSDT": 22770703.9379, "IOUSDT": 60723894.561, "CRVUSDT": 67868698.441, "BNTUSDT": 2138006.81587, "ARKUSDT": 14942840.3737, "ICXUSDT": 3213251.4878, "OPUSDT": 75615732.51572, "GLMUSDT": 5104807.83244, "1MBABYDOGEUSDT": 94010015.9218488, "XMRUSDT": 11978058.84109, "MOVRUSDT": 4898852.20285, "GHSTUSDT": 4508436.552, "ALGOUSDT": 10968112.8999, "REEFUSDT": 42390842.624474, "POWRUSDT": 3721471.1145, "XVSUSDT": 3104444.7193, "VOXELUSDT": 6490121.4069, "GOATUSDT": 406039695.2633, "UXLINKUSDT": 39879976.4996, "ALICEUSDT": 8007554.4082, "WLDUSDT": 277774061.219, "BLURUSDT": 23270543.73093, "DUSKUSDT": 6673994.64873, "CHILLGUYUSDT": 42317776.2079, "COMPUSDT": 7981179.26009, "NEARUSDT": 120066113.708, "KAVAUSDT": 8228884.29116, "BRETTUSDT": 12953533.37288, "AKTUSDT": 20452162.0883, "SAGAUSDT": 109212841.24536, "BCHUSDT": 79280265.1563, "COMBOUSDT": 2588360.64639, "DYMUSDT": 19799622.16124, "FLMUSDT": 6258808.5565, "STRKUSDT": 38424171.82567, "TNSRUSDT": 14588235.51804, "STMXUSDT": 9046817.51749, "UNFIUSDT": 5113566.2655, "MANTAUSDT": 16938892.66187, "ATOMUSDT": 45694206.6048, "EDUUSDT": 7692685.4385, "ENAUSDT": 146326370.779, "ZRXUSDT": 5879853.94158, "SXPUSDT": 8358548.81716, "ZENUSDT": 6502044.5115, "DRIFTUSDT": 52174015.6684, "USTCUSDT": 9440548.2535, "FLOWUSDT": 9451114.1124, "CELRUSDT": 3923027.67158, "YFIUSDT": 5014070.49, "ETHUSDT_241227": 11247696.9545, "BICOUSDT": 3396846.2613, "BSVUSDT": 5982729.975, "MAGICUSDT": 5605107.28448, "SLERFUSDT": 20626254.6249, "DEFIUSDT": 982327.6004, "API3USDT": 8724996.12614, "QTUMUSDT": 3661218.5188, "ZECUSDT": 13621441.37262, "POPCATUSDT": 181828817.5685, "IMXUSDT": 20105535.3951, "1000CATUSDT": 55469619.11436, "QNTUSDT": 5212996.545, "LUNA2USDT": 10063709.931, "PHBUSDT": 10673236.4011, "BNBUSDT": 322944993.5081, "LOOMUSDT": 5222915.18427, "PONKEUSDT": 32478718.51411, "LDOUSDT": 30584975.6082, "RVNUSDT": 4185271.22764, "SANTOSUSDT": 19117019.739, "MEMEUSDT": 23585254.225025, "FIOUSDT": 9030621.67742, "BTCUSDT": 14122241997.2083, "CETUSUSDT": 42733444.54857, "RONINUSDT": 4532458.8963, "ANKRUSDT": 4289562.211, "ONGUSDT": 3105861.97869, "COWUSDT": 52633899.0116, "COTIUSDT": 11081861.13449, "GMTUSDT": 24170362.67444, "1000FLOKIUSDT": 106453815.43027, "GASUSDT": 6063112.061, "GMXUSDT": 6053315.98631, "ZKUSDT": 27237981.77204, "OXTUSDT": 2292379.24154, "REIUSDT": 5068014.85995, "MAVUSDT": 5549685.19487, "ACHUSDT": 6825511.174487, "XEMUSDT": 4483521.1258, "KASUSDT": 15849509.22002, "TRXUSDT": 54755986.54796, "XAIUSDT": 22210054.661, "LSKUSDT": 2229775.9304, "THEUSDT": 203131240.64636, "QUICKUSDT": 3620100.97858, "ILVUSDT": 5113804.1598, "PORTALUSDT": 10882178.90386, "1000CHEEMSUSDT": 14127044.2095662, "GRTUSDT": 19332691.31699, "CAKEUSDT": 7902096.3365, "FILUSDT": 87785080.4806, "ARBUSDT": 70626501.43056, "RDNTUSDT": 17774292.22618, "PEOPLEUSDT": 152947480.34467, "BTCDOMUSDT": 2735694.5679, "PYTHUSDT": 15958887.0084, "ONEUSDT": 5634202.90055, "PENDLEUSDT": 52368825.9187, "MAVIAUSDT": 7736045.37749, "RIFUSDT": 3787267.14526, "XVGUSDT": 2762467.483826, "CFXUSDT": 23705951.13461, "ACEUSDT": 11130403.677618, "EIGENUSDT": 117951431.0379, "SCRTUSDT": 57718665.2879, "FTMUSDT": 160578191.0832, "1000LUNCUSDT": 20428345.10074, "LRCUSDT": 4703967.49042, "1000BONKUSDT": 92945056.869189, "PNUTUSDT": 1119377428.29552, "FIDAUSDT": 24706896.1923, "KNCUSDT": 3595014.5229, "BANANAUSDT": 23038850.3821,