{"ZEREBROUSDT": 40004200.796, "HEIUSDT": 33923504.71168, "BANUSDT": 78966665.0947, "ACEUSDT": 6569191.183475, "ICPUSDT": 36251765.224, "SCRUSDT": 17311308.3616, "ALGOUSDT": 88042265.22451, "NTRNUSDT": 3251586.1311, "PORTALUSDT": 9946491.66143, "MBOXUSDT": 7221495.875, "1000SATSUSDT": 66270220.8613204, "ZKUSDT": 24802509.92328, "SOLUSDT": 2763083900.393, "LITUSDT": 6550849.245, "GTCUSDT": 8150651.8985, "AI16ZUSDT": 191209635.74443, "AKTUSDT": 4248278.9737, "BNBUSDT": 518266225.2649, "ATAUSDT": 8118443.2269, "DENTUSDT": 6962742.626411, "OMNIUSDT": 10724068.15651, "IPUSDT": 305249320.313104, "GPSUSDT": 23951760.7046, "CELOUSDT": 12925409.983, "DASHUSDT": 10758654.56575, "TRBUSDT": 33848989.8809, "TROYUSDT": 17745928.255767, "1000RATSUSDT": 20619178.20458, "CFXUSDT": 25727576.39476, "OMGUSDT": 2156844.51378, "BADGERUSDT": 6246381.7429, "INJUSDT": 79246643.4047, "ETHWUSDT": 4806002.2452, "ZETAUSDT": 7353667.0006, "LOKAUSDT": 3396638.5705, "APTUSDT": 138948507.23389, "BSWUSDT": 4511427.92343, "ZRXUSDT": 15797006.82495, "VIDTUSDT": 7752220.61585, "LAYERUSDT": 92320765.4212, "KNCUSDT": 5490736.3771, "USDCUSDT": 5208593.067689, "ENAUSDT": 395683829.2722, "TUSDT": 4446629.33059, "BTCUSDT_250328": 30289900.2715, "SKLUSDT": 8609230.42724, "WLDUSDT": 252683100.6109, "FILUSDT": 149539852.6963, "OPUSDT": 101347067.55548, "REZUSDT": 9230638.19468, "PERPUSDT": 4402736.79864, "SUNUSDT": 6790420.804106, "1MBABYDOGEUSDT": 54875111.697154, "ZILUSDT": 11556719.45057, "STXUSDT": 38889473.6203, "DEXEUSDT": 25947237.02913, "LDOUSDT": 101938351.1542, "DUSKUSDT": 5907064.12537, "POPCATUSDT": 141942490.2411, "MKRUSDT": 37654284.1641, "SUIUSDT": 774572841.73311, "CATIUSDT": 11813858.1154, "HBARUSDT": 227747523.93318, "PHBUSDT": 9093998.9849, "HFTUSDT": 4176572.91887, "STORJUSDT": 11924335.2074, "COWUSDT": 35062312.3171, "TSTUSDT": 294160615.3639, "MOVEUSDT": 120674231.8972, "AEROUSDT": 10773006.27689, "1000SHIBUSDT": 64628875.257217, "FLMUSDT": 7716716.4214, "QNTUSDT": 12791757.427, "TRUMPUSDT": 1069341767.10869, "NFPUSDT": 8190996.54766, "SUPERUSDT": 12793486.9811, "RSRUSDT": 24481199.068285, "APEUSDT": 64252461.2473, "AMBUSDT": 4660177.639144, "SSVUSDT": 18192228.31041, "ARUSDT": 37962170.3745, "KSMUSDT": 11543367.476, "MTLUSDT": 7193590.2475, "UNIUSDT": 135139837.446, "MOODENGUSDT": 76118282.96571, "SANDUSDT": 78478869.33696, "IOSTUSDT": 6752589.79635, "GHSTUSDT": 2430361.9598, "RDNTUSDT": 7967567.70413, "ETHUSDT": 8679677888.80398, "ARPAUSDT": 6176019.89296, "MAGICUSDT": 8535805.36807, "LTCUSDT": 312387292.08245, "AXLUSDT": 9521927.63183, "RVNUSDT": 5484246.31057, "THETAUSDT": 33993004.78441, "STGUSDT": 11112162.9628, "1000PEPEUSDT": 948040396.4955852, "TURBOUSDT": 61385794.6281806, "BEAMXUSDT": 15306548.617701, "AIUSDT": 19982495.2982, "BIOUSDT": 39952001.6823, "POLYXUSDT": 10961079.43467, "SHELLUSDT": 32785972.691, "PHAUSDT": 14877740.99209, "COSUSDT": 4118619.774404, "RONINUSDT": 7782277.94333, "BBUSDT": 18609521.66326, "PYTHUSDT": 24821264.07498, "SPELLUSDT": 11097529.3993264, "UXLINKUSDT": 41766717.8059, "ICXUSDT": 7636643.5396, "XVSUSDT": 7304691.6913, "SOLVUSDT": 56245890.134, "OXTUSDT": 4295423.35748, "BNTUSDT": 2964252.23136, "RUNEUSDT": 69960750.961, "FIDAUSDT": 11953880.5829, "ONGUSDT": 5437898.99025, "HIVEUSDT": 23581223.90148, "SANTOSUSDT": 4457157.3877, "DFUSDT": 10691793.64082, "ETCUSDT": 96334270.98496, "HIPPOUSDT": 14211249.85099, "LUNA2USDT": 16566578.4175, "WOOUSDT": 7776542.46291, "SWARMSUSDT": 159961972.9359, "EDUUSDT": 5543213.9969, "FLOWUSDT": 23502725.3946, "XVGUSDT": 16055199.5420107, "IDUSDT": 10291706.56018, "TRUUSDT": 8335670.84491, "MEMEUSDT": 25304378.607507, "GOATUSDT": 112098439.8079, "ONTUSDT": 11044305.15442, "IMXUSDT": 15625898.8294, "CHZUSDT": 25542600.78948, "COMPUSDT": 18757649.86665, "GRASSUSDT": 28757356.41989, "BALUSDT": 4123177.2015, "MOCAUSDT": 25953806.5566, "ALCHUSDT": 36937233.47608, "COOKIEUSDT": 32895474.8251, "PENDLEUSDT": 45776444.8162, "LQTYUSDT": 9077325.9932, "RAREUSDT": 6866092.67003, "SNXUSDT": 18327069.2973, "MEUSDT": 48150604.4135, "GASUSDT": 9048168.7344, "JUPUSDT": 74327333.2744, "ASTRUSDT": 8343974.246171, "ONDOUSDT": 199698379.10922, "TNSRUSDT": 12131305.46195, "USTCUSDT": 8190575.717935, "ETHUSDT_250627": 7524704.21821, "ORDIUSDT": 122001745.954, "WIFUSDT": 423835324.58411, "CAKEUSDT": 20531180.4554, "NULSUSDT": 3028492.051, "LSKUSDT": 4868625.0724, "SEIUSDT": 77276416.0413, "ALPHAUSDT": 6672439.40955, "GMTUSDT": 46654971.28611, "OMUSDT": 82992468.036708, "ENJUSDT": 9500913.45793, "BELUSDT": 8496334.6346, "CHRUSDT": 8673709.6091, "ROSEUSDT": 13114690.45302, "C98USDT": 9299121.2976, "SFPUSDT": 4552864.0848, "FIOUSDT": 5182221.73477, "1000XUSDT": 7462044.24348, "DEGENUSDT": 18740557.361984, "DEGOUSDT": 3429705.40361, "AGLDUSDT": 28186838.0249, "SONICUSDT": 15514591.17839, "AEVOUSDT": 14219975.21707, "BRETTUSDT": 20678415.05977, "DOGEUSDT": 1447537738.02187, "XAIUSDT": 16965719.58316, "BOMEUSDT": 68488652.660812, "AVAUSDT": 11246095.90564, "CYBERUSDT": 6516041.3517, "TOKENUSDT": 7134970.82212, "IOUSDT": 50907216.79866, "WUSDT": 25589087.002407, "PONKEUSDT": 10812554.94687, "DYDXUSDT": 55203942.8758, "LINKUSDT": 370853190.15251, "RIFUSDT": 3819990.64217, "YGGUSDT": 9023771.7813, "VETUSDT": 42068467.140856, "PROMUSDT": 6233317.4293, "ALTUSDT": 15091345.58002, "1000LUNCUSDT": 21666672.46944, "FLUXUSDT": 4552927.5673, "ENSUSDT": 74308843.7876, "VANRYUSDT": 11456546.2625, "API3USDT": 7048223.42415, "HOOKUSDT": 6180785.53122, "CELRUSDT": 7811971.96521, "ZENUSDT": 45453054.188, "GRTUSDT": 25179539.12667, "COMBOUSDT": 3368264.13078, "BCHUSDT": 95712791.80609, "CTSIUSDT": 5653035.9498, "ALPACAUSDT": 4455974.86161, "BERAUSDT": 227533220.407, "VELODROMEUSDT": 6313136.52553, "RENDERUSDT": 51249668.8534, "ARBUSDT": 115801286.14996, "ARKUSDT": 9738727.6649, "XTZUSDT": 26479679.4532, "AUCTIONUSDT": 14275479.35348, "ACHUSDT": 10798972.020265, "SCRTUSDT": 4724437.2842, "XLMUSDT": 169764909.70774, "HIFIUSDT": 5933294.9677, "LPTUSDT": 15791814.5783, "DODOXUSDT": 4324105.894875, "YFIUSDT": 11541003.128, "ILVUSDT": 6181416.0374, "SYSUSDT": 3090092.5574, "RLCUSDT": 5877289.84712, "WAXPUSDT": 4937119.58714, "MASKUSDT": 23094466.601, "DUSDT": 11948427.48104, "MANAUSDT": 27128495.9116, "NMRUSDT": 6209594.3083, "HOTUSDT": 9857011.43004, "MORPHOUSDT": 50710686.50339, "DYMUSDT": 9937517.7936, "AVAAIUSDT": 36620226.93344, "STEEMUSDT": 8264933.40516, "STMXUSDT": 12351354.69006, "ETHFIUSDT": 70576138.00977, "DEFIUSDT": 2510434.5, "USUALUSDT": 119719750.3275, "CGPTUSDT": 23625807.67188, "KOMAUSDT": 10367239.75974, "BTCUSDT": 14403072504.9993, "MELANIAUSDT": 47988713.33957, "METISUSDT": 6210738.7105, "BNXUSDT": 8696835.52014, "ANIMEUSDT": 49530334.6222, "SUSHIUSDT": 30995193.489, "CRVUSDT": 155631334.9146, "ORCAUSDT": 8196855.2981, "SXPUSDT": 15966502.55501, "BIGTIMEUSDT": 23043618.80465, "SAFEUSDT": 5465334.9823, "LUMIAUSDT": 11095250.438, "GLMUSDT": 10975118.77713, "1000XECUSDT": 6046282.31777, "ALICEUSDT": 9353600.3115, "FARTCOINUSDT": 282338509.44978, "ACXUSDT": 7739413.49347, "JOEUSDT": 4837081.51751, "ARKMUSDT": 49399775.7182, "REIUSDT": 2809486.67947, "1000BONKUSDT": 152552191.032814, "ANKRUSDT": 7323794.01915, "DRIFTUSDT": 15546257.1158, "QUICKUSDT": 2249791.67681, "DOGSUSDT": 42856321.3714458, "XRPUSDT": 2270412411.02626, "ATOMUSDT": 61409764.68805, "BTCUSDT_250627": 14885458.1099, "SPXUSDT": 35416229.4338, "KASUSDT": 20698770.36861, "ACTUSDT": 175950170.40965, "SWELLUSDT": 7701213.18216, "NEIROUSDT": 256214505.8423537, "BANDUSDT": 5577188.01676, "TRXUSDT": 126452016.28243, "AAVEUSDT": 223344649.598, "PNUTUSDT": 353316612.09488, "AVAXUSDT": 256062306.237, "EOSUSDT": 77297861.8086, "SAGAUSDT": 27484298.50948, "SLERFUSDT": 5111342.1777, "GUSDT": 6385061.0855, "HIGHUSDT": 7081178.40005, "AIXBTUSDT": 123180027.38664, "BLURUSDT": 15450116.77376, "HMSTRUSDT": 15470715.389013, "ETHUSDT_250328": 15384671.04532, "KAIAUSDT": 8434954.8834, "NEARUSDT": 120181067.926, "FXSUSDT": 7260614.89913, "CHILLGUYUSDT": 57923672.6102,