{"BIGTIMEUSDT": 8812236.93394, "SYRUPUSDT": 69563193.75007, "BBUSDT": 5406912.39311, "HYPERUSDT": 8731294.1751, "ANKRUSDT": 3824659.00235, "SXPUSDT": 4808268.41156, "DYMUSDT": 4582714.17282, "FIDAUSDT": 5332588.96375, "BLURUSDT": 6548550.81232, "ACXUSDT": 2053969.08384, "AVAXUSDT": 217295112.154, "1000000BOBUSDT": 33045339.4563, "FORMUSDT": 8189571.09923, "CETUSUSDT": 8814522.66292, "SUPERUSDT": 7053591.7187, "PIPPINUSDT": 6644896.3368, "MUBARAKUSDT": 50576260.81964, "REZUSDT": 12595125.25188, "NILUSDT": 13448915.67797, "EPTUSDT": 5689297.938075, "EPICUSDT": 3155690.33566, "UNIUSDT": 79519132.819, "MOVEUSDT": 32534014.8406, "BSWUSDT": 4377096.89704, "VANAUSDT": 11991801.98869, "NEWTUSDT": 51881657.057, "LQTYUSDT": 4068580.33109, "GALAUSDT": 45208742.26165, "CTKUSDT": 1727179.3568, "BOMEUSDT": 23774046.564699, "BTCDOMUSDT": 9460611.8662, "AKTUSDT": 3007883.7031, "PROMUSDT": 1709375.8099, "SKATEUSDT": 20011314.84646, "SUSHIUSDT": 12522749.0298, "CRVUSDT": 111791609.4168, "AUCTIONUSDT": 10437559.48144, "OMUSDT": 49060780.670304, "SNXUSDT": 7498971.3179, "LUNA2USDT": 4552430.7916, "POLUSDT": 19665279.56602, "ZECUSDT": 6354596.80148, "AI16ZUSDT": 50354363.80797, "BTCUSDT_251226": 13622378.0881, "SAGAUSDT": 10759978.24388, "BSVUSDT": 3049979.399, "BANDUSDT": 2585970.60853, "MANAUSDT": 11278700.6055, "PENGUUSDT": 47380161.662212, "GMTUSDT": 13601965.62854, "OPUSDT": 72139800.62601, "SPELLUSDT": 4090583.0133492, "TNSRUSDT": 2987179.88152, "BTCUSDT": 14010734428.5148, "AUSDT": 12613835.21135, "AIXBTUSDT": 40855653.20157, "MOODENGUSDT": 20182034.02755, "CATIUSDT": 6766443.932, "1000SHIBUSDT": 91343288.551286, "LTCUSDT": 155086182.86533, "KAIAUSDT": 3175640.2781, "MILKUSDT": 2785877.75549, "KERNELUSDT": 17530323.2935, "MASKUSDT": 18787371.8851, "BANKUSDT": 5194976.666042, "IOTAUSDT": 7906914.41571, "BROCCOLIF3BUSDT": 10903780.958309, "FUSDT": 4911480.436, "1000BONKUSDT": 67557337.696322, "BRETTUSDT": 13965391.19198, "PUMPUSDT": 3127164.64982, "ETHUSDT": 9300377779.3857, "ALICEUSDT": 5688253.8234, "CTSIUSDT": 2253019.4385, "RAYSOLUSDT": 20233308.80284, "DEGENUSDT": 3631661.133652, "IMXUSDT": 13771189.8026, "IOSTUSDT": 3738836.738608, "GOATUSDT": 26226734.82666, "CELOUSDT": 7209602.0702, "1000000MOGUSDT": 8677954.84443, "ATAUSDT": 2399046.1339, "1MBABYDOGEUSDT": 7742687.3543798, "PENDLEUSDT": 34875031.2623, "UXLINKUSDT": 8088603.1198, "RPLUSDT": 3706595.5518, "BICOUSDT": 2555851.2781, "NMRUSDT": 2710717.6413, "FLOWUSDT": 8602812.4626, "OMNIUSDT": 5550934.67967, "ZETAUSDT": 6150154.2526, "LPTUSDT": 8284962.3526, "EGLDUSDT": 6686337.5863, "HIPPOUSDT": 7558094.246254, "ALPHAUSDT": 4213286.0103, "REDUSDT": 7003079.7945, "NXPCUSDT": 90854181.78166, "1000RATSUSDT": 5851866.79582, "AEROUSDT": 6126109.95014, "CHZUSDT": 9440460.23797, "RUNEUSDT": 17085183.916, "BRUSDT": 3775234.55335, "ETHUSDT_250926": 7437367.6584, "BEAMXUSDT": 7050424.101278, "ORCAUSDT": 11688174.5167, "API3USDT": 9822919.63057, "DASHUSDT": 3276973.28953, "JUPUSDT": 38545065.4588, "STOUSDT": 8172194.24197, "BANANAUSDT": 9115319.0278, "ASRUSDT": 4338995.419, "MEWUSDT": 13056467.312085, "AEVOUSDT": 5801352.04511, "CHESSUSDT": 3181525.55983, "ARBUSDT": 56867341.62645, "PNUTUSDT": 100812132.90304, "HOTUSDT": 3280593.193042, "PORTALUSDT": 5820196.210104, "VOXELUSDT": 5837995.46273, "DEGOUSDT": 3358397.05075, "HBARUSDT": 57258643.79613, "SIRENUSDT": 5920507.57136, "DOGEUSDT": 792971126.88244, "MOCAUSDT": 3252406.2644, "SUSDT": 44144513.0954, "ORDIUSDT": 48598266.3936, "TOKENUSDT": 2417129.67467, "SYNUSDT": 2934271.0808, "DUSDT": 1912615.47354, "GRASSUSDT": 13234635.40124, "DFUSDT": 2633357.8893, "LEVERUSDT": 3361360.8252878, "GPSUSDT": 5491182.60116, "LISTAUSDT": 8659160.2211, "HUSDT": 22035689.93186, "BDXNUSDT": 12231107.57001, "PUMPBTCUSDT": 3597564.91537, "INJUSDT": 52772523.7653, "OBOLUSDT": 8095312.81771, "DOGSUSDT": 13254608.1131177, "VINEUSDT": 18810623.84206, "COOKIEUSDT": 12019402.2151, "LOKAUSDT": 2051581.2431, "LRCUSDT": 3334121.33547, "KAVAUSDT": 8875224.5397, "PAXGUSDT": 29809358.15354, "NEARUSDT": 96344554.859, "1000LUNCUSDT": 6323801.61116, "MANTAUSDT": 8360771.77601, "LAUSDT": 48424768.4514, "OLUSDT": 2293322.60695, "DMCUSDT": 27544165.858234, "TAOUSDT": 104762425.35952, "VETUSDT": 15154110.822702, "HIFIUSDT": 7135856.2067, "CYBERUSDT": 3423265.1904, "1INCHUSDT": 5953361.0097, "PONKEUSDT": 3838622.75458, "CHRUSDT": 3827421.7063, "WALUSDT": 11485404.9895, "BIOUSDT": 11411201.78706, "SXTUSDT": 15215473.35209, "QUICKUSDT": 1855013.08992, "C98USDT": 4560457.3212, "BAKEUSDT": 5224919.693, "GTCUSDT": 2973456.013, "ROSEUSDT": 5826358.33818, "AAVEUSDT": 170197119.495, "DYDXUSDT": 21695677.9824, "NOTUSDT": 15765957.130506, "FXSUSDT": 4521611.57388, "ZEREBROUSDT": 19261763.7162, "B2USDT": 5172957.8567, "SUIUSDT": 655509438.74506, "PERPUSDT": 2605930.54357, "AGLDUSDT": 6124512.0539, "JTOUSDT": 16372705.7274, "SANDUSDT": 24839431.42998, "EIGENUSDT": 28320486.76494, "LAYERUSDT": 60968287.21591, "VIRTUALUSDT": 68736016.05937, "XAIUSDT": 6964187.61399, "MELANIAUSDT": 14498594.145183, "BROCCOLI714USDT": 9985263.97089, "KSMUSDT": 4193697.6556, "HUMAUSDT": 44937470.810359, "1000PEPEUSDT": 770453119.9071193, "FILUSDT": 98719711.8412, "TRXUSDT": 89170029.55851, "HMSTRUSDT": 5816561.650302, "TONUSDT": 48526444.4263, "KAITOUSDT": 59187949.34698, "QTUMUSDT": 4870168.6541, "ACHUSDT": 11647954.110645, "COMPUSDT": 11106911.12931, "HOMEUSDT": 66037165.582775, "ENAUSDT": 228125068.8617, "XMRUSDT": 14354715.47081, "BCHUSDT": 107543342.98213, "RENDERUSDT": 39735316.4246, "METISUSDT": 2525411.8108, "ENJUSDT": 5690380.03728, "TUSDT": 4295961.32554, "GRIFFAINUSDT": 20805196.61474, "MBOXUSDT": 2767860.8869, "ZROUSDT": 23605350.04663, "USTCUSDT": 3028496.598021, "THETAUSDT": 14136787.57976, "BERAUSDT": 30528123.4398, "KMNOUSDT": 2656381.09154, "ALGOUSDT": 28644004.28491, "AWEUSDT": 3379940.191928, "AERGOUSDT": 14811238.83942, "MEUSDT": 8798701.8348, "JELLYJELLYUSDT": 13017861.71508, "GASUSDT": 4424913.4815, "COTIUSDT": 6340416.70008, "ETHUSDT_250627": 14470041.49842, "TIAUSDT": 80952067.2946, "KASUSDT": 12051777.0149, "SEIUSDT": 33091944.0062, "ADAUSDT": 365796578.9454, "HFTUSDT": 2502099.41269, "QNTUSDT": 5814049.732, "SKYAIUSDT": 6096916.56049, "ZKUSDT": 10256872.4039, "APTUSDT": 58180829.51659, "RVNUSDT": 3543460.60748, "MORPHOUSDT": 4150433.20043, "DOODUSDT": 3972597.7815974, "ZRXUSDT": 5587203.36815, "UMAUSDT": 3789378.934, "CAKEUSDT": 27600980.7718, "ETHUSDT_251226": 6698840.62941, "BANANAS31USDT": 7094941.004372, "ICXUSDT": 4564403.623, "SOONUSDT": 24569118.83435, "POPCATUSDT": 73345056.858, "WIFUSDT": 207341853.70408, "VVVUSDT": 4733750.77045, "STRKUSDT": 14910333.84391, "BTCUSDT_250627": 24470858.2029, "HYPEUSDT": 203936986.12726, "BNBUSDT": 280427251.0989, "RAREUSDT": 10223164.7621, "RSRUSDT": 10426584.454001, "SSVUSDT": 6497331.36112, "ETCUSDT": 51578871.75537, "TURBOUSDT": 25070276.0349954, "IPUSDT": 16017207.193087, "THEUSDT": 6324936.49878, "DEEPUSDT": 9791043.81812, "FLMUSDT": 10309628.0565, "GLMUSDT": 3850832.95481, "WCTUSDT": 69500996.5265, "MKRUSDT": 35392024.0584, "ALCHUSDT": 22934784.00519, "ONDOUSDT": 97549811.6961, "1000SATSUSDT": 22006766.5849723, "XRPUSDT": 1173225217.69267, "SAHARAUSDT": 200355584.61435, "ATOMUSDT": 41789751.01649, "SOPHUSDT": 42421517.44013, "PIXELUSDT": 6749619.02253, "MEMEUSDT": 13124861.199358, "LDOUSDT": 46724914.3984, "PARTIUSDT": 21660760.4035, "WUSDT": 14682725.101295, "PYTHUSDT": 12604123.12338, "IOTXUSDT": 4684969.19857, "AVAAIUSDT": 13032325.66412, "ARUSDT": 14682105.3478, "PEOPLEUSDT": 26892564.68598, "KDAUSDT": 3509487.1318, "SWARMSUSDT": 14338719.07863, "BIDUSDT": 2994854.61938, "TRBUSDT": 14016502.1441, "FETUSDT": 67947404.5796, "BTCUSDT_250926": 13768224.0906, "APEUSDT": 18379612.1753, "GUNUSDT": 15367196.54813, "BUSDT": 19952124.31899, "GRTUSDT": 12107101.29579, "TSTUSDT": 12589251.0207, "NEIROETHUSDT": 13657262.16445, "HAEDALUSDT": 27714679.117895, "ANIMEUSDT": 19130097.74296, "BATUSDT": 3820424.02128, "VANRYUSDT": 5119464.5166, "DOTUSDT": 106175793.6863,