{"DEXEUSDT": 29515103.44699, "CELOUSDT": 27013456.8361, "GOATUSDT": 307305275.9228, "LOKAUSDT": 3596458.7187, "JUPUSDT": 50532861.9499, "1000BONKUSDT": 157068509.620257, "TURBOUSDT": 131171538.5008794, "HIPPOUSDT": 41517918.89242, "ARBUSDT": 102535762.74676, "ARKMUSDT": 60655333.8068, "NEIROETHUSDT": 82620101.90603, "ANKRUSDT": 5053548.41747, "SAFEUSDT": 12511174.2109, "LISTAUSDT": 14431291.1611, "TRUUSDT": 9710291.15659, "ETHUSDT_250627": 8201994.95322, "NTRNUSDT": 4171929.0483, "PERPUSDT": 5350628.88533, "ZETAUSDT": 24921797.3832, "RAREUSDT": 14659350.219, "OXTUSDT": 3957244.52728, "HFTUSDT": 3421266.82304, "ZILUSDT": 9527896.01236, "BICOUSDT": 8423222.2502, "1000PEPEUSDT": 1065911319.1737117, "ICXUSDT": 4735489.8938, "API3USDT": 11659365.58262, "MOODENGUSDT": 229134079.39, "LEVERUSDT": 6713535.1184876, "CHESSUSDT": 5652753.9565, "GTCUSDT": 8666590.0726, "MBOXUSDT": 7424724.2265, "TRBUSDT": 37301280.0672, "CTSIUSDT": 6724990.5509, "SUSHIUSDT": 22196041.6432, "JTOUSDT": 43593806.5729, "EDUUSDT": 7739867.4267, "CFXUSDT": 30277975.6905, "LUMIAUSDT": 16096939.2248, "TIAUSDT": 212312524.2639, "PONKEUSDT": 15273153.35557, "OMGUSDT": 3557809.37601, "WOOUSDT": 12435740.05824, "BEAMXUSDT": 17442744.318731, "HIVEUSDT": 68621226.0084, "SANDUSDT": 35120119.81375, "FLMUSDT": 7716716.4214, "EIGENUSDT": 120924101.89637, "TWTUSDT": 5990438.7031, "SWARMSUSDT": 78795953.3476, "REEFUSDT": 20801805.287432, "QTUMUSDT": 5062116.7364, "AIUSDT": 16365685.12378, "C98USDT": 6798485.6218, "AVAUSDT": 30844023.62004, "DFUSDT": 29332886.57215, "RONINUSDT": 6970102.9246, "BIGTIMEUSDT": 50304156.9501, "CKBUSDT": 18270585.499924, "YFIUSDT": 7475067.138, "1MBABYDOGEUSDT": 86646754.0558371, "CHRUSDT": 8446283.9854, "THETAUSDT": 23520710.28228, "RLCUSDT": 5777387.14801, "GRIFFAINUSDT": 51502363.12254, "KNCUSDT": 4983567.1798, "EOSUSDT": 50918494.2217, "POPCATUSDT": 181828817.5685, "APTUSDT": 226751347.95676, "TOKENUSDT": 9868444.60189, "UXLINKUSDT": 42418956.7016, "LDOUSDT": 48428345.799, "SLERFUSDT": 7935379.9903, "TONUSDT": 66784563.56085, "ETCUSDT": 65054555.3205, "SANTOSUSDT": 11130336.1874, "BANUSDT": 89743892.2154, "TNSRUSDT": 17953857.74681, "BLURUSDT": 25783764.0715, "LTCUSDT": 133163968.35794, "XRPUSDT": 447737365.97658, "NOTUSDT": 79117724.02803, "ARKUSDT": 18654363.4896, "NEARUSDT": 131823265.782, "BNXUSDT": 14436651.6088, "DYMUSDT": 18612812.07276, "SUPERUSDT": 19915718.7444, "SPXUSDT": 29200663.5379, "FXSUSDT": 5382615.31241, "AI16ZUSDT": 220418602.32372, "1INCHUSDT": 13203239.3438, "STXUSDT": 70691698.1108, "ALPHAUSDT": 10572965.82191, "SNXUSDT": 13665730.7207, "ACHUSDT": 9173830.485442, "POWRUSDT": 8286350.8303, "MKRUSDT": 42313731.8884, "MORPHOUSDT": 78157756.00862, "USTCUSDT": 12105472.221983, "FIDAUSDT": 18175066.4586, "AAVEUSDT": 147050375.984, "1000LUNCUSDT": 25270329.75946, "BIOUSDT": 180249286.6591, "WIFUSDT": 537985923.77094, "ZROUSDT": 42926086.58779, "WLDUSDT": 340274035.0453, "PYTHUSDT": 26463488.4036, "BADGERUSDT": 5172988.205, "ZRXUSDT": 10531607.97029, "AIXBTUSDT": 89865760.60687, "DEGOUSDT": 5814163.2142, "AGLDUSDT": 16962464.6205, "ORCAUSDT": 21233173.5944, "LINKUSDT": 213995305.15917, "KAVAUSDT": 10885895.28237, "HBARUSDT": 31681674.83817, "ONGUSDT": 5661591.84436, "COTIUSDT": 11642676.45979, "DEGENUSDT": 27818540.053744, "HIGHUSDT": 8933303.71749, "XVSUSDT": 5179996.2481, "BTCUSDT_250328": 20973082.8575, "TUSDT": 4865568.04475, "BBUSDT": 22135563.1191, "CYBERUSDT": 8097253.2371, "OPUSDT": 90397728.4608, "ILVUSDT": 6361682.7898, "NFPUSDT": 9438732.29652, "SAGAUSDT": 71709671.94561, "BRETTUSDT": 17987366.98, "PHAUSDT": 68024613.29051, "1000WHYUSDT": 10276072.7408063, "1000SATSUSDT": 115304368.1357719, "IDUSDT": 14893214.71971, "ASTRUSDT": 6793576.42291, "ICPUSDT": 31956543.566, "SEIUSDT": 120315574.9259, "POLUSDT": 34979364.4766, "BTCDOMUSDT": 5629339.0276, "TROYUSDT": 57047821.71604, "DRIFTUSDT": 38022733.0362, "BANANAUSDT": 20307272.6353, "XVGUSDT": 5100722.3137167, "DODOXUSDT": 5031210.484409, "SKLUSDT": 6634469.24265, "DARUSDT": 9574285.16886, "CAKEUSDT": 10335453.1446, "DUSDT": 60180455.26054, "BCHUSDT": 120662824.76559, "ATAUSDT": 5526862.0477, "AVAXUSDT": 214506359.383, "HOOKUSDT": 8336208.57453, "BANDUSDT": 5395991.21352, "ARUSDT": 35350554.4987, "ENSUSDT": 43976844.419, "ALGOUSDT": 19457597.67519, "STMXUSDT": 9663827.7948, "ALTUSDT": 24398600.17041, "WAXPUSDT": 4076782.97717, "VIDTUSDT": 12801541.3901, "1000000MOGUSDT": 24443530.4499, "SXPUSDT": 21625242.98114, "NULSUSDT": 3469215.0596, "NEIROUSDT": 572482107.2310399, "STORJUSDT": 18086255.7425, "FTMUSDT": 170853163.3002, "ENAUSDT": 290557812.7658, "METISUSDT": 8337269.4952, "GLMUSDT": 9546462.78952, "CRVUSDT": 70520163.7829, "SYSUSDT": 4412553.9244, "MEMEUSDT": 38648683.949608, "OGNUSDT": 7254868.9468, "ROSEUSDT": 15519639.38568, "VANAUSDT": 116748518.6546, "BALUSDT": 3938627.6242, "DEFIUSDT": 1276219.3342, "DUSKUSDT": 7017287.00048, "BATUSDT": 6839144.11868, "MASKUSDT": 32368248.5767, "BTCUSDT_250627": 8881949.6796, "VANRYUSDT": 12728510.32205, "HIFIUSDT": 7563772.6865, "PNUTUSDT": 552472381.38783, "AXSUSDT": 28096543.212, "BONDUSDT": 2950513.0857, "MEUSDT": 116556419.079, "RIFUSDT": 4137709.28506, "NMRUSDT": 5360923.0933, "FIOUSDT": 8753141.95093, "SCRUSDT": 40953579.013, "XTZUSDT": 9644142.8149, "HOTUSDT": 9656549.976235, "PORTALUSDT": 13278496.31614, "ETHFIUSDT": 64968870.35313, "1000FLOKIUSDT": 113211239.66551, "1000XUSDT": 16445594.52726, "RPLUSDT": 4240271.9854, "ENJUSDT": 7478542.42647, "REIUSDT": 4983503.80355, "MOVEUSDT": 304768980.572, "RENDERUSDT": 46304899.7473, "ALCHUSDT": 24885295.511, "MAVUSDT": 6430651.43514, "LRCUSDT": 6529837.26898, "ALPACAUSDT": 8880882.25379, "ONEUSDT": 9516786.74065, "LITUSDT": 7671859.0804, "GUSDT": 5058027.58156, "BNTUSDT": 2708364.99556, "QUICKUSDT": 3614250.21393, "SCRTUSDT": 12508492.3468, "EGLDUSDT": 11523912.209, "KMNOUSDT": 6637908.64364, "SUIUSDT": 869483950.04095, "BSVUSDT": 7677347.461, "AEROUSDT": 10773006.27689, "AUCTIONUSDT": 12700600.21914, "AKTUSDT": 8225954.9461, "IOUSDT": 55688847.78021, "FETUSDT": 136692007.4267, "KAIAUSDT": 15836106.8511, "XAIUSDT": 25109358.5851, "TRXUSDT": 72171410.92838, "MINAUSDT": 16241976.7376, "THEUSDT": 99784040.18333, "COMBOUSDT": 3785391.21914, "XMRUSDT": 13427034.87509, "DENTUSDT": 5097021.206524, "KASUSDT": 22505812.53686, "KSMUSDT": 8939207.7509, "LQTYUSDT": 8726194.69451, "CELRUSDT": 6963406.12463, "MAGICUSDT": 8093365.20061, "HMSTRUSDT": 44112570.487809, "ATOMUSDT": 52778355.95454, "ZEREBROUSDT": 68860791.8804, "AERGOUSDT": 6005204.4355, "IOTXUSDT": 7490907.15154, "APEUSDT": 106923772.879, "QNTUSDT": 6461824.009, "1000XECUSDT": 6339556.45606, "ACTUSDT": 265067226.18994, "JOEUSDT": 4206079.20601, "CETUSUSDT": 35947303.71766, "ADAUSDT": 197002939.5556, "ACEUSDT": 10951511.623544, "SOLUSDT": 2325656977.561, "INJUSDT": 77099995.961, "SSVUSDT": 14304192.8942, "SFPUSDT": 3648420.1815, "PHBUSDT": 12351270.8428, "ACXUSDT": 31378367.3838, "PIXELUSDT": 21782597.5541, "1000CATUSDT": 40224399.49121, "RDNTUSDT": 14709879.03185, "FILUSDT": 119695863.9339, "XLMUSDT": 24125531.11824, "GALAUSDT": 92492937.6407, "BLZUSDT": 6788154.93516, "ONDOUSDT": 78242708.15527, "1000SHIBUSDT": 255337707.897311, "CHZUSDT": 34530967.73908, "RAYSOLUSDT": 13106266.3547, "ONTUSDT": 6311350.57132, "DOGSUSDT": 92541118.458494, "XEMUSDT": 1343575.1197, "TAOUSDT": 125887200.56285, "1000RATSUSDT": 41408181.27998, "MAVIAUSDT": 6522353.52565, "DIAUSDT": 13204864.1933, "SUNUSDT": 16154982.914255, "CHILLGUYUSDT": 107151596.6586, "BNBUSDT": 406893971.8769, "TLMUSDT": 5991543.382832, "RUNEUSDT": 61786120.128, "MOCAUSDT": 129454999.9364, "FARTCOINUSDT": 183501057.89619, "GRASSUSDT": 57658437.0279, "VETUSDT": 13274352.686065, "PEOPLEUSDT": 107456216.89142, "LUNA2USDT": 16408778.2653, "GMTUSDT": 31074336.80079, "AMBUSDT": 5598303.865146, "COOKIEUSDT": 16926123.0365, "FLUXUSDT": 4711648.2911, "1000CHEEMSUSDT": 30581705.6860028, "ALICEUSDT": 9808909.0658, "STEEMUSDT": 2685213.20029, "DOGEUSDT": 1549990039.17442, "COSUSDT": 5500976.866473,