{"WIFUSDT": 555187181.99927, "ZETAUSDT": 25262552.5234, "ANKRUSDT": 4371177.23932, "PENDLEUSDT": 52368825.9187, "HMSTRUSDT": 61263162.218704, "VETUSDT": 9765151.391837, "ALICEUSDT": 8007554.4082, "COTIUSDT": 11081861.13449, "GUSDT": 4800598.46261, "BNTUSDT": 2138006.81587, "LSKUSDT": 2229775.9304, "BELUSDT": 7529309.0512, "AXSUSDT": 16872370.352, "RUNEUSDT": 54096293.711, "FETUSDT": 153072505.338, "ACEUSDT": 11130403.677618, "BADGERUSDT": 2839741.4612, "OPUSDT": 75537789.04123, "TWTUSDT": 4450442.7694, "DIAUSDT": 21510906.3494, "HOOKUSDT": 6923408.89755, "VOXELUSDT": 6490121.4069, "HOTUSDT": 6536694.219739, "BNXUSDT": 23143014.70201, "YFIUSDT": 5014070.49, "UXLINKUSDT": 39879976.4996, "SXPUSDT": 8800611.35246, "MAVUSDT": 5690327.53903, "RPLUSDT": 4930698.6464, "KASUSDT": 15849509.22002, "LOOMUSDT": 5173628.98617, "BNBUSDT": 322944993.5081, "AIUSDT": 14930783.99208, "TAOUSDT": 102034621.5744, "NMRUSDT": 4542948.8285, "PIXELUSDT": 21937425.0262, "PERPUSDT": 3534435.60312, "ENAUSDT": 150374906.6259, "NEOUSDT": 12093063.6097, "RENUSDT": 4395173.78213, "HIFIUSDT": 5671115.2857, "LDOUSDT": 30584975.6082, "BEAMXUSDT": 15166571.981751, "LINKUSDT": 116364528.2673, "ONDOUSDT": 49723066.39611, "MYROUSDT": 20115834.75651, "PEOPLEUSDT": 147896445.76975, "NEARUSDT": 120066113.708, "SSVUSDT": 11401715.18365, "ETHUSDT_250328": 7356191.44361, "HFTUSDT": 2339324.78658, "FLUXUSDT": 4942292.3062, "TUSDT": 4173401.06032, "TRBUSDT": 45490385.899, "1000FLOKIUSDT": 106553058.11367, "BOMEUSDT": 121641685.871773, "BLZUSDT": 5030541.61899, "MEWUSDT": 75346863.792626, "SWELLUSDT": 34613518.37553, "FILUSDT": 87785080.4806, "ETHUSDT_241227": 11241397.26677, "SYSUSDT": 5681330.96752, "GMTUSDT": 24170362.67444, "ARBUSDT": 70626501.43056, "PONKEUSDT": 32037240.97271, "COWUSDT": 50382322.7437, "DODOXUSDT": 3636876.40953, "MORPHOUSDT": 27498519.14658, "ARKMUSDT": 42831872.1179, "DOGEUSDT": 347673045.78876, "TONUSDT": 98655594.98329, "DEFIUSDT": 985077.2613, "MBOXUSDT": 7746093.5295, "ZROUSDT": 51339832.49496, "AAVEUSDT": 112352630.519, "MOODENGUSDT": 400933287.05522, "SANTOSUSDT": 17734204.2194, "POPCATUSDT": 181828817.5685, "ALPACAUSDT": 11069662.44337, "CYBERUSDT": 7592063.2952, "ETHWUSDT": 3732053.7899, "STXUSDT": 58165284.8213, "AEVOUSDT": 19011565.76194, "EIGENUSDT": 117951431.0379, "ILVUSDT": 5113804.1598, "MKRUSDT": 38338765.5409, "JASMYUSDT": 31741808.032929, "ZKUSDT": 27374537.49768, "IOTXUSDT": 5289737.44812, "DENTUSDT": 3348995.081037, "MASKUSDT": 15329055.0762, "WUSDT": 25622195.87747, "UNFIUSDT": 3985034.3315, "DRIFTUSDT": 52174015.6684, "ARUSDT": 32269719.3823, "MTLUSDT": 4312732.4426, "DARUSDT": 12515896.76536, "IOTAUSDT": 5881314.08357, "OMGUSDT": 3255822.24861, "LEVERUSDT": 7144790.2913133, "RLCUSDT": 3483788.0842, "QTUMUSDT": 3661218.5188, "COSUSDT": 4671418.656052, "1000XUSDT": 25977567.32888, "CELOUSDT": 16804111.4016, "UNIUSDT": 71585016.815, "RIFUSDT": 3842923.89127, "ENJUSDT": 5466685.4511, "APEUSDT": 46916686.29, "C98USDT": 5666841.1814, "CAKEUSDT": 7902096.3365, "OXTUSDT": 2326328.07912, "CFXUSDT": 23705951.13461, "WLDUSDT": 279187845.5663, "ARPAUSDT": 8444532.18482, "ALPHAUSDT": 4006200.0567, "SKLUSDT": 4078167.02275, "DYMUSDT": 19799622.16124, "CHZUSDT": 17728467.04715, "BLURUSDT": 24119257.13556, "GMXUSDT": 5907777.42784, "POLYXUSDT": 7147425.22206, "BIGTIMEUSDT": 61661524.60573, "CKBUSDT": 18253964.92176, "SUIUSDT": 631889529.60914, "GTCUSDT": 6502693.7949, "SPELLUSDT": 5221479.8791844, "LTCUSDT": 89910539.03055, "STORJUSDT": 11903491.9009, "COMBOUSDT": 2588360.64639, "GLMUSDT": 5104807.83244, "FTMUSDT": 160578191.0832, "RSRUSDT": 11546356.018001, "KSMUSDT": 5569287.997, "ORBSUSDT": 4398307.67166, "JTOUSDT": 37162655.4684, "REZUSDT": 18089539.86123, "TRXUSDT": 54755986.54796, "TRUUSDT": 7965707.64353, "ZILUSDT": 6296671.93461, "DOTUSDT": 72039452.1283, "AGLDUSDT": 4436204.7836, "SAGAUSDT": 108178000.08807, "BTCDOMUSDT": 2735694.5679, "BALUSDT": 3287263.192, "ATOMUSDT": 45694206.6048, "GHSTUSDT": 4322740.326, "ETCUSDT": 46346463.70291, "EOSUSDT": 38063239.2865, "POLUSDT": 31612578.9282, "IDUSDT": 7161955.13314, "RONINUSDT": 4540539.8441, "BSWUSDT": 3787326.45918, "FIDAUSDT": 24706896.1923, "SCRTUSDT": 57718665.2879, "LOKAUSDT": 3554081.2036, "VIDTUSDT": 19772767.72095, "AVAXUSDT": 167346552.018, "USTCUSDT": 9744910.49501, "DASHUSDT": 3647298.02878, "TURBOUSDT": 88900519.21968, "HIPPOUSDT": 60777038.4419, "NFPUSDT": 7496558.76484, "CELRUSDT": 3923027.67158, "KAVAUSDT": 8228884.29116, "ACHUSDT": 6825511.174487, "BAKEUSDT": 12626570.2774, "ZECUSDT": 13942683.27594, "WOOUSDT": 9173760.00995, "BANANAUSDT": 22036084.0564, "UMAUSDT": 12602522.651, "KEYUSDT": 6072333.99251, "ENSUSDT": 27882112.4222, "PHBUSDT": 10673236.4011, "LPTUSDT": 10445896.9695, "STMXUSDT": 9046817.51749, "KNCUSDT": 3595014.5229, "STEEMUSDT": 1678756.98023, "SLERFUSDT": 17127626.0978, "ZRXUSDT": 5879853.94158, "DUSKUSDT": 6673994.64873, "1000RATSUSDT": 58365551.75783, "ALTUSDT": 23281130.93089, "ALGOUSDT": 10968112.8999, "CATIUSDT": 83427766.5271, "TIAUSDT": 190924631.945, "THEUSDT": 151251658.91742, "MAVIAUSDT": 7558275.88155, "AXLUSDT": 11763965.52858, "AUCTIONUSDT": 9636331.39645, "ORDIUSDT": 219956742.612, "EDUUSDT": 7692685.4385, "OMUSDT": 24456880.279673, "NEIROETHUSDT": 159201613.5788, "BONDUSDT": 5422196.2117, "INJUSDT": 82886464.6257, "1MBABYDOGEUSDT": 91710974.4222436, "ETHFIUSDT": 44085025.24942, "QUICKUSDT": 3799857.9101, "NOTUSDT": 116212996.703442, "BRETTUSDT": 13184561.33174, "MANTAUSDT": 16938892.66187, "ZENUSDT": 6502044.5115, "BCHUSDT": 78321790.31545, "CHESSUSDT": 6519825.1042, "WAXPUSDT": 2530932.27154, "XLMUSDT": 16129269.13805, "NEIROUSDT": 773503518.6876149, "LUNA2USDT": 10774872.0926, "XAIUSDT": 21920473.6676, "1000000MOGUSDT": 30245652.83701, "METISUSDT": 6357776.9343, "XVSUSDT": 3104444.7193, "QNTUSDT": 5090404.752, "1000CATUSDT": 55469619.11436, "BSVUSDT": 5953787.926, "DEGENUSDT": 41410525.476496, "1000SHIBUSDT": 142045686.574164, "XTZUSDT": 6432640.357, "MEMEUSDT": 23585254.225025, "1000SATSUSDT": 161799291.9081796, "GRTUSDT": 19332691.31699, "ROSEUSDT": 12662102.57671, "BTCUSDT": 13998969371.3328, "NTRNUSDT": 3140154.5226, "REIUSDT": 5447585.31851, "SUSHIUSDT": 13373029.0051, "COMPUSDT": 7981179.26009, "NULSUSDT": 4157032.6296, "FLOWUSDT": 9451114.1124, "MAGICUSDT": 5605107.28448, "1000LUNCUSDT": 21057421.63979, "BATUSDT": 3431137.22857, "PYTHUSDT": 16524724.1624, "GASUSDT": 6063112.061, "LISTAUSDT": 18066532.1476, "LQTYUSDT": 8365766.96924, "1000PEPEUSDT": 777883696.1077493, "1000BONKUSDT": 93554242.842908, "APTUSDT": 155590112.90941, "KDAUSDT": 5961254.6318, "REEFUSDT": 42390842.624474, "SANDUSDT": 23135941.3145, "GALAUSDT": 64808744.46875, "ONGUSDT": 3080400.38933, "ADAUSDT": 119944529.3745, "XRPUSDT": 297492932.21316, "OGNUSDT": 4650980.3837, "CRVUSDT": 68405620.0859, "XVGUSDT": 2873329.2752, "1INCHUSDT": 11837341.3189, "JUPUSDT": 37026789.2972, "1000CHEEMSUSDT": 14127044.2095662, "USDCUSDT": 910921.698104, "LINAUSDT": 10007134.30952, "SYNUSDT": 8945542.9705, "CETUSUSDT": 41002872.35112, "ARKUSDT": 14942840.3737, "AKTUSDT": 16178527.2154, "SUPERUSDT": 23600812.5705, "SOLUSDT": 2161046261.375, "PORTALUSDT": 10882178.90386, "SAFEUSDT": 15180487.9246, "RVNUSDT": 4185271.22764, "OMNIUSDT": 13027917.9006, "1000WHYUSDT": 12951397.7527812, "MANAUSDT": 13704518.9537, "BICOUSDT": 3396846.2613, "BANUSDT": 131178263.0244, "ASTRUSDT": 6378894.856518, "HIGHUSDT": 8933303.71749, "RAREUSDT": 26189454.2971, "STRKUSDT": 39475294.73643, "LITUSDT": 5377918.5073, "RDNTUSDT": 18015437.96996, "MINAUSDT": 12674850.1655, "ICXUSDT": 3213251.4878, "FIOUSDT": 9030621.67742, "AERGOUSDT": 4821354.5604, "GOATUSDT": 406039695.2633, "MOVRUSDT": 4898852.20285, "ICPUSDT": 27883284.566, "DOGSUSDT": 159549828.3836219, "XMRUSDT": 11978058.84109, "TNSRUSDT": 14588235.51804, "CHRUSDT": 8026792.0072, "TLMUSDT": 4884385.447577, "SUNUSDT": 24097982.327558, "BBUSDT": 22770703.9379, "BTCUSDT_241227": 21436680.6144, "CTSIUSDT": 4849533.1141, "SFPUSDT": 3378957.1698, "TOKENUSDT": 9184353.81652,