{"YGGUSDT": 16179200.1791, "WLDUSDT": 265749382.3184, "LDOUSDT": 30574425.3212, "GHSTUSDT": 4322740.326, "ENAUSDT": 146131428.3513, "ETHUSDT": 5659435689.68286, "UMAUSDT": 12425245.58, "MAVUSDT": 5670144.39488, "SOLUSDT": 2140000215.356, "SEIUSDT": 104245980.925, "DYMUSDT": 18969937.70677, "PENDLEUSDT": 51571216.8561, "POLUSDT": 31185821.3019, "1MBABYDOGEUSDT": 99277882.1166911, "OPUSDT": 75537789.04123, "API3USDT": 8614692.35663, "KAVAUSDT": 7349752.67571, "USTCUSDT": 9277368.57872, "BIGTIMEUSDT": 56047160.48563, "WOOUSDT": 8726711.6541, "LPTUSDT": 10698223.2278, "DRIFTUSDT": 58431948.4109, "PYTHUSDT": 15270961.9176, "ALICEUSDT": 8007554.4082, "UNFIUSDT": 5442141.1539, "CATIUSDT": 93327150.0943, "1000LUNCUSDT": 20050079.22178, "BNBUSDT": 323611826.144, "IDUSDT": 6667645.67745, "AERGOUSDT": 4707128.0254, "AKTUSDT": 20565817.7741, "TLMUSDT": 4884385.447577, "EGLDUSDT": 7640854.6331, "STMXUSDT": 9046817.51749, "AXSUSDT": 16722864.673, "RAREUSDT": 28113151.19707, "KSMUSDT": 5569287.997, "ZETAUSDT": 25042089.8913, "COMBOUSDT": 2588360.64639, "ONTUSDT": 4699973.26304, "GOATUSDT": 424764457.6293, "CRVUSDT": 67868698.441, "TONUSDT": 98655594.98329, "LITUSDT": 5138729.826, "ZRXUSDT": 5879853.94158, "TOKENUSDT": 9184353.81652, "KNCUSDT": 3575189.951, "BAKEUSDT": 12626570.2774, "AXLUSDT": 10795288.58848, "LISTAUSDT": 18790296.8567, "SUNUSDT": 24598384.3596, "ZENUSDT": 6502044.5115, "STEEMUSDT": 1678756.98023, "XEMUSDT": 4483521.1258, "WAXPUSDT": 2530932.27154, "1000RATSUSDT": 58210747.04639, "ARUSDT": 30936281.2696, "THETAUSDT": 16307943.40987, "BNXUSDT": 24253761.32791, "ARBUSDT": 68950845.64151, "SCRTUSDT": 16367990.305, "EIGENUSDT": 117951431.0379, "BATUSDT": 3431137.22857, "REEFUSDT": 42390842.624474, "DUSKUSDT": 6673994.64873, "JOEUSDT": 3062739.6896, "TRUUSDT": 7965707.64353, "MAGICUSDT": 5533062.43455, "BANDUSDT": 4095102.49224, "MAVIAUSDT": 7736045.37749, "NULSUSDT": 4157032.6296, "LOOMUSDT": 5094730.71991, "DOGEUSDT": 335764957.09684, "1000WHYUSDT": 3837059.259222, "SWELLUSDT": 36323503.53562, "KEYUSDT": 6072333.99251, "STORJUSDT": 11903491.9009, "FXSUSDT": 3446260.84434, "LUNA2USDT": 9385965.7743, "SAGAUSDT": 109212841.24536, "XLMUSDT": 16129269.13805, "CHILLGUYUSDT": 76139071.4444, "BALUSDT": 3273201.0724, "ENSUSDT": 27882112.4222, "RSRUSDT": 11546356.018001, "ALGOUSDT": 10936414.97008, "ZILUSDT": 6165351.48832, "ETHWUSDT": 2781278.944, "BEAMXUSDT": 15166571.981751, "BTCUSDT_250328": 17482726.3954, "TROYUSDT": 54515741.887671, "TRXUSDT": 54755986.54796, "SFPUSDT": 3153058.4994, "CELOUSDT": 15693504.0229, "KASUSDT": 15560748.23655, "OXTUSDT": 2314275.86636, "MOVRUSDT": 4898852.20285, "GMTUSDT": 24116776.54831, "UXLINKUSDT": 39522085.0864, "GTCUSDT": 6502693.7949, "MOODENGUSDT": 474528484.67888, "OMUSDT": 23909790.273734, "1INCHUSDT": 11272949.4979, "ARKMUSDT": 40184571.3835, "LSKUSDT": 2227102.7729, "NTRNUSDT": 3140154.5226, "AIUSDT": 14930783.99208, "NEOUSDT": 11917368.09923, "PIXELUSDT": 21782597.5541, "TURBOUSDT": 83013836.8224553, "GASUSDT": 5943172.0541, "BCHUSDT": 78321790.31545, "NMRUSDT": 4542948.8285, "MANAUSDT": 13545564.3073, "ROSEUSDT": 12553502.51473, "PERPUSDT": 3512822.95382, "LINKUSDT": 116364528.2673, "BTCDOMUSDT": 2491564.554, "C98USDT": 5649290.1597, "GRTUSDT": 17827960.51277, "ETHUSDT_250328": 7356191.44361, "DOTUSDT": 70686393.8236, "TWTUSDT": 4035905.3177, "BONDUSDT": 5024726.55, "ARPAUSDT": 8444532.18482, "AAVEUSDT": 112352630.519, "ILVUSDT": 5027458.078, "CYBERUSDT": 7184352.3914, "PEOPLEUSDT": 152947480.34467, "SNXUSDT": 9998987.6245, "BTCUSDT_241227": 20470701.1848, "SAFEUSDT": 15260551.204, "LINAUSDT": 9889528.99703, "SANDUSDT": 23038786.6989, "FLUXUSDT": 4866253.8364, "BOMEUSDT": 119084540.142783, "RUNEUSDT": 52609258.524, "TRBUSDT": 43906283.5366, "PORTALUSDT": 10845320.25934, "DEFIUSDT": 982327.6004, "1000CHEEMSUSDT": 5512851.707682, "SKLUSDT": 4036672.53081, "DENTUSDT": 3348995.081037, "REZUSDT": 18155755.22366, "IOTAUSDT": 5795033.54327, "BELUSDT": 7167910.6004, "APTUSDT": 147340075.7417, "NEARUSDT": 118072922.716, "CKBUSDT": 16776319.159335, "QTUMUSDT": 3661218.5188, "ETHFIUSDT": 44085025.24942, "LEVERUSDT": 7144790.2913133, "THEUSDT": 1845477537.32247, "FLOWUSDT": 9273268.134, "XRPUSDT": 295096493.03407, "BNTUSDT": 2112130.39875, "LTCUSDT": 89570366.06088, "GUSDT": 4800598.46261, "SYSUSDT": 5681330.96752, "RONINUSDT": 4415417.79114, "CHRUSDT": 7899471.5473, "VETUSDT": 9462542.379613, "POLYXUSDT": 7115697.24203, "OMNIUSDT": 12401347.32831, "FLMUSDT": 6258808.5565, "ENJUSDT": 5356853.61588, "AUCTIONUSDT": 9517541.99622, "VANRYUSDT": 10190234.36433, "SUSHIUSDT": 13032981.2288, "LOKAUSDT": 3402310.7347, "BLZUSDT": 4936705.88911, "DIAUSDT": 27720844.8118, "COWUSDT": 54265748.5824, "NEIROUSDT": 783091080.2152655, "BTCUSDT": 13998969371.3328, "SYNUSDT": 8930609.5916, "DODOXUSDT": 3636876.40953, "ZKUSDT": 26519524.08921, "NKNUSDT": 3140635.70137, "MBOXUSDT": 7691641.6, "WIFUSDT": 556637382.81436, "ADAUSDT": 119612835.3832, "YFIUSDT": 4898590.899, "USDCUSDT": 830595.386307, "IOSTUSDT": 3984975.711586, "ETCUSDT": 44857831.63528, "BLURUSDT": 23257511.4354, "1000FLOKIUSDT": 106453815.43027, "CAKEUSDT": 7902096.3365, "ICPUSDT": 26896864.223, "OGNUSDT": 4321229.1759, "ONDOUSDT": 49681996.28705, "1000CATUSDT": 64136284.45196, "SUIUSDT": 631184238.50133, "FILUSDT": 87489044.6109, "CTSIUSDT": 4682171.6721, "MEMEUSDT": 23546294.893566, "ANKRUSDT": 4160938.99406, "REIUSDT": 5068014.85995, "MORPHOUSDT": 102268421.00188, "DEGENUSDT": 41963148.351284, "LQTYUSDT": 8365766.96924, "CELRUSDT": 3905803.52539, "CETUSUSDT": 42733444.54857, "IMXUSDT": 20029473.5024, "AGLDUSDT": 4342775.4396, "SSVUSDT": 11401715.18365, "RENDERUSDT": 40248516.6562, "XVSUSDT": 3122907.4997, "BADGERUSDT": 2839741.4612, "GLMUSDT": 5104807.83244, "FIOUSDT": 9030621.67742, "HFTUSDT": 2240499.3428, "QUICKUSDT": 3799857.9101, "STGUSDT": 4800834.8348, "STXUSDT": 56328815.4988, "EOSUSDT": 37963576.1885, "POPCATUSDT": 183034408.5471, "NEIROETHUSDT": 167655464.20743, "RDNTUSDT": 17639868.99566, "1000SHIBUSDT": 137196836.304113, "1000BONKUSDT": 90647731.685045, "HOOKUSDT": 7069393.20989, "RPLUSDT": 4930237.8714, "FTMUSDT": 160578191.0832, "MTLUSDT": 4293382.7316, "POWRUSDT": 3721471.1145, "ASTRUSDT": 6352715.34787, "1000SATSUSDT": 162070647.9449098, "TNSRUSDT": 14588235.51804, "IOUSDT": 62413093.4345, "MINAUSDT": 12557984.8254, "KDAUSDT": 5654739.4088, "ACTUSDT": 342572732.61877, "BSVUSDT": 5736352.769, "LRCUSDT": 4703967.49042, "SXPUSDT": 8069518.04518, "RLCUSDT": 3486475.37573, "QNTUSDT": 4924753.426, "COMPUSDT": 7981179.26009, "HIGHUSDT": 8933303.71749, "ONEUSDT": 5486234.45275, "COSUSDT": 3987920.777155, "TUSDT": 4173401.06032, "CHESSUSDT": 6501218.9191, "ALPACAUSDT": 11111204.44988, "INJUSDT": 82393907.6376, "IOTXUSDT": 5199444.08682, "FIDAUSDT": 24228732.5828, "STRKUSDT": 37505056.77323, "GMXUSDT": 5537009.93957, "MASKUSDT": 15207804.4824, "NOTUSDT": 117118546.87545, "1000XECUSDT": 3568022.81552, "XTZUSDT": 6298122.8868, "OMGUSDT": 3166942.36465, "MEWUSDT": 78896179.207292, "AEVOUSDT": 19011565.76194, "CHZUSDT": 14014397.02571, "SPELLUSDT": 5128178.0821377, "RVNUSDT": 4102368.22215, "ICXUSDT": 3151690.807, "NFPUSDT": 7496558.76484, "MANTAUSDT": 16931077.31286, "MKRUSDT": 37644509.1471, "SANTOSUSDT": 21625021.9042, "ZECUSDT": 14238842.99885, "PNUTUSDT": 1246797489.02594, "ATOMUSDT": 45463099.57852, "GALAUSDT": 64475955.25738, "SCRUSDT": 44850405.2468, "BRETTUSDT": 12953533.37288, "FETUSDT": 151267492.001, "MYROUSDT": 19611944.30477, "DASHUSDT": 3647298.02878, "HIFIUSDT": 5906700.1116, "EDUUSDT": 7692685.4385, "XAIUSDT": 21722874.1072, "BICOUSDT": 3380628.3024, "METISUSDT": 6194934.5688, "JUPUSDT": 35003340.1399, "PONKEUSDT": 33313854.14463, "1000XUSDT": 28344887.96522, "BANUSDT": 136046658.9458, "ALTUSDT": 22095302.1467, "ETHUSDT_241227": 11241397.26677, "DARUSDT": 12515896.76536, "DYDXUSDT": 48082609.7027, "UNIUSDT": 70458227.75, "HBARUSDT": 15066127.16455, "HIPPOUSDT": 61333901.98509, "RENUSDT": 4395173.78213, "CFXUSDT": 23638127.29477, "RIFUSDT": 3787267.14526,