{"SOLUSDT": 2827113414.112, "AVAUSDT": 11890941.11828, "YGGUSDT": 10591664.8585, "LSKUSDT": 6359135.4634, "ICXUSDT": 9231311.2112, "VETUSDT": 46011843.112066, "ETHUSDT": 8891252694.05344, "1000FLOKIUSDT": 101752263.71488, "THETAUSDT": 42348360.91511, "PHAUSDT": 19630561.56024, "MOODENGUSDT": 93750666.33998, "MAVUSDT": 5660293.79508, "ILVUSDT": 7170515.8329, "KAVAUSDT": 15581588.14364, "LEVERUSDT": 7604525.6578998, "CATIUSDT": 13804607.7475, "CHILLGUYUSDT": 64064665.026, "QNTUSDT": 13495964.425, "CTSIUSDT": 6224057.93, "EOSUSDT": 85931708.6497, "LISTAUSDT": 12087489.8251, "BTCDOMUSDT": 9253030.0017, "UNIUSDT": 148199722.279, "AVAAIUSDT": 39400143.45223, "KOMAUSDT": 10030909.88565, "ANKRUSDT": 8320449.41161, "ARKMUSDT": 55135310.5248, "LITUSDT": 7796757.9445, "CYBERUSDT": 6969376.1519, "TSTUSDT": 421277591.6078, "VELODROMEUSDT": 7080418.47933, "ETHFIUSDT": 72305032.45878, "HBARUSDT": 228645280.87527, "HIPPOUSDT": 18877460.92388, "SWARMSUSDT": 170711845.3866, "BANDUSDT": 5577188.01676, "PNUTUSDT": 408224278.79938, "VANAUSDT": 52021782.30725, "ETHUSDT_250627": 7667737.01242, "NEIROUSDT": 282169055.1954628, "SUNUSDT": 8234999.24722, "1000CATUSDT": 32397025.53714, "OMUSDT": 78109842.252056, "DFUSDT": 11198664.6838, "SPELLUSDT": 11139814.59272, "CRVUSDT": 159166988.5293, "LUMIAUSDT": 11095250.438, "COWUSDT": 43951309.8063, "ZILUSDT": 12958749.3357, "GLMUSDT": 10664391.67879, "BELUSDT": 7925661.7947, "ORCAUSDT": 10527759.6535, "XMRUSDT": 21831736.93782, "FXSUSDT": 8358572.41356, "LDOUSDT": 96726795.2604, "CFXUSDT": 28448350.96411, "GUSDT": 7063187.50207, "GMXUSDT": 9279079.6978, "1000WHYUSDT": 8377201.1260667, "TROYUSDT": 24306978.673402, "PONKEUSDT": 11127904.96865, "1000SATSUSDT": 81810690.3340202, "ZRXUSDT": 16378745.93764, "KNCUSDT": 6849835.1848, "TURBOUSDT": 71249455.1584015, "SUSHIUSDT": 33367622.3493, "DOGSUSDT": 46037196.9848678, "SEIUSDT": 80358671.281, "AEVOUSDT": 17509749.46121, "RVNUSDT": 5865474.82624, "ATAUSDT": 8946833.4668, "RAREUSDT": 7941986.41478, "DYMUSDT": 10905812.74096, "ONDOUSDT": 199698379.10922, "RSRUSDT": 24897349.270428, "CELRUSDT": 8779394.05817, "FARTCOINUSDT": 296891141.71383, "IDUSDT": 10855596.48906, "TRUUSDT": 9206307.3777, "RIFUSDT": 3997910.79632, "ASTRUSDT": 9306702.512134, "B3USDT": 41364470.43706, "BTCUSDT": 15122853835.9462, "FLUXUSDT": 5039891.476, "PEOPLEUSDT": 54458710.6657, "AIXBTUSDT": 139261419.38289, "BSWUSDT": 4494068.59622, "TLMUSDT": 6287805.281676, "1000PEPEUSDT": 1057874600.1783634, "TRUMPUSDT": 1626609971.01069, "SCRUSDT": 25424088.4925, "ALPACAUSDT": 4770074.94694, "ALICEUSDT": 10223776.8668, "CHZUSDT": 29564873.53058, "RDNTUSDT": 8052409.69661, "FETUSDT": 129361439.2303, "NEARUSDT": 135431349.748, "FIDAUSDT": 12911677.14188, "DUSDT": 15930547.19623, "HEIUSDT": 29957534.22655, "BBUSDT": 22135563.1191, "VIDTUSDT": 8422404.8232, "HIGHUSDT": 7729757.09531, "ATOMUSDT": 67066306.68069, "KMNOUSDT": 5723840.60319, "LPTUSDT": 20138772.3248, "API3USDT": 7151640.88112, "VINEUSDT": 247522117.99929, "1000LUNCUSDT": 24919746.76615, "STGUSDT": 12720189.034, "BNTUSDT": 3167599.69798, "EGLDUSDT": 15349540.1372, "1000XUSDT": 8538104.58322, "ONTUSDT": 12115302.91314, "CELOUSDT": 15409713.6032, "TRBUSDT": 36178507.518, "SLERFUSDT": 5231354.4736, "CHESSUSDT": 5796222.0092, "KDAUSDT": 11774912.0843, "ALPHAUSDT": 6973276.21391, "C98USDT": 10618465.735, "UMAUSDT": 7701471.518, "QTUMUSDT": 11529344.7375, "ICPUSDT": 45426011.26, "VOXELUSDT": 5586088.8804, "ARBUSDT": 131384306.36206, "AIUSDT": 21371153.39008, "GTCUSDT": 8440721.3892, "ACHUSDT": 10668918.73769, "HOOKUSDT": 7676648.04548, "USUALUSDT": 150457748.7166, "CETUSUSDT": 24815727.131, "IOSTUSDT": 7756708.221502, "BOMEUSDT": 74717663.064884, "ALCHUSDT": 41606168.33203, "SUSDT": 34935380.4371, "NMRUSDT": 6363740.4472, "TIAUSDT": 134932063.7441, "THEUSDT": 50737631.07371, "DODOXUSDT": 4969302.286714, "IOUSDT": 56377885.5313, "VIRTUALUSDT": 171108768.62427, "NEOUSDT": 24399537.33939, "KSMUSDT": 14539130.4958, "OGNUSDT": 9026856.0762, "DUSKUSDT": 6567780.91253, "LINKUSDT": 370853190.15251, "DENTUSDT": 8684814.993998, "RENDERUSDT": 60821196.5537, "HIVEUSDT": 36133386.83362, "1000SHIBUSDT": 225449968.93323, "PERPUSDT": 4631977.3753, "SXPUSDT": 18850754.96351, "SAGAUSDT": 30152497.89073, "AVAXUSDT": 289879615.866, "SAFEUSDT": 6487175.6672, "DEXEUSDT": 28546566.73776, "MTLUSDT": 8220184.5499, "SKLUSDT": 9026688.36724, "MANTAUSDT": 16459565.97178, "GRIFFAINUSDT": 106771334.49764, "APEUSDT": 76592470.9656, "REEFUSDT": 6119549.484011, "IOTAUSDT": 33490659.29395, "GRASSUSDT": 32533845.83524, "PENDLEUSDT": 52097253.4023, "BIGTIMEUSDT": 24058423.87662, "GMTUSDT": 47610682.37703, "RONINUSDT": 8927962.51088, "XLMUSDT": 198457982.1857, "BTCUSDT_250328": 31800226.8548, "USDCUSDT": 5772138.305209, "UXLINKUSDT": 50749804.7208, "PENGUUSDT": 220432963.505631, "GALAUSDT": 140874881.37646, "ARCUSDT": 174042614.68275, "AXLUSDT": 10134319.64529, "1000BONKUSDT": 174417455.525499, "BRETTUSDT": 21719231.26035, "CAKEUSDT": 19996231.0723, "AUCTIONUSDT": 13923015.49248, "HMSTRUSDT": 20084130.948251, "DEGOUSDT": 3429705.40361, "ENAUSDT": 400618914.814, "ANIMEUSDT": 53564625.3849, "JASMYUSDT": 49823984.429562, "1000RATSUSDT": 21848743.6321, "SYNUSDT": 7182435.1753, "MOCAUSDT": 32929222.7044, "TAOUSDT": 125887200.56285, "KAIAUSDT": 9596305.8026, "MORPHOUSDT": 54305214.76948, "WIFUSDT": 473698549.28527, "TRXUSDT": 128692762.80398, "RLCUSDT": 6071063.0523, "BATUSDT": 13737327.61978, "NOTUSDT": 47926136.82273, "FILUSDT": 165316685.6914, "RUNEUSDT": 71113744.909, "ETHWUSDT": 5177283.245, "RAYSOLUSDT": 18895266.03838, "ALTUSDT": 16725942.86687, "POPCATUSDT": 151569555.9289, "APTUSDT": 145387001.22202, "VTHOUSDT": 37105854.917183, "POLYXUSDT": 12256371.20224, "MEWUSDT": 22153438.979324, "BSVUSDT": 7627015.645, "WOOUSDT": 9039366.97832, "FLOWUSDT": 26663935.866, "CKBUSDT": 12152880.711999, "BERAUSDT": 227533220.407, "1000CHEEMSUSDT": 25798057.8635043, "CHRUSDT": 9686044.7762, "DOTUSDT": 190331334.1066, "ACXUSDT": 10693406.24133, "MOVRUSDT": 6867578.8794, "ONEUSDT": 17750740.40302, "AAVEUSDT": 216830061.378, "POLUSDT": 33324193.40609, "AEROUSDT": 12405536.66436, "1000000MOGUSDT": 23444851.88154, "FIOUSDT": 6165330.84308, "LINAUSDT": 8974495.45599, "OMGUSDT": 2750893.05816, "SANDUSDT": 85764562.19314, "ARKUSDT": 9738727.6649, "SFPUSDT": 5101503.3778, "YFIUSDT": 13586861.157, "BICOUSDT": 6222165.2896, "ROSEUSDT": 15867505.79512, "SONICUSDT": 19685970.18248, "DEGENUSDT": 19859415.402483, "OMNIUSDT": 12994524.44268, "GASUSDT": 11441607.4772, "TONUSDT": 57105253.5187, "ZETAUSDT": 8058959.192, "COOKIEUSDT": 38813236.2163, "1MBABYDOGEUSDT": 64053559.388477, "COTIUSDT": 12019956.97542, "STMXUSDT": 14475092.24925, "TOKENUSDT": 9085265.48993, "NKNUSDT": 4117627.71909, "MANAUSDT": 33660597.8029, "BANUSDT": 76977846.176, "AERGOUSDT": 10827572.6785, "EDUUSDT": 6547229.1224, "LRCUSDT": 8224739.34857, "DIAUSDT": 5222275.8631, "PHBUSDT": 9654032.8012, "BTCUSDT_250627": 15375635.1104, "WUSDT": 29192194.532542, "XVGUSDT": 16720564.8540661, "COMPUSDT": 19509948.43976, "MYROUSDT": 10185312.50021, "ARPAUSDT": 6209309.07887, "LAYERUSDT": 127146333.9991, "MKRUSDT": 36480973.7948, "BALUSDT": 4364744.9694, "ALGOUSDT": 92292107.9987, "SUIUSDT": 828240487.63231, "EIGENUSDT": 99390259.74112, "OPUSDT": 107801592.21962, "1000XECUSDT": 7794032.01465, "BEAMXUSDT": 16459051.484891, "MELANIAUSDT": 58109863.48893, "SUPERUSDT": 14856921.5364, "WAXPUSDT": 5529669.38046, "BADGERUSDT": 6954155.2049, "XRPUSDT": 2563915504.00136, "BIOUSDT": 46191790.6264, "ACTUSDT": 224243335.14724, "ENSUSDT": 82258712.9627, "ORDIUSDT": 122001745.954, "INJUSDT": 81577647.448, "STRKUSDT": 28574421.79184, "IOTXUSDT": 9161196.38412, "MINAUSDT": 13561002.5807, "ZECUSDT": 18625740.23925, "LUNA2USDT": 18867911.7563, "FLMUSDT": 8428245.7645, "PROMUSDT": 6604646.3632, "AXSUSDT": 31366857.177, "SSVUSDT": 21081764.81052, "JTOUSDT": 43593806.5729, "LQTYUSDT": 10277891.14134, "NULSUSDT": 3632846.9033, "PIPPINUSDT": 32191345.58859, "XAIUSDT": 19865061.3698, "SOLVUSDT": 57835836.0742,