{"NMRUSDT": 6397906.5963, "UNIUSDT": 153077526.261, "ETCUSDT": 106363002.43959, "METISUSDT": 7033939.1346, "STGUSDT": 12759326.626, "BTCDOMUSDT": 9253030.0017, "GOATUSDT": 186441562.0699, "POWRUSDT": 10558499.3912, "HOOKUSDT": 7500999.45752, "MOVEUSDT": 179800439.8406, "NEIROETHUSDT": 31205922.73851, "SCRTUSDT": 7163103.2718, "ETHUSDT_250328": 16202968.18165, "RVNUSDT": 6435052.47835, "TONUSDT": 66410341.28156, "CTSIUSDT": 6749377.3909, "SNXUSDT": 17570689.4827, "HIVEUSDT": 38703690.22939, "BICOUSDT": 7907868.0841, "BANUSDT": 82826504.2667, "PORTALUSDT": 12298608.14961, "RPLUSDT": 4708983.538, "AVAAIUSDT": 35002842.05661, "HBARUSDT": 228645280.87527, "LSKUSDT": 6553638.7827, "AI16ZUSDT": 220418602.32372, "WLDUSDT": 345265285.4768, "CHILLGUYUSDT": 68113079.6943, "BERAUSDT": 234417125.1422, "CRVUSDT": 159166988.5293, "FARTCOINUSDT": 291767296.22359, "IOSTUSDT": 7762797.344848, "NOTUSDT": 53192864.809203, "DEGOUSDT": 3991959.86197, "GTCUSDT": 8950094.3923, "ACHUSDT": 9739526.269436, "IOTAUSDT": 33490659.29395, "GLMUSDT": 10599577.3327, "XRPUSDT": 2433718389.2281, "LUNA2USDT": 18153679.8369, "LOKAUSDT": 3739740.9745, "PIPPINUSDT": 45220760.46414, "AGLDUSDT": 29047701.3713, "KASUSDT": 23715534.38619, "FLOWUSDT": 26663935.866, "USUALUSDT": 249113445.6954, "STORJUSDT": 12813175.1976, "TRXUSDT": 120230445.61133, "TSTUSDT": 1050212859.2179, "BNXUSDT": 8696835.52014, "RUNEUSDT": 71113744.909, "SCRUSDT": 27594920.1519, "DFUSDT": 17309685.55166, "NEARUSDT": 145086865.884, "DODOXUSDT": 4969302.286714, "POPCATUSDT": 154305242.5423, "ZKUSDT": 29557945.38025, "MEUSDT": 46825411.9273, "1INCHUSDT": 15725743.1714, "EOSUSDT": 85931708.6497, "TRUMPUSDT": 1975726942.29314, "AUCTIONUSDT": 13923015.49248, "SPXUSDT": 40836343.3264, "SWELLUSDT": 7809815.14255, "BTCUSDT_250328": 32672727.7708, "LISTAUSDT": 12087489.8251, "RAYSOLUSDT": 18153182.30227, "BNTUSDT": 3237241.05069, "POLYXUSDT": 12119739.06395, "ATOMUSDT": 66433141.53164, "DUSKUSDT": 6898739.13941, "REZUSDT": 10515772.18139, "ORCAUSDT": 12666465.036, "ENSUSDT": 86847748.2968, "1000XECUSDT": 7929999.03073, "1000SATSUSDT": 95726051.9229993, "ROSEUSDT": 16853285.17181, "GRASSUSDT": 41659647.34822, "MELANIAUSDT": 239227484.52212, "CHRUSDT": 9740238.2049, "UXLINKUSDT": 55518216.8873, "VETUSDT": 46011843.112066, "STMXUSDT": 14088813.98272, "COMPUSDT": 19509948.43976, "ETHUSDT_250627": 8201994.95322, "SUSDT": 38564234.2173, "GMXUSDT": 9084407.00468, "ACEUSDT": 8350675.200334, "BOMEUSDT": 83987656.048451, "DENTUSDT": 8684814.993998, "ICPUSDT": 50537946.501, "XVSUSDT": 6546694.4846, "RLCUSDT": 6093566.70795, "ONGUSDT": 6071109.00572, "USDCUSDT": 5659586.052464, "VTHOUSDT": 54629102.098018, "MASKUSDT": 26601889.6205, "BNBUSDT": 491340515.4379, "EDUUSDT": 6817763.3429, "AEROUSDT": 13177507.67621, "TURBOUSDT": 77525995.3350073, "GUSDT": 7269364.86992, "AAVEUSDT": 234933696.179, "PERPUSDT": 5086916.29856, "XLMUSDT": 198457982.1857, "JUPUSDT": 65463091.3182, "DIAUSDT": 5705363.8605, "THEUSDT": 50142466.42233, "PENGUUSDT": 226913490.482302, "BLURUSDT": 18742177.51097, "NFPUSDT": 9376017.44978, "COOKIEUSDT": 32895474.8251, "SUNUSDT": 9608591.503414, "ORDIUSDT": 134458655.1607, "API3USDT": 9177831.56595, "IMXUSDT": 17941471.9317, "PONKEUSDT": 11478285.62972, "TROYUSDT": 35924742.804573, "OPUSDT": 116985289.01688, "FXSUSDT": 8462411.78059, "C98USDT": 10431897.5662, "VELODROMEUSDT": 11086633.63635, "CELRUSDT": 8779394.05817, "BIOUSDT": 63155806.9267, "VANRYUSDT": 12507949.53209, "CGPTUSDT": 27533418.68637, "LUMIAUSDT": 11159064.3404, "LINKUSDT": 370300828.88321, "ZEREBROUSDT": 49544498.5511, "BELUSDT": 7675633.7149, "LDOUSDT": 92870398.5983, "PYTHUSDT": 26788461.84361, "VIDTUSDT": 9909833.76989, "1000XUSDT": 11045661.7407, "VINEUSDT": 366297326.76703, "IOTXUSDT": 9336862.54945, "VANAUSDT": 66359512.71635, "BCHUSDT": 129255414.31111, "LEVERUSDT": 7604525.6578998, "OGNUSDT": 10305890.4168, "GMTUSDT": 46654971.28611, "CETUSUSDT": 26334669.94156, "CAKEUSDT": 18940770.871, "AMBUSDT": 4914315.335502, "USTCUSDT": 9026799.676537, "HMSTRUSDT": 22270577.813626, "SSVUSDT": 21455038.87696, "PHBUSDT": 10184856.0821, "LTCUSDT": 277875319.06548, "KAIAUSDT": 11836796.8334, "SKLUSDT": 8609230.42724, "1MBABYDOGEUSDT": 66845935.7837737, "TUSDT": 6266955.54, "ILVUSDT": 7241732.5109, "ZROUSDT": 40072310.31291, "PHAUSDT": 23977354.81934, "TNSRUSDT": 14129523.00626, "BALUSDT": 4428142.2419, "BTCUSDT": 15829573488.171, "HIFIUSDT": 7463678.0361, "1000RATSUSDT": 24898269.73075, "ALPHAUSDT": 7361564.15547, "MOCAUSDT": 37100378.9497, "PNUTUSDT": 427736116.71147, "SAGAUSDT": 36440776.88499, "1000WHYUSDT": 8722847.1758219, "KOMAUSDT": 9591024.30036, "PENDLEUSDT": 52229075.7397, "BIGTIMEUSDT": 26641850.0275, "WUSDT": 34060724.197489, "FLMUSDT": 8527161.1906, "MOODENGUSDT": 120988525.14099, "LQTYUSDT": 9856519.50272, "XVGUSDT": 16720564.8540661, "BATUSDT": 13737327.61978, "MAVUSDT": 6134300.57795, "MEMEUSDT": 31031684.857981, "SXPUSDT": 20183672.828, "JTOUSDT": 47859721.2206, "BRETTUSDT": 21719231.26035, "HFTUSDT": 4604372.79734, "AKTUSDT": 5700692.9167, "1000LUNCUSDT": 26418935.19639, "AIXBTUSDT": 142146392.18957, "SPELLUSDT": 9223507.0518487, "SUPERUSDT": 16233846.8548, "WAXPUSDT": 5470544.69281, "KMNOUSDT": 5909733.89464, "VOXELUSDT": 5387001.1228, "BANDUSDT": 5830216.18484, "ATAUSDT": 8946833.4668, "HIPPOUSDT": 21445784.16041, "RONINUSDT": 9122935.66026, "ALPACAUSDT": 4770074.94694, "CHZUSDT": 29564873.53058, "ARUSDT": 39349871.2133, "POLUSDT": 39122220.20143, "SOLUSDT": 2827113414.112, "1000PEPEUSDT": 1154379648.0960276, "OMUSDT": 57798861.18987, "BADGERUSDT": 6954155.2049, "PEOPLEUSDT": 61886288.74156, "SONICUSDT": 27110769.49545, "VVVUSDT": 214907266.92127, "ACXUSDT": 13535156.80722, "DUSDT": 16244714.78846, "HOTUSDT": 11833959.853571, "BANANAUSDT": 15157227.4293, "RSRUSDT": 25577238.950884, "MTLUSDT": 9477212.7316, "DEGENUSDT": 21222100.488662, "COMBOUSDT": 3787486.96336, "ONTUSDT": 12088952.31641, "OMGUSDT": 2950087.95582, "ZECUSDT": 22138667.36471, "ANIMEUSDT": 78782603.698, "WOOUSDT": 9614169.73183, "MANTAUSDT": 18012097.19843, "1000FLOKIUSDT": 109631307.5279, "ALICEUSDT": 11045257.5228, "ENJUSDT": 10852189.76796, "ASTRUSDT": 9683095.144686, "ADAUSDT": 606566324.7199, "TLMUSDT": 6287805.281676, "ALCHUSDT": 50432249.64667, "GASUSDT": 11441607.4772, "REEFUSDT": 8633169.864427, "AXLUSDT": 11163968.19837, "GRIFFAINUSDT": 109319316.22838, "OMNIUSDT": 14707726.1978, "CELOUSDT": 19002150.9986, "JASMYUSDT": 49873119.932421, "TAOUSDT": 123528845.80555, "GRTUSDT": 29744564.23585, "VIRTUALUSDT": 188906876.65691, "SWARMSUSDT": 177540983.0528, "MAGICUSDT": 10067621.22139, "MEWUSDT": 24515760.685812, "FILUSDT": 169877101.9784, "ALTUSDT": 18672261.86871, "BTCUSDT_250627": 17760108.6002, "BBUSDT": 22511642.76601, "ZENUSDT": 38132232.2069, "SUSHIUSDT": 33777209.895, "KDAUSDT": 11774912.0843, "CYBERUSDT": 6969376.1519, "AIUSDT": 20756482.41237, "NKNUSDT": 4283178.88989, "BEAMXUSDT": 17442744.318731, "WIFUSDT": 484194959.91005, "ARBUSDT": 139494536.90343, "UMAUSDT": 8374505.072, "PIXELUSDT": 18190031.55404, "RAREUSDT": 9649573.13454, "CATIUSDT": 15880238.4034, "AEVOUSDT": 18312254.21737, "AVAXUSDT": 299968415.968, "PROMUSDT": 7983748.1233, "SANTOSUSDT": 7700469.9322, "STEEMUSDT": 8264933.40516, "IOUSDT": 57798336.8499, "SOLVUSDT": 61519149.8095, "MYROUSDT": 11986099.39436, "LINAUSDT": 11008730.75108, "ETHWUSDT": 5835931.1891, "STXUSDT": 55849352.0102, "INJUSDT": 83604162.5138, "KAVAUSDT": 14489001.19406, "TRUUSDT": 10156990.49346, "YFIUSDT": 14163610.08, "TIAUSDT": 160148523.9688, "DYMUSDT": 12023365.67694, "QTUMUSDT": 10222940.6021, "RENDERUSDT": 61904067.2482, "ZRXUSDT": 16378745.93764, "CFXUSDT": 29089505.53828, "ZILUSDT": 13780201.55397, "FIOUSDT": 6999251.37185, "RDNTUSDT": 8841451.99565, "KNCUSDT": 6525757.3337, "BAKEUSDT": 10527588.4192, "SANDUSDT": 85764562.19314, "ONEUSDT": 17750740.40302, "APEUSDT": 84778930.6533, "TOKENUSDT": 9544786.85993, "MANAUSDT": 33660597.8029, "XAIUSDT": 22364957.20599, "DASHUSDT": 11725823.15367, "NEOUSDT": 24397734.1733,