{"MAGICUSDT": 7070399.41851, "BERAUSDT": 133132451.2487, "1MBABYDOGEUSDT": 34355005.4478478, "VIRTUALUSDT": 111527603.7417, "COTIUSDT": 9530976.72352, "JOEUSDT": 4076916.24897, "AVAUSDT": 9683966.24167, "FARTCOINUSDT": 261093627.7396, "BSVUSDT": 3964326.556, "BEAMXUSDT": 11659349.269945, "CTSIUSDT": 4620093.637, "SWARMSUSDT": 120862419.0161, "SWELLUSDT": 5249491.26629, "DRIFTUSDT": 10192696.1407, "RAYSOLUSDT": 20467159.0138, "1000CHEEMSUSDT": 20397446.9804214, "STRKUSDT": 21361667.29905, "KAVAUSDT": 12846754.78796, "SONICUSDT": 15144917.2862, "AI16ZUSDT": 136821586.3204, "COMBOUSDT": 2669792.40972, "TLMUSDT": 3870948.974243, "BALUSDT": 3232710.9615, "AIUSDT": 15153288.33422, "MORPHOUSDT": 25208998.28461, "PENDLEUSDT": 35712795.633, "SYSUSDT": 2914202.08802, "HFTUSDT": 3865521.11638, "TURBOUSDT": 42509680.4211293, "ONDOUSDT": 210861901.29182, "NTRNUSDT": 2716963.3672, "STEEMUSDT": 5465408.42856, "ALPACAUSDT": 4351789.6366, "XLMUSDT": 132144416.00847, "EDUUSDT": 4680409.8736, "HOTUSDT": 7352028.193521, "LUMIAUSDT": 10631232.92, "STGUSDT": 7019284.2032, "MEWUSDT": 10315027.292372, "ZECUSDT": 8140667.72169, "AVAXUSDT": 239620251.913, "ALTUSDT": 11394318.75946, "IOTAUSDT": 22564157.6943, "LINKUSDT": 362496409.63563, "ONTUSDT": 7686468.20019, "ARKMUSDT": 39332369.2045, "ASTRUSDT": 5781857.153663, "ETHUSDT_250627": 8029289.10862, "WAXPUSDT": 3463357.078, "VANRYUSDT": 10436990.22605, "NEOUSDT": 16150368.14969, "BNTUSDT": 2870012.18334, "BATUSDT": 7874954.66844, "BANDUSDT": 4787398.94105, "1000RATSUSDT": 16892191.45097, "ZENUSDT": 38900274.349, "LTCUSDT": 312387292.08245, "ADAUSDT": 500192136.1733, "MASKUSDT": 18400789.2546, "1INCHUSDT": 10448196.8412, "LAYERUSDT": 102025879.31446, "DYMUSDT": 8588042.31597, "GUSDT": 4814529.93518, "AVAAIUSDT": 35002842.05661, "ONGUSDT": 3460238.65604, "XVSUSDT": 6461299.0778, "FLOWUSDT": 16142733.9942, "AMBUSDT": 2773967.42537, "HOOKUSDT": 4549587.99074, "GASUSDT": 6283070.445, "IDUSDT": 9109515.18236, "PHBUSDT": 6279017.8455, "ATAUSDT": 5957917.8149, "WOOUSDT": 5869486.80655, "ORDIUSDT": 115900058.7434, "DFUSDT": 10691793.64082, "BADGERUSDT": 5266042.7555, "GHSTUSDT": 2048033.6311, "ETCUSDT": 82672639.25978, "FILUSDT": 123861002.1351, "ARBUSDT": 91566362.09506, "WLDUSDT": 216629200.4149, "QTUMUSDT": 9895367.1132, "SSVUSDT": 15075977.725, "WUSDT": 17063665.928362, "SLERFUSDT": 3853930.3314, "DENTUSDT": 5130904.966606, "1000000MOGUSDT": 13364117.01596, "STXUSDT": 29029184.9896, "ACHUSDT": 12432902.860802, "BMTUSDT": 92158371.5901, "SANDUSDT": 57440640.30447, "RENDERUSDT": 42378358.4273, "ZETAUSDT": 5697497.5321, "CYBERUSDT": 5571253.1722, "CFXUSDT": 20759039.60224, "ZRXUSDT": 8439957.15521, "MOVRUSDT": 4862337.20474, "NEIROUSDT": 214258467.0826903, "DOGSUSDT": 34542344.0431493, "TROYUSDT": 10261832.759313, "IOSTUSDT": 5549813.465196, "SPXUSDT": 33869952.1247, "NULSUSDT": 2372007.5132, "ICPUSDT": 29986761.942, "POWRUSDT": 6009981.8607, "KAITOUSDT": 286181241.15208, "POLUSDT": 24276890.19369, "GOATUSDT": 49828435.2057, "LPTUSDT": 12445539.5126, "RLCUSDT": 5603560.58792, "1000FLOKIUSDT": 55742368.95093, "MOVEUSDT": 90454731.6064, "PEOPLEUSDT": 40034056.48688, "USDCUSDT": 4115513.070373, "ETHWUSDT": 3959137.5742, "FORMUSDT": 209084787.99835, "RUNEUSDT": 59951934.899, "FXSUSDT": 5826735.43014, "HBARUSDT": 186301875.59704, "IOUSDT": 38684981.07079, "ICXUSDT": 4911247.3251, "FIDAUSDT": 9492926.42976, "USUALUSDT": 61193548.8972, "ACTUSDT": 101998617.55542, "ALCHUSDT": 43870978.14679, "APEUSDT": 51918574.4224, "THEUSDT": 38665014.33849, "BBUSDT": 11408646.72077, "EPICUSDT": 29525868.77416, "XRPUSDT": 1972837757.71802, "FLMUSDT": 6364207.8117, "OPUSDT": 87201153.42239, "HEIUSDT": 17185008.24634, "UXLINKUSDT": 34907803.8536, "MANAUSDT": 20265040.8937, "1000XECUSDT": 4109719.81095, "HMSTRUSDT": 15470715.389013, "GRTUSDT": 21397086.20094, "1000WHYUSDT": 5284678.3784596, "EGLDUSDT": 11551954.4569, "VOXELUSDT": 4275346.165, "ARUSDT": 32917482.1699, "GLMUSDT": 10664391.67879, "BIOUSDT": 28568623.2961, "BCHUSDT": 92640030.64731, "CELRUSDT": 5286074.38367, "IMXUSDT": 13185053.1701, "AAVEUSDT": 230334032.691, "OGNUSDT": 5555832.4869, "BOMEUSDT": 52004078.998076, "PORTALUSDT": 7209504.6549, "AUCTIONUSDT": 16927211.7188, "HIPPOUSDT": 7714424.87789, "MANTAUSDT": 12701342.06429, "XAIUSDT": 12295341.76636, "GRIFFAINUSDT": 77157539.61839, "VVVUSDT": 26966866.2187, "LUNA2USDT": 11836798.8194, "MBOXUSDT": 5552062.0143, "DASHUSDT": 6790595.87374, "SAFEUSDT": 4345685.778, "ETHFIUSDT": 55506258.26342, "MAVUSDT": 4512829.09518, "DOGEUSDT": 1098233921.82591, "CHZUSDT": 21222048.46575, "CRVUSDT": 115878930.9711, "VINEUSDT": 90649402.25853, "VICUSDT": 23081553.4323, "SUSHIUSDT": 22408775.9069, "API3USDT": 5081348.43083, "BRETTUSDT": 14989593.44537, "ACEUSDT": 4819684.935807, "AEVOUSDT": 12120915.27348, "STORJUSDT": 8653755.1395, "VTHOUSDT": 10348725.044725, "ARPAUSDT": 4622510.42085, "RVNUSDT": 4248928.97332, "SUPERUSDT": 11172871.8936, "ANIMEUSDT": 34749821.9599, "TONUSDT": 50766059.51307, "AKTUSDT": 3557299.0657, "SUNUSDT": 4346601.975837, "COWUSDT": 26724573.421, "UNIUSDT": 99404730.838, "ACXUSDT": 5610171.93514, "JTOUSDT": 35835043.0482, "1000XUSDT": 4472404.12009, "OMUSDT": 70824693.041853, "PIPPINUSDT": 24794273.45599, "SEIUSDT": 61575502.5421, "RSRUSDT": 20029048.902231, "UMAUSDT": 5878017.73, "SYNUSDT": 4552889.105, "WIFUSDT": 347051101.35794, "BNXUSDT": 8364357.82497, "YFIUSDT": 9144602.666, "DEGOUSDT": 3991959.86197, "ANKRUSDT": 5035692.91616, "ETHUSDT": 7974693345.67408, "SXPUSDT": 9825221.88386, "LQTYUSDT": 7519340.75471, "IPUSDT": 174144354.774095, "PIXELUSDT": 9414293.91494, "DYDXUSDT": 45392214.0134, "REDUSDT": 204370170.9376, "CKBUSDT": 7645367.714327, "CHESSUSDT": 4051113.6665, "AXSUSDT": 19151935.211, "THETAUSDT": 22291053.62543, "RPLUSDT": 3945336.4142, "BANUSDT": 37953761.5722, "MOCAUSDT": 13300436.0874, "TRXUSDT": 122584392.52376, "NFPUSDT": 6160957.18672, "KNCUSDT": 4273858.3567, "CGPTUSDT": 17606253.62704, "BTCUSDT_250627": 18162718.326, "NEARUSDT": 112600067.345, "SOLUSDT": 2710200220.524, "SKLUSDT": 7229094.84275, "TNSRUSDT": 10511159.96544, "QUICKUSDT": 2062103.0871, "RAREUSDT": 5925912.59954, "NOTUSDT": 44357210.939594, "ILVUSDT": 4895863.8449, "BTCUSDT_250328": 31248471.197, "ZROUSDT": 26684294.38193, "SHELLUSDT": 70708301.8282, "AEROUSDT": 8434751.0121, "BTCDOMUSDT": 7917682.6791, "USTCUSDT": 6125941.171565, "VIDTUSDT": 5892812.75036, "PNUTUSDT": 312177943.32173, "HIGHUSDT": 5656563.12961, "MKRUSDT": 35651085.1139, "NKNUSDT": 2788859.95484, "DUSKUSDT": 4060064.83086, "CETUSUSDT": 14666530.0927, "OMNIUSDT": 8926139.13333, "SOLVUSDT": 54015018.337, "FETUSDT": 87428689.7996, "RONINUSDT": 5594279.95235, "GMTUSDT": 40282165.56007, "MELANIAUSDT": 44130699.35994, "YGGUSDT": 6755174.2736, "MYROUSDT": 6678541.11449, "BIGTIMEUSDT": 13921351.87661, "ETHUSDT_250328": 14953238.08778, "PONKEUSDT": 7221090.09627, "GPSUSDT": 24069120.9188, "B3USDT": 17559709.07536, "C98USDT": 7932739.9565, "LEVERUSDT": 5067070.4604209, "GALAUSDT": 102097078.40787, "XVGUSDT": 8773023.1360718, "COOKIEUSDT": 28389066.1455, "KDAUSDT": 6412809.471, "TSTUSDT": 117582237.7939, "RIFUSDT": 3325354.46224, "KAIAUSDT": 6664057.399, "SANTOSUSDT": 3981901.1037, "PYTHUSDT": 18394220.99162, "CHRUSDT": 6284035.3823, "DOTUSDT": 141629185.7034, "GRASSUSDT": 24492667.05517, "ONEUSDT": 12434013.18014, "KMNOUSDT": 4663491.87254, "MEUSDT": 34688713.1839, "CATIUSDT": 10278399.7425, "LINAUSDT": 7123581.29049, "LDOUSDT": 87358306.9207, "ALGOUSDT": 66091590.27527, "CAKEUSDT": 21384507.682, "HIFIUSDT": 3726505.3285, "BLURUSDT": 12623670.51623, "ALICEUSDT": 7731957.2902, "INJUSDT": 69364136.2152, "DUSDT": 8020785.45286, "1000CATUSDT": 21912670.03246, "ALPHAUSDT": 4790453.23965, "EOSUSDT": 65329877.7818, "TUSDT": 3868596.27593, "1000LUNCUSDT": 14638190.78807, "STMXUSDT": 3558043.09894, "ZEREBROUSDT": 37948936.5416, "QNTUSDT": 10862661.258, "BELUSDT": 7637795.1765, "TRBUSDT": 30487825.5843, "SPELLUSDT": 10119052.3492497, "AGLDUSDT": 23114176.11, "XTZUSDT": 15383304.8041,