{"AGLDUSDT": 21152907.7993, "ALPHAUSDT": 4196639.62056, "ARBUSDT": 74259025.50584, "AXSUSDT": 15141799.932, "NILUSDT": 98262044.2513, "AEROUSDT": 7058929.055, "AEVOUSDT": 10170021.55405, "QTUMUSDT": 7876899.715, "ROSEUSDT": 8364459.95649, "FLMUSDT": 5566094.4762, "MEWUSDT": 10222321.080282, "STGUSDT": 6463679.4053, "MELANIAUSDT": 37853262.12031, "XRPUSDT": 1803767578.14167, "GRTUSDT": 17908631.5864, "POPCATUSDT": 85286059.4402, "MOVEUSDT": 77728452.1891, "DOGEUSDT": 1013091084.03836, "PYTHUSDT": 16080791.14121, "SOLUSDT": 2558352752.519, "ZROUSDT": 26684294.38193, "USUALUSDT": 46452635.2278, "CAKEUSDT": 20957094.9677, "TAOUSDT": 95787139.17082, "KDAUSDT": 5280739.9442, "JOEUSDT": 3591342.55827, "DEFIUSDT": 1942882.4692, "COMPUSDT": 14042129.41402, "KMNOUSDT": 3859608.61375, "LTCUSDT": 268108479.634, "C98USDT": 6741901.314, "GASUSDT": 5085011.4581, "POWRUSDT": 4653245.2333, "RONINUSDT": 4325914.50477, "BNXUSDT": 6492592.46878, "OMNIUSDT": 8583469.229, "EPICUSDT": 15882360.50952, "1000CATUSDT": 19009358.48644, "EIGENUSDT": 66684802.33849, "ADAUSDT": 473562584.6293, "ARUSDT": 25012305.4733, "JELLYJELLYUSDT": 37750561.26221, "ZETAUSDT": 5653841.0896, "BELUSDT": 7107387.7199, "IOTAUSDT": 15792009.73913, "FIOUSDT": 2963219.74235, "TRUUSDT": 5850445.2387, "KOMAUSDT": 7644750.17113, "CHRUSDT": 5806086.93, "SUPERUSDT": 9502345.62, "XMRUSDT": 16795351.85154, "WLDUSDT": 177108412.8424, "WUSDT": 16985749.655687, "PIPPINUSDT": 18400951.56413, "STEEMUSDT": 4749471.15073, "SUSDT": 56535162.8934, "INJUSDT": 65529541.4222, "OPUSDT": 80351581.90921, "BAKEUSDT": 10181924.654, "HIVEUSDT": 14709057.24268, "LEVERUSDT": 4874216.325289, "MUBARAKUSDT": 303828274.1505, "COWUSDT": 20366216.0867, "HIPPOUSDT": 5321453.29891, "ACXUSDT": 5514586.68488, "SNXUSDT": 14006372.8676, "TOKENUSDT": 3513378.16955, "AIXBTUSDT": 72572514.61458, "NOTUSDT": 38961018.264235, "CELOUSDT": 8255425.5273, "KAITOUSDT": 120803316.24106, "ICPUSDT": 24984192.422, "KAVAUSDT": 11544722.77125, "SYNUSDT": 3865136.2752, "CHESSUSDT": 3569015.501, "B3USDT": 12241901.57307, "CHILLGUYUSDT": 29396110.6583, "BOMEUSDT": 46652538.175361, "AAVEUSDT": 187978536.714, "BANANAUSDT": 11367010.4444, "EDUUSDT": 4436335.4815, "BIDUSDT": 8692200.64212, "ENAUSDT": 338379555.4328, "REZUSDT": 9073713.56312, "STORJUSDT": 6534445.0415, "BICOUSDT": 3218771.6946, "IOSTUSDT": 5294749.291863, "ZILUSDT": 8149202.10843, "FORMUSDT": 45555056.47673, "ARPAUSDT": 4379777.88119, "BTCUSDT_250627": 18623647.4176, "IPUSDT": 95835367.534808, "ONEUSDT": 9402639.5517, "VELODROMEUSDT": 4989746.24417, "SFPUSDT": 3009101.7967, "MANAUSDT": 18337787.2052, "SYSUSDT": 2817390.10981, "ANKRUSDT": 4813953.71792, "XTZUSDT": 10786553.534, "MAVIAUSDT": 21950944.983, "MINAUSDT": 7383395.3506, "WAXPUSDT": 3014359.4931, "GHSTUSDT": 1913392.2376, "AVAXUSDT": 225317645.265, "RAREUSDT": 5715068.45889, "GOATUSDT": 43461050.3252, "MEUSDT": 26128621.7906, "HMSTRUSDT": 13777125.075454, "FILUSDT": 110977101.0463, "HEIUSDT": 9667121.23745, "ZEREBROUSDT": 37252544.5126, "TROYUSDT": 8376526.572233, "STRKUSDT": 18194452.92727, "ACTUSDT": 75333235.235, "ALICEUSDT": 7209311.9702, "DIAUSDT": 2649819.132, "METISUSDT": 4173223.0269, "SWELLUSDT": 4745656.32697, "PAXGUSDT": 4690258.6671, "LOKAUSDT": 2219376.8845, "LSKUSDT": 2582656.5398, "1000LUNCUSDT": 11683318.69158, "FARTCOINUSDT": 268811597.53746, "MKRUSDT": 33552200.7938, "BMTUSDT": 40522881.9353, "ETHUSDT_250926": 2284455.08696, "ALTUSDT": 10441842.36274, "THEUSDT": 28798570.45605, "IDUSDT": 8750374.90451, "CYBERUSDT": 5042685.1156, "VINEUSDT": 74095018.03869, "MOODENGUSDT": 32251427.54069, "ZKUSDT": 16175903.09369, "AXLUSDT": 7174084.63338, "USDCUSDT": 3735628.436468, "GRIFFAINUSDT": 64240262.24888, "LISTAUSDT": 7547439.2279, "ETHUSDT_250627": 7667737.01242, "ALCHUSDT": 54982878.91686, "TRBUSDT": 25769132.398, "GMTUSDT": 33216382.00865, "PIXELUSDT": 8230981.6252, "JASMYUSDT": 23724436.358212, "DEXEUSDT": 13148099.7397, "RDNTUSDT": 5006991.06981, "YGGUSDT": 5871049.3739, "WIFUSDT": 297657941.449, "ZRXUSDT": 7600674.13107, "SPXUSDT": 33781553.8256, "MASKUSDT": 15314014.2421, "OGNUSDT": 4408603.6486, "STXUSDT": 23343060.5068, "RAYSOLUSDT": 20204959.66179, "ATOMUSDT": 52377661.27616, "MAGICUSDT": 6290726.65375, "VTHOUSDT": 8893352.601877, "VANRYUSDT": 10009810.62713, "PONKEUSDT": 6030342.20611, "EOSUSDT": 62043595.6213, "MYROUSDT": 5429330.1879, "PHBUSDT": 4646501.6424, "USTCUSDT": 5175438.511211, "ALPACAUSDT": 4154499.68279, "1000PEPEUSDT": 751606470.8532506, "SAGAUSDT": 20080602.01279, "TUSDT": 3305225.05551, "AVAAIUSDT": 29221423.1529, "1000000MOGUSDT": 10898279.48394, "AI16ZUSDT": 114013054.86757, "PENDLEUSDT": 34217725.0723, "SONICUSDT": 13280026.92701, "DOGSUSDT": 34542344.0431493, "VICUSDT": 6609917.1743, "BADGERUSDT": 4596368.1067, "GTCUSDT": 4913449.5389, "SPELLUSDT": 10149236.3054181, "CGPTUSDT": 13197262.01834, "APEUSDT": 46805511.2886, "1000CHEEMSUSDT": 20504636.2576729, "AERGOUSDT": 6484276.1447, "BTCDOMUSDT": 7309498.0329, "SUNUSDT": 3740947.26349, "LQTYUSDT": 5751597.462, "TONUSDT": 49387274.12737, "BROCCOLIF3BUSDT": 15322989.159112, "MORPHOUSDT": 15704077.6284, "LINAUSDT": 6609720.13821, "DEGOUSDT": 3408100.4183, "HFTUSDT": 3610238.23415, "SSVUSDT": 11487977.99406, "TURBOUSDT": 33272980.9582124, "VIDTUSDT": 5892812.75036, "XAIUSDT": 10621957.68667, "REDUSDT": 77468006.2546, "PLUMEUSDT": 7349353.6562, "JUPUSDT": 51056646.8247, "GPSUSDT": 20489353.6366, "HOOKUSDT": 4004706.91541, "POLUSDT": 23794179.63946, "IOTXUSDT": 5749242.55471, "KASUSDT": 16445709.72073, "PEOPLEUSDT": 36497936.10552, "PERPUSDT": 2830033.73193, "1000BONKUSDT": 75598369.064788, "DOTUSDT": 127488284.1414, "THETAUSDT": 18739947.48423, "DEGENUSDT": 8253262.544939, "SLERFUSDT": 3170214.6355, "BRUSDT": 15224104.8172, "UMAUSDT": 5878017.73, "LUMIAUSDT": 9704457.9507, "FLOWUSDT": 12496347.1551, "MTLUSDT": 3617769.7128, "GRASSUSDT": 21851313.1729, "BIOUSDT": 24743070.3866, "KSMUSDT": 6334684.77, "TRXUSDT": 110858362.68955, "YFIUSDT": 7527002.536, "BROCCOLI714USDT": 26792965.36145, "SXPUSDT": 8543531.03928, "TNSRUSDT": 9635438.04381, "SCRUSDT": 9338013.1113, "ACHUSDT": 13219870.638031, "UXLINKUSDT": 25614045.0952, "BEAMXUSDT": 11659349.269945, "BLURUSDT": 11065112.33559, "DFUSDT": 10691793.64082, "MOVRUSDT": 4190244.62344, "HIFIUSDT": 3423388.7722, "ONDOUSDT": 152134383.08251, "ICXUSDT": 4291659.1908, "BANANAS31USDT": 33778458.123682, "ENSUSDT": 37124207.961, "DRIFTUSDT": 9431126.0548, "COMBOUSDT": 2620018.81585, "ALGOUSDT": 53982911.0896, "ARKMUSDT": 38075407.5338, "ORCAUSDT": 6020921.2036, "FXSUSDT": 5478116.57807, "DYMUSDT": 8341245.4714, "IOUSDT": 31212174.87949, "SUSHIUSDT": 18542203.456, "NEOUSDT": 14710519.80972, "AVAUSDT": 6972372.75375, "CETUSUSDT": 12298518.06921, "LRCUSDT": 5446991.55626, "WOOUSDT": 5382663.12265, "VIRTUALUSDT": 82417018.49529, "ZENUSDT": 37076725.4443, "SEIUSDT": 54695984.0731, "CATIUSDT": 9159387.8502, "COTIUSDT": 9263848.39239, "COOKIEUSDT": 24920200.0669, "SAFEUSDT": 4335445.5847, "MAVUSDT": 4017128.87499, "GALAUSDT": 78183347.67398, "CELRUSDT": 4377963.09323, "ARCUSDT": 149461101.4664, "ENJUSDT": 7142376.54083, "BIGTIMEUSDT": 13201940.57282, "MOCAUSDT": 11614736.6995, "SANTOSUSDT": 3785610.5215, "DUSKUSDT": 3796237.47515, "ETHFIUSDT": 48725443.30083, "NMRUSDT": 4665992.7621, "APTUSDT": 108230629.98306, "1MBABYDOGEUSDT": 29302589.3159634, "FETUSDT": 78388455.0567, "PNUTUSDT": 277611581.2049, "CTSIUSDT": 3857715.5041, "BERAUSDT": 113354026.9197, "CKBUSDT": 6682198.50233, "ILVUSDT": 4425322.4004, "LAYERUSDT": 107388583.66959, "ORDIUSDT": 98185858.9244, "ASTRUSDT": 4861629.046876, "API3USDT": 5081348.43083, "BNBUSDT": 454488048.9456, "ACEUSDT": 4360274.416228, "MBOXUSDT": 4732217.5851, "COSUSDT": 2281267.809788, "XVGUSDT": 7606884.6723163, "OMUSDT": 55828403.222702, "BATUSDT": 6835985.79947, "MANTAUSDT": 11534417.64702, "SANDUSDT": 47155665.96663, "BCHUSDT": 91072531.84131, "BRETTUSDT": 12810114.1237, "GUSDT": 3720927.52394, "SWARMSUSDT": 93322326.7201, "QUICKUSDT": 1918598.9391, "1000RATSUSDT": 15631048.94173,