{"CHILLGUYUSDT": 42372447.4582, "LRCUSDT": 6683612.28657, "BNTUSDT": 2898357.52509, "SWARMSUSDT": 126583404.5162, "UMAUSDT": 5878017.73, "ARBUSDT": 96880635.01992, "TSTUSDT": 117582237.7939, "HBARUSDT": 191820258.08568, "BRETTUSDT": 15135357.01305, "ATOMUSDT": 55119700.24905, "HOOKUSDT": 4628142.77497, "MASKUSDT": 19386978.0511, "ENJUSDT": 7420560.01054, "REDUSDT": 183867060.5597, "XAIUSDT": 12308215.08944, "1INCHUSDT": 10934157.4449, "PROMUSDT": 5566481.9426, "GLMUSDT": 10905927.73334, "SAGAUSDT": 22066309.80313, "CKBUSDT": 8224975.80782, "GPSUSDT": 23951760.7046, "LUNA2USDT": 12037755.7953, "TUSDT": 3890042.03338, "1000CHEEMSUSDT": 20397446.9804214, "CAKEUSDT": 21384507.682, "HOTUSDT": 7719443.361887, "FXSUSDT": 5731799.31311, "GASUSDT": 6443275.7006, "DYMUSDT": 8626318.74723, "LEVERUSDT": 5417676.7158726, "BICOUSDT": 3589575.4071, "JASMYUSDT": 33483122.263473, "STMXUSDT": 4380398.44247, "OMUSDT": 69637278.197907, "WLDUSDT": 223983639.2558, "RDNTUSDT": 5826479.01436, "ROSEUSDT": 10695400.41657, "ONDOUSDT": 214611096.18778, "AKTUSDT": 3557299.0657, "BANDUSDT": 4882841.8408, "REZUSDT": 9174060.6442, "HIGHUSDT": 5759826.20144, "ENSUSDT": 52069670.2869, "1MBABYDOGEUSDT": 34914734.0351683, "ONEUSDT": 12753499.55535, "ZECUSDT": 8415906.62369, "ICPUSDT": 30422556.908, "WOOUSDT": 6550810.15625, "ONTUSDT": 7922940.19798, "SNXUSDT": 16627830.0021, "COOKIEUSDT": 30184187.1735, "BCHUSDT": 95301478.2501, "TLMUSDT": 4013113.681335, "DENTUSDT": 5368850.499415, "B3USDT": 21444710.44416, "ETHUSDT_250328": 14953238.08778, "DUSKUSDT": 4459987.95493, "LINKUSDT": 370853190.15251, "SEIUSDT": 63377790.1131, "BALUSDT": 3384147.0772, "1000PEPEUSDT": 790506301.769567, "CELRUSDT": 5706606.55679, "SAFEUSDT": 4457413.9716, "TROYUSDT": 10729368.216896, "CETUSUSDT": 15113657.83945, "LISTAUSDT": 9174980.5551, "IOTXUSDT": 6880683.98959, "ALGOUSDT": 67810346.99748, "JUPUSDT": 63524586.3375, "OPUSDT": 89540521.37389, "EIGENUSDT": 86268979.07054, "BTCUSDT": 14560229989.6632, "BADGERUSDT": 5464277.6726, "IPUSDT": 215953616.029386, "IOUSDT": 39192076.55491, "1000BONKUSDT": 94646539.504016, "FETUSDT": 92715772.9434, "SUPERUSDT": 11332238.8557, "AGLDUSDT": 23344955.7546, "NEIROUSDT": 220968907.5729438, "ATAUSDT": 5958022.3644, "RUNEUSDT": 66186656.716, "GMTUSDT": 40570325.60597, "ANIMEUSDT": 35813161.002, "HIFIUSDT": 3782339.6635, "RAYSOLUSDT": 20415610.90919, "MAGICUSDT": 7070399.41851, "LINAUSDT": 7123581.29049, "ETHFIUSDT": 57173020.26071, "DASHUSDT": 6888013.2424, "CELOUSDT": 10204246.9686, "RONINUSDT": 5896449.28001, "FIDAUSDT": 9706982.11654, "SKLUSDT": 7356205.05529, "AI16ZUSDT": 139587010.78378, "MBOXUSDT": 5863302.2001, "TRUUSDT": 7089302.77969, "JTOUSDT": 38415582.7842, "XVGUSDT": 10253713.5859698, "SPELLUSDT": 10515525.2783885, "KSMUSDT": 7979229.6768, "KAIAUSDT": 6975823.235, "STGUSDT": 7334403.0968, "RENDERUSDT": 45325151.1658, "MEUSDT": 35741869.9228, "MELANIAUSDT": 44130699.35994, "ETHUSDT_250627": 8175910.62193, "NEIROETHUSDT": 19021865.22019, "LTCUSDT": 316498165.93384, "AMBUSDT": 3154660.37303, "BATUSDT": 9526922.79478, "SPXUSDT": 33943214.0071, "AXSUSDT": 21280306.682, "NEARUSDT": 115674157.968, "BEAMXUSDT": 12373938.089883, "ARUSDT": 33601818.2447, "POPCATUSDT": 111663183.2856, "BIOUSDT": 30258620.6436, "CHRUSDT": 6649293.6583, "XMRUSDT": 20312735.45385, "OMNIUSDT": 9122410.91644, "ZILUSDT": 9831957.42956, "YFIUSDT": 9381143.578, "HFTUSDT": 3865521.11638, "SSVUSDT": 15404293.3862, "NTRNUSDT": 2749476.8967, "VICUSDT": 47059878.6554, "SYNUSDT": 4721348.6423, "CFXUSDT": 21187642.00717, "BIGTIMEUSDT": 14448614.81762, "BANANAUSDT": 11455344.7799, "SUSDT": 49688349.675, "XLMUSDT": 133214675.70281, "ENAUSDT": 396784486.3067, "MOVRUSDT": 5008857.02939, "XVSUSDT": 6414751.0138, "ZRXUSDT": 8981599.34775, "ALCHUSDT": 42713704.12727, "FILUSDT": 128989444.2929, "MINAUSDT": 9080258.2907, "FLOWUSDT": 16882096.876, "PERPUSDT": 3324297.30257, "APEUSDT": 55258550.9125, "SUSHIUSDT": 22891281.7844, "LAYERUSDT": 100486603.37716, "MYROUSDT": 7134246.17952, "MANTAUSDT": 12756443.58109, "HIVEUSDT": 16646334.78458, "SUNUSDT": 4229180.501202, "GUSDT": 5079415.58333, "VINEUSDT": 102955724.55676, "THEUSDT": 39338423.9979, "MANAUSDT": 20998757.5054, "CYBERUSDT": 5571253.1722, "EDUUSDT": 4683915.0922, "ICXUSDT": 5222457.6576, "TWTUSDT": 5446889.6978, "TAOUSDT": 123466926.86813, "AVAUSDT": 10371028.61072, "EOSUSDT": 66875643.3127, "ZEREBROUSDT": 37985132.7205, "POWRUSDT": 6108231.6589, "BELUSDT": 7675633.7149, "KOMAUSDT": 9367079.5908, "1000WHYUSDT": 5284678.3784596, "GRTUSDT": 21918242.08394, "BOMEUSDT": 54693740.415379, "BBUSDT": 11780139.51862, "MKRUSDT": 36225031.355, "ADAUSDT": 520050917.6444, "MOCAUSDT": 14370028.5571, "PEOPLEUSDT": 43243360.99099, "IOTAUSDT": 23239188.30461, "MOVEUSDT": 96854434.3557, "ANKRUSDT": 5150330.9687, "TIAUSDT": 116499103.1433, "VIDTUSDT": 5892812.75036, "LUMIAUSDT": 10688623.1933, "BLURUSDT": 12806107.5647, "NEOUSDT": 16240713.19637, "PHAUSDT": 7796903.96543, "AIXBTUSDT": 85805550.95653, "KAVAUSDT": 12846754.78796, "ACXUSDT": 5666579.12817, "SXPUSDT": 10786704.1451, "MOODENGUSDT": 45197062.26105, "ACTUSDT": 113932431.26, "BNBUSDT": 468659968.2891, "ARPAUSDT": 5007580.47031, "COTIUSDT": 9801676.57211, "ZROUSDT": 26684294.38193, "GOATUSDT": 56526174.3403, "VANRYUSDT": 10621316.08113, "API3USDT": 4985063.44893, "DEGENUSDT": 13124755.92752, "PIXELUSDT": 10996212.22931, "OGNUSDT": 5971977.3872, "GRIFFAINUSDT": 83652804.39642, "1000RATSUSDT": 16892191.45097, "CATIUSDT": 10437220.3343, "C98USDT": 7932739.9565, "ORDIUSDT": 117474393.9632, "THETAUSDT": 23598509.46412, "AUCTIONUSDT": 16927211.7188, "BAKEUSDT": 10527588.4192, "SANTOSUSDT": 4040470.7175, "RVNUSDT": 4399508.51235, "UNIUSDT": 101805311.593, "ALPACAUSDT": 4351789.6366, "SONICUSDT": 15144917.2862, "TURBOUSDT": 44031326.6524121, "PENGUUSDT": 104560690.062396, "FLMUSDT": 6622025.5768, "INJUSDT": 71881772.1211, "OXTUSDT": 3579006.84901, "ALPHAUSDT": 5291263.96183, "ARKMUSDT": 40165550.1873, "VELODROMEUSDT": 5615393.72583, "ACEUSDT": 5096124.940167, "BNXUSDT": 8696835.52014, "APTUSDT": 136201914.31639, "TNSRUSDT": 10723943.27642, "AXLUSDT": 8074184.89529, "AAVEUSDT": 237969508.601, "METISUSDT": 4906468.0504, "AEROUSDT": 8808847.64885, "DYDXUSDT": 46648248.932, "USDCUSDT": 4270580.404649, "VTHOUSDT": 10871383.464594, "BANUSDT": 48007785.2483, "MEWUSDT": 10624932.723197, "FLUXUSDT": 3183492.922, "POLUSDT": 24493384.14473, "VVVUSDT": 28668003.2919, "TONUSDT": 50935587.7925, "ALICEUSDT": 7731957.2902, "SFPUSDT": 3753344.455, "BTCDOMUSDT": 8445097.5346, "MORPHOUSDT": 28478301.08554, "LQTYUSDT": 7857557.30472, "1000SATSUSDT": 52637250.1721907, "IMXUSDT": 13482143.6788, "SOLVUSDT": 56245890.134, "COWUSDT": 27654898.6718, "LSKUSDT": 3459364.2349, "GTCUSDT": 5756754.6171, "CHESSUSDT": 4122748.3484, "AVAAIUSDT": 36620226.93344, "RPLUSDT": 3954728.3428, "VIRTUALUSDT": 111614621.65182, "PENDLEUSDT": 35712795.633, "BTCUSDT_250627": 17760108.6002, "USTCUSDT": 6148567.820523, "STXUSDT": 31726654.4405, "CHZUSDT": 21809701.83173, "ETHUSDT": 8171948114.91113, "BTCUSDT_250328": 31248471.197, "STORJUSDT": 8834105.2932, "1000FLOKIUSDT": 59174403.00503, "BSWUSDT": 3934325.58094, "MAVUSDT": 4599185.12751, "TRBUSDT": 30487825.5843, "STRKUSDT": 22001210.08857, "ETCUSDT": 84381371.96797, "ZKUSDT": 19588081.01144, "RLCUSDT": 5603560.58792, "CRVUSDT": 131112766.1711, "BERAUSDT": 145788447.0437, "MTLUSDT": 4410421.3443, "DFUSDT": 10691793.64082, "SOLUSDT": 2763083900.393, "SHELLUSDT": 71227923.5158, "1000CATUSDT": 22529208.42924, "STEEMUSDT": 6766564.41072, "1000XECUSDT": 4520974.45662, "RSRUSDT": 21057368.183214, "TRUMPUSDT": 832579418.30841, "DIAUSDT": 2956987.2885, "HEIUSDT": 17185008.24634, "VETUSDT": 35353900.902955, "TRXUSDT": 122584392.52376, "WUSDT": 18729803.441119, "1000SHIBUSDT": 154018958.18685, "AIUSDT": 15586596.21836, "GMXUSDT": 7043215.12593, "CGPTUSDT": 18585153.35524, "DODOXUSDT": 3393564.137477, "QNTUSDT": 11182472.218, "DOTUSDT": 143297592.51, "LDOUSDT": 92135407.7915, "SANDUSDT": 60271571.04527,