{"SANTOSUSDT": 43419032.9263, "DEFIUSDT": 919103.3748, "MANTAUSDT": 16116609.38426, "DOGEUSDT": 305944574.54456, "QNTUSDT": 4634469.614, "ETHFIUSDT": 43175069.93835, "STEEMUSDT": 1582354.78408, "LUNA2USDT": 8101482.4785, "POPCATUSDT": 151290278.4585, "ENJUSDT": 5208026.55528, "SUPERUSDT": 22590795.6875, "PERPUSDT": 3259510.04615, "NULSUSDT": 3731213.3523, "GOATUSDT": 352132293.861, "BNXUSDT": 26861383.25871, "DYDXUSDT": 40821754.9029, "RONINUSDT": 4024184.89626, "DYMUSDT": 18969937.70677, "BTCUSDT_250328": 14601895.2129, "ASTRUSDT": 5921666.82835, "ILVUSDT": 4674833.556, "LISTAUSDT": 19366083.7667, "NMRUSDT": 4104236.8369, "ZILUSDT": 5565189.449, "ALTUSDT": 21942904.9709, "FLMUSDT": 6046504.9368, "COMBOUSDT": 2582766.31164, "BNTUSDT": 2093561.52035, "FTMUSDT": 147475387.0149, "LTCUSDT": 87833730.20333, "MTLUSDT": 4064844.7949, "BLZUSDT": 4770315.22237, "UNFIUSDT": 7372559.259, "EDUUSDT": 7462143.0302, "CELRUSDT": 3733581.68877, "RDNTUSDT": 13136395.15784, "LINKUSDT": 110463264.55678, "ZENUSDT": 6432732.9221, "AEVOUSDT": 18837069.48052, "ACHUSDT": 5725978.161928, "1INCHUSDT": 9994500.8403, "NEARUSDT": 109029064.154, "DARUSDT": 10722451.56631, "COWUSDT": 163401751.98, "ADAUSDT": 110582343.8458, "TRUUSDT": 7330163.96694, "BBUSDT": 24465907.0243, "OXTUSDT": 2026422.72899, "TURBOUSDT": 64239743.203197, "BELUSDT": 5790006.6895, "POLUSDT": 29757156.4759, "1000SHIBUSDT": 114469623.826398, "GMTUSDT": 22239746.65348, "BNBUSDT": 303360703.096, "CKBUSDT": 14058220.394943, "1000000MOGUSDT": 28930241.16512, "ATOMUSDT": 43884181.93712, "ENAUSDT": 127020671.1228, "ETCUSDT": 42681853.86941, "VIDTUSDT": 24642875.33325, "BAKEUSDT": 12711333.9517, "ONEUSDT": 5153578.77359, "ORBSUSDT": 4154640.993928, "CELOUSDT": 13692577.2897, "ICXUSDT": 3035226.7969, "BANANAUSDT": 22036084.0564, "TIAUSDT": 171882999.7555, "XMRUSDT": 10572215.99199, "REIUSDT": 3973352.41744, "AGLDUSDT": 3864564.4829, "ARKMUSDT": 32587213.8027, "AAVEUSDT": 106300805.509, "APEUSDT": 33829745.6394, "GRTUSDT": 17256659.01485, "STGUSDT": 4739324.4534, "QTUMUSDT": 3589992.5066, "INJUSDT": 80485803.0938, "NTRNUSDT": 2982286.6849, "APTUSDT": 109579563.6021, "REZUSDT": 19641723.04757, "REEFUSDT": 51568165.281884, "KAVAUSDT": 6425301.41645, "YFIUSDT": 4868658.035, "LSKUSDT": 2227102.7729, "VOXELUSDT": 5826831.8297, "OGNUSDT": 3961465.8666, "ONDOUSDT": 49681996.28705, "BTCDOMUSDT": 2340369.0826, "OMUSDT": 21837134.460887, "TNSRUSDT": 13925513.78466, "BSWUSDT": 3076779.38291, "WIFUSDT": 511350518.03662, "1000BONKUSDT": 77197155.868586, "RSRUSDT": 10432493.071575, "COMPUSDT": 7942205.55487, "WLDUSDT": 235608957.2822, "BATUSDT": 3378595.60859, "IOTXUSDT": 4745092.75736, "POLYXUSDT": 7073255.62021, "USDCUSDT": 806047.945464, "DENTUSDT": 3162362.411607, "ALPHAUSDT": 3712033.95094, "SUSHIUSDT": 12091220.179, "SOLUSDT": 2072250884.037, "PEOPLEUSDT": 137185362.30984, "GHSTUSDT": 3534338.472, "DODOXUSDT": 2693897.829619, "BALUSDT": 3135968.6104, "BANDUSDT": 4055618.0827, "MYROUSDT": 16231548.51102, "1000FLOKIUSDT": 94374592.04738, "SWELLUSDT": 29660428.11313, "JTOUSDT": 35491979.13, "COSUSDT": 3264089.822415, "GLMUSDT": 5088871.10031, "SYNUSDT": 8930609.5916, "SANDUSDT": 21189777.1586, "IOUSDT": 62413093.4345, "HOTUSDT": 5435617.410894, "MAVUSDT": 5176441.39902, "SPELLUSDT": 4620878.0487569, "HOOKUSDT": 6921736.06243, "TAOUSDT": 76283471.95519, "ARKUSDT": 4825208.0624, "DIAUSDT": 36972327.658, "LDOUSDT": 30460334.5692, "NFPUSDT": 7496558.76484, "KASUSDT": 15043648.86294, "AMBUSDT": 5570503.446766, "IOTAUSDT": 5306643.25704, "FILUSDT": 84356891.3427, "CYBERUSDT": 6913706.6697, "BRETTUSDT": 11916088.98373, "BICOUSDT": 3275568.0043, "1000XECUSDT": 3402509.11814, "BSVUSDT": 5272129.185, "METISUSDT": 5124163.3515, "WOOUSDT": 7035654.78272, "RAREUSDT": 40488221.42951, "JUPUSDT": 34242799.2355, "STRKUSDT": 35141265.04279, "1000LUNCUSDT": 19304730.43664, "SAFEUSDT": 32194294.3361, "ACEUSDT": 11210264.350742, "ZKUSDT": 26519524.08921, "ALGOUSDT": 9972502.71164, "STMXUSDT": 9046817.51749, "KLAYUSDT": 3801032.10252, "CAKEUSDT": 6659860.1, "OPUSDT": 73631355.97406, "SYSUSDT": 5664992.2547, "TLMUSDT": 4195123.876398, "IDUSDT": 5577452.83509, "GALAUSDT": 61294791.14171, "AVAXUSDT": 156771879.806, "CHRUSDT": 7039359.5433, "AXLUSDT": 7815956.6219, "OMGUSDT": 2986427.51058, "NKNUSDT": 3031671.82793, "LQTYUSDT": 7109673.56699, "HMSTRUSDT": 62522162.318118, "GUSDT": 4377772.83649, "BLURUSDT": 22503575.7898, "XAIUSDT": 20905485.094, "TROYUSDT": 52316361.236472, "FETUSDT": 125670190.8661, "EGLDUSDT": 7336249.2298, "NEIROUSDT": 833968010.9464473, "BTCUSDT": 13394677570.4442, "MAGICUSDT": 5174099.08271, "XTZUSDT": 5979221.3858, "DOGSUSDT": 159000055.8046442, "ALICEUSDT": 7502086.4149, "POWRUSDT": 3520411.7726, "SEIUSDT": 77129417.2072, "BCHUSDT": 78321790.31545, "CHZUSDT": 12678114.54754, "WAXPUSDT": 2499539.26978, "TUSDT": 4167927.53192, "BADGERUSDT": 2653796.1537, "1000PEPEUSDT": 702100335.0387862, "LEVERUSDT": 5730308.9711283, "DOTUSDT": 67785968.9232, "SXPUSDT": 5847867.29627, "MINAUSDT": 11117462.0077, "AIUSDT": 14966313.64489, "ETHWUSDT": 2370460.2778, "ETHUSDT": 5530067659.02683, "LINAUSDT": 9606604.60845, "RIFUSDT": 3787267.14526, "CATIUSDT": 90190996.1235, "PORTALUSDT": 9831365.71189, "STXUSDT": 52720073.2985, "LOKAUSDT": 2669757.8698, "CRVUSDT": 67868698.441, "RENUSDT": 4040834.42815, "BONDUSDT": 5024726.55, "PYTHUSDT": 13874441.6898, "MOODENGUSDT": 410721358.57861, "HIFIUSDT": 5514044.4623, "ICPUSDT": 25242987.949, "FIOUSDT": 8345652.14721, "WUSDT": 16973607.19808, "VANRYUSDT": 9343571.34914, "STORJUSDT": 11734226.9414, "1000SATSUSDT": 175157667.5841107, "ZRXUSDT": 5540015.72944, "BTCUSDT_241227": 18062912.2936, "COTIUSDT": 9247006.85986, "RLCUSDT": 3112584.36735, "BOMEUSDT": 115273983.975852, "FLOWUSDT": 8710453.652, "KEYUSDT": 5388975.0727324, "KNCUSDT": 3427194.1287, "NOTUSDT": 120905544.56098, "ZROUSDT": 52387539.52281, "XEMUSDT": 4483521.1258, "DUSKUSDT": 5813537.33189, "1000CATUSDT": 63467660.94159, "LITUSDT": 5044577.0718, "GRASSUSDT": 44919057.09864, "DASHUSDT": 3642549.3649, "AUCTIONUSDT": 9309770.22898, "MKRUSDT": 33973884.6301, "MAVIAUSDT": 7555473.91481, "THETAUSDT": 15839861.20538, "YGGUSDT": 15967740.0928, "TONUSDT": 94497703.97385, "XVSUSDT": 2965066.9763, "LRCUSDT": 4285691.74883, "ARUSDT": 28698698.3273, "VETUSDT": 9044628.603275, "MANAUSDT": 13248584.4882, "QUICKUSDT": 3145559.06895, "SUIUSDT": 465487314.24444, "EIGENUSDT": 129540058.3758, "AXSUSDT": 16137392.546, "PONKEUSDT": 30189708.60299, "FLUXUSDT": 4637078.0658, "ONTUSDT": 4594319.88378, "SAGAUSDT": 115041827.33336, "CETUSUSDT": 138426669.07743, "MEWUSDT": 84351950.083057, "MEMEUSDT": 20363142.678209, "ORDIUSDT": 209402143.7036, "CTSIUSDT": 4500572.7555, "IOSTUSDT": 3664710.2533, "SFPUSDT": 3153058.4994, "ANKRUSDT": 4107936.36582, "SSVUSDT": 10638525.3928, "HFTUSDT": 2136058.36094, "ONGUSDT": 3040708.53553, "PIXELUSDT": 19611350.742, "SCRUSDT": 40953579.013, "KDAUSDT": 4759050.1361, "RUNEUSDT": 48741246.222, "FXSUSDT": 3446260.84434, "TRXUSDT": 53283048.46286, "TWTUSDT": 3582599.0012, "RVNUSDT": 3843549.48072, "ENSUSDT": 27465954.8787, "ETHUSDT_241227": 10972164.35174, "API3USDT": 7937283.24225, "TOKENUSDT": 9191514.44576, "ALPACAUSDT": 10500654.55283, "DRIFTUSDT": 64856078.0657, "MOVRUSDT": 4323637.57127, "GASUSDT": 5790014.7921, "XRPUSDT": 287185085.21189, "ARBUSDT": 64358112.43689, "SNXUSDT": 9561048.6766, "USTCUSDT": 7064442.57524, "PNUTUSDT": 207632118.25226, "NEIROETHUSDT": 174063202.8836, "CFXUSDT": 22193833.03394, "NEOUSDT": 11570288.04901, "JOEUSDT": 2804268.1254, "PENDLEUSDT": 48608817.1974, "RENDERUSDT": 34437963.4371, "ATAUSDT": 3945329.0989, "MBOXUSDT": 7161193.7393, "ARPAUSDT": 5656107.05298, "BEAMXUSDT": 13829186.623742, "PHBUSDT": 8864468.0342, "C98USDT": 5079980.2689, "1MBABYDOGEUSDT": 117235316.0644013, "OMNIUSDT": 12118048.77906, "UMAUSDT": 11892704.412, "JASMYUSDT": 31741808.032929, "ACTUSDT": 740115969.3997, "GMXUSDT": 5305307.25411, "LOOMUSDT": 5038243.06103, "SUNUSDT": 29778155.383149, "RPLUSDT": 3545383.8782, "EOSUSDT": 36769256.1474,