{"BATUSDT": 7819169.35918, "FXSUSDT": 5478116.57807, "LUMIAUSDT": 13586061.4557, "BNTUSDT": 2656846.05983, "1000PEPEUSDT": 1042061977.2189078, "GMTUSDT": 32481427.44234, "PENGUUSDT": 270759268.0906, "MKRUSDT": 40455383.3104, "AVAXUSDT": 214506359.383, "GLMUSDT": 9583566.77628, "AI16ZUSDT": 229201370.20513, "CRVUSDT": 74664315.6018, "EGLDUSDT": 11813556.0014, "MANTAUSDT": 18012097.19843, "DOGEUSDT": 1597342463.47286, "BLZUSDT": 5231031.32253, "RAYSOLUSDT": 11764078.9277, "DEGOUSDT": 5741922.37961, "MEUSDT": 93256486.1238, "DEGENUSDT": 25514815.98389, "AIXBTUSDT": 110850101.62246, "NOTUSDT": 78801017.759443, "TURBOUSDT": 131171538.5008794, "PIXELUSDT": 21049562.89865, "ILVUSDT": 6361682.7898, "USDCUSDT": 2640897.406619, "CHRUSDT": 8493594.2919, "ORCAUSDT": 19152266.9787, "BBUSDT": 21927626.02744, "OPUSDT": 90397728.4608, "SFPUSDT": 3585381.3755, "ARKMUSDT": 60541734.0551, "FIDAUSDT": 17975884.3665, "1000WHYUSDT": 9911172.0533225, "INJUSDT": 75935535.3263, "ACXUSDT": 28384864.03881, "SPXUSDT": 29200663.5379, "ANKRUSDT": 5602609.38054, "DUSDT": 11402122.24005, "XLMUSDT": 29061363.06043, "GRTUSDT": 24962674.83163, "UXLINKUSDT": 42418956.7016, "APTUSDT": 210231173.13838, "XMRUSDT": 13995701.93613, "MOODENGUSDT": 206987087.9769, "HIFIUSDT": 7811793.6004, "ICXUSDT": 5405770.9129, "PYTHUSDT": 26463488.4036, "ETHUSDT_250627": 6115724.69681, "CHZUSDT": 34530967.73908, "1000CHEEMSUSDT": 30296240.8842089, "1000BONKUSDT": 152552191.032814, "LUNA2USDT": 13989445.6442, "SYSUSDT": 4345819.275, "TOKENUSDT": 9868444.60189, "DOTUSDT": 113459665.9926, "BAKEUSDT": 11991055.5324, "GHSTUSDT": 3712630.548, "WUSDT": 37575084.15248, "SWELLUSDT": 11136361.05831, "ENAUSDT": 314238214.411, "ALCHUSDT": 50432249.64667, "AAVEUSDT": 146307613.475, "BANANAUSDT": 20141340.8842, "RIFUSDT": 4137709.28506, "ACEUSDT": 10707325.364928, "FLOWUSDT": 16142733.9942, "MAVIAUSDT": 5979088.82987, "GRASSUSDT": 50929778.31802, "QTUMUSDT": 5575591.128, "DIAUSDT": 12808750.3228, "ETCUSDT": 65054555.3205, "BCHUSDT": 124070255.42735, "SCRTUSDT": 11611091.4801, "BTCUSDT_250328": 21132100.6906, "BLURUSDT": 23723887.35076, "SANTOSUSDT": 10455418.7269, "NTRNUSDT": 4009265.0412, "SWARMSUSDT": 129387538.6975, "DYDXUSDT": 68405889.485, "ARPAUSDT": 6492699.7357, "STMXUSDT": 9820076.91936, "ETHWUSDT": 8218880.122, "POPCATUSDT": 179001432.0786, "MANAUSDT": 24255711.882, "VIRTUALUSDT": 212990552.42939, "VELODROMEUSDT": 28027965.00559, "CHILLGUYUSDT": 102835472.2803, "KMNOUSDT": 6564897.7446, "AIUSDT": 16782887.6681, "IOSTUSDT": 5834325.882338, "MAGICUSDT": 8181725.564, "OMUSDT": 45325200.467997, "ASTRUSDT": 6793576.42291, "KOMAUSDT": 22270687.02016, "SYNUSDT": 8943142.9115, "SEIUSDT": 111640063.0417, "NEARUSDT": 130106636.939, "STRKUSDT": 34407508.67125, "LITUSDT": 7483970.8075, "POLUSDT": 34029246.36115, "AVAUSDT": 29026089.93759, "FILUSDT": 119695863.9339, "C98USDT": 6798485.6218, "FTMUSDT": 166652451.2405, "GRIFFAINUSDT": 54484168.83279, "XVGUSDT": 5768755.021413, "DUSKUSDT": 7017287.00048, "COSUSDT": 5214874.378803, "DRIFTUSDT": 36187094.5844, "REZUSDT": 13105421.99861, "CTSIUSDT": 6724990.5509, "PHBUSDT": 11689286.8523, "HIPPOUSDT": 39866978.94339, "AGLDUSDT": 20741053.6347, "SUNUSDT": 15937395.895102, "MOVEUSDT": 288500858.0582, "TWTUSDT": 5600568.485, "PHAUSDT": 64588595.69882, "XVSUSDT": 5299949.4366, "NFPUSDT": 9438732.29652, "SONICUSDT": 107060633.21833, "USUALUSDT": 353926864.6598, "VIDTUSDT": 12032273.98378, "ETHUSDT_250328": 11150694.34833, "LDOUSDT": 54355126.5723, "SPELLUSDT": 5900817.0978137, "GOATUSDT": 296617164.6982, "ARBUSDT": 107444299.73362, "EIGENUSDT": 115886889.92113, "DOGSUSDT": 91813824.1473017, "LOKAUSDT": 3554081.2036, "SUSHIUSDT": 22861115.3872, "HOTUSDT": 9736530.352321, "BADGERUSDT": 5205115.0606, "ARKUSDT": 18654363.4896, "SSVUSDT": 14587475.04409, "AMBUSDT": 5107695.164959, "UMAUSDT": 11771984.229, "BEAMXUSDT": 16250704.543824, "MOVRUSDT": 6281318.96511, "1MBABYDOGEUSDT": 83105268.6703365, "NEOUSDT": 17237564.28291, "REIUSDT": 4669140.84705, "NEIROUSDT": 527331982.6591884, "1000XECUSDT": 6624951.03288, "CGPTUSDT": 28175701.63157, "LPTUSDT": 14268416.7139, "STXUSDT": 64867590.1878, "BSVUSDT": 8419849.701, "1INCHUSDT": 13203239.3438, "DENTUSDT": 5533966.797112, "LQTYUSDT": 8726194.69451, "CAKEUSDT": 11659295.8896, "TRBUSDT": 36177091.9809, "OGNUSDT": 7864846.988, "ORDIUSDT": 182508406.718, "TUSDT": 5371370.9738, "ONTUSDT": 6816735.19109, "CYBERUSDT": 8042496.1196, "VANRYUSDT": 12377150.20596, "TLMUSDT": 5991543.382832, "HOOKUSDT": 7985598.43373, "EDUUSDT": 7675364.2515, "KAVAUSDT": 10885895.28237, "ZEREBROUSDT": 75592606.1418, "MOCAUSDT": 127161062.5659, "QUICKUSDT": 3342565.26145, "ACHUSDT": 9092103.076884, "GUSDT": 5058027.58156, "JUPUSDT": 50532861.9499, "DFUSDT": 22307984.88427, "OXTUSDT": 3966395.57489, "BIOUSDT": 143228314.0044, "BTCDOMUSDT": 5639360.5156, "RONINUSDT": 7197352.17124, "ETHFIUSDT": 64968870.35313, "MTLUSDT": 7285227.2486, "TNSRUSDT": 17690038.38636, "AXLUSDT": 14192207.45575, "SUPERUSDT": 18877323.5201, "TROYUSDT": 54515741.887671, "KASUSDT": 22505812.53686, "CETUSUSDT": 34051762.59002, "1000SATSUSDT": 114786842.2786498, "TONUSDT": 66066570.72261, "AXSUSDT": 28936203.307, "WIFUSDT": 507243859.70153, "SXPUSDT": 22317070.12079, "QNTUSDT": 7159829.383, "FLUXUSDT": 4311198.4836, "CKBUSDT": 17274169.558461, "DODOXUSDT": 4918922.273712, "RAREUSDT": 14346036.6845, "OMGUSDT": 3500390.68668, "COMPUSDT": 11242469.52837, "BANDUSDT": 5265742.40796, "ICPUSDT": 31956543.566, "CELRUSDT": 6963406.12463, "LISTAUSDT": 14165827.6944, "MASKUSDT": 26826188.8897, "BTCUSDT_250627": 8881949.6796, "NKNUSDT": 4117627.71909, "KAIAUSDT": 14529791.0894, "PONKEUSDT": 14280592.66685, "ENSUSDT": 44276528.9231, "KDAUSDT": 7040836.356, "KNCUSDT": 5162062.3232, "ZECUSDT": 26647285.46287, "KSMUSDT": 8967188.2409, "SLERFUSDT": 7044209.1396, "BRETTUSDT": 18216426.0837, "METISUSDT": 8215330.8502, "NMRUSDT": 5008910.6291, "BTCUSDT": 14795216327.4512, "BICOUSDT": 8423222.2502, "MORPHOUSDT": 75094940.17006, "THEUSDT": 94633604.82352, "BOMEUSDT": 123763262.669093, "1000SHIBUSDT": 243587864.330069, "ENJUSDT": 7478542.42647, "ZRXUSDT": 11300805.44582, "BIGTIMEUSDT": 49969305.21471, "AEVOUSDT": 16914037.80837, "MBOXUSDT": 7323682.0052, "OMNIUSDT": 14749714.15769, "DASHUSDT": 5587028.36436, "TRUUSDT": 9710291.15659, "SAGAUSDT": 65396791.94387, "XRPUSDT": 536335954.97895, "DYMUSDT": 16649955.61684, "UNIUSDT": 142763268.054, "LSKUSDT": 4098324.9456, "RENDERUSDT": 46304899.7473, "CELOUSDT": 26401970.8105, "ETHUSDT": 7163438364.52393, "AUCTIONUSDT": 12700600.21914, "CHESSUSDT": 5136250.2987, "PERPUSDT": 5350628.88533, "ADAUSDT": 254794094.7475, "GTCUSDT": 8429251.3114, "DEXEUSDT": 28641136.89858, "MEMEUSDT": 38648683.949608, "JOEUSDT": 4314737.4412, "TRXUSDT": 72171410.92838, "POWRUSDT": 8517794.9315, "RDNTUSDT": 13749709.80308, "RLCUSDT": 5659527.26104, "IDUSDT": 14893214.71971, "1000CATUSDT": 37704003.46417, "NEIROETHUSDT": 79268074.37407, "JASMYUSDT": 36052642.945664, "SCRUSDT": 39205158.018, "ZKUSDT": 29203710.92929, "FARTCOINUSDT": 186025073.47248, "MEWUSDT": 54854526.000878, "IOUSDT": 55375226.2618, "STORJUSDT": 19960117.8526, "SUIUSDT": 829816924.52043, "ONGUSDT": 5666649.79402, "BELUSDT": 6243394.1444, "COTIUSDT": 11081861.13449, "MYROUSDT": 21678757.99094, "STEEMUSDT": 3807282.19967, "APEUSDT": 106923772.879, "WOOUSDT": 11957627.14786, "RSRUSDT": 14678451.996532, "BONDUSDT": 2271992.9437, "AKTUSDT": 7900240.413, "LEVERUSDT": 6713535.1184876, "VANAUSDT": 99997217.98152, "1000RATSUSDT": 39545411.6655, "LINAUSDT": 10502511.1867, "HBARUSDT": 34103054.82535, "SANDUSDT": 38211990.34455, "1000LUNCUSDT": 24811772.23187, "USTCUSDT": 11134257.48897, "BNBUSDT": 406893971.8769, "GALAUSDT": 95869714.5118, "BNXUSDT": 13085516.70894, "ARUSDT": 35279678.9755, "BANUSDT": 90689072.7271, "ONEUSDT": 9987733.03359, "COMBOUSDT": 3779875.19891, "ROSEUSDT": 15534815.40475, "CATIUSDT": 39525114.9991, "IOTXUSDT": 7317433.66027, "THETAUSDT": 23903151.16849, "ALGOUSDT": 26314009.19565, "COWUSDT": 56175910.0108,