{"ARKMUSDT": 49210053.6929, "USTCUSDT": 11095476.069311, "ACEUSDT": 11493150.60256, "GALAUSDT": 66286752.71825, "DASHUSDT": 3671952.02424, "LUNA2USDT": 11422251.3357, "RAREUSDT": 26189454.2971, "THETAUSDT": 17264147.47222, "STXUSDT": 59955079.0077, "COTIUSDT": 13621056.31758, "SCRUSDT": 46647998.7608, "TUSDT": 4167927.53192, "ALGOUSDT": 11328091.27041, "REEFUSDT": 42061976.730301, "IOSTUSDT": 4116333.532409, "WUSDT": 32575217.63863, "AGLDUSDT": 4940287.714, "COWUSDT": 43951309.8063, "ETHWUSDT": 7839148.6928, "AVAXUSDT": 168371380.201, "ETCUSDT": 49589298.34544, "OGNUSDT": 4673437.478, "LTCUSDT": 91237680.85472, "OMNIUSDT": 14707726.1978, "QNTUSDT": 5546566.595, "MYROUSDT": 24699761.17407, "1000CHEEMSUSDT": 14944782.3873711, "SWELLUSDT": 29568930.56088, "PERPUSDT": 3908432.31437, "1000LUNCUSDT": 23022402.84901, "NOTUSDT": 114964561.638498, "AIUSDT": 14966313.64489, "MEUSDT": 929820127.3892, "ILVUSDT": 5384882.941, "SPXUSDT": 41867837.3242, "REZUSDT": 18079433.60825, "SYSUSDT": 5681330.96752, "BNBUSDT": 340244646.6656, "RUNEUSDT": 60086895.103, "USDCUSDT": 918294.840811, "DUSKUSDT": 6688119.16116, "ORDIUSDT": 229897584.2269, "BLURUSDT": 28604666.89686, "STMXUSDT": 9046817.51749, "HOTUSDT": 6737430.397155, "SANDUSDT": 24388772.1418, "COMBOUSDT": 2703947.51382, "UMAUSDT": 13026724.588, "1000RATSUSDT": 59059735.15625, "TRXUSDT": 56783389.6267, "HBARUSDT": 16294860.20994, "CKBUSDT": 21668518.429268, "PENDLEUSDT": 52836023.8998, "POWRUSDT": 4575812.3063, "AEVOUSDT": 19011565.76194, "MAGICUSDT": 6142142.50449, "RENUSDT": 4040218.27984, "AXSUSDT": 18522260.437, "IMXUSDT": 20529269.6758, "FTMUSDT": 188129503.9176, "1MBABYDOGEUSDT": 91418133.2594893, "ZECUSDT": 14238842.99885, "XRPUSDT": 317224292.01638, "KNCUSDT": 3870039.9227, "RAYSOLUSDT": 43755067.18725, "PHBUSDT": 11689286.8523, "LRCUSDT": 5092395.05996, "YFIUSDT": 5288517.397, "1000000MOGUSDT": 33786769.49747, "AEROUSDT": 19228938.40286, "MOVEUSDT": 424630519.7295, "ARUSDT": 35350554.4987, "SANTOSUSDT": 18890941.0347, "SPELLUSDT": 5247804.1291477, "STORJUSDT": 14355305.8456, "GUSDT": 5028318.77233, "POLYXUSDT": 7874731.9953, "BELUSDT": 7532425.7659, "BOMEUSDT": 143459672.896126, "ONTUSDT": 4954080.82993, "CHESSUSDT": 6831526.1361, "NEARUSDT": 128522395.524, "DIAUSDT": 21084231.5431, "DENTUSDT": 3484116.611332, "WLDUSDT": 300518186.863, "TNSRUSDT": 15918757.77017, "MBOXUSDT": 7748869.1359, "SUIUSDT": 768882987.82033, "HMSTRUSDT": 61263162.218704, "SLERFUSDT": 21246973.8889, "AERGOUSDT": 5579198.887, "DEGENUSDT": 41881865.727713, "CRVUSDT": 69824914.2904, "1000WHYUSDT": 12951397.7527812, "YGGUSDT": 16874519.4557, "MANTAUSDT": 18363581.66199, "NEOUSDT": 12133844.97096, "XVSUSDT": 3561054.7437, "ETHUSDT": 6195507333.44881, "SSVUSDT": 11401715.18365, "SCRTUSDT": 22734042.4807, "MORPHOUSDT": 75094940.17006, "ACXUSDT": 129721036.54735, "CELRUSDT": 3983294.60654, "DRIFTUSDT": 50418913.0216, "REIUSDT": 6075547.37201, "ICPUSDT": 28906692.119, "JOEUSDT": 3191495.23664, "CHILLGUYUSDT": 96953562.5647, "DOGSUSDT": 159549828.3836219, "INJUSDT": 89130435.2117, "ENJUSDT": 5840197.34144, "PONKEUSDT": 28984932.25766, "SUSHIUSDT": 14535677.6379, "ZKUSDT": 27862105.89841, "AKTUSDT": 19133146.9015, "RONINUSDT": 4764690.09838, "BLZUSDT": 6306890.59237, "1000CATUSDT": 44264734.01154, "ATOMUSDT": 51284178.62531, "XEMUSDT": 4365822.9439, "COMPUSDT": 8589731.58854, "AAVEUSDT": 126662505.156, "RVNUSDT": 4630208.3678, "ONGUSDT": 3641063.07056, "LINAUSDT": 10007134.30952, "ZETAUSDT": 31592462.0636, "ANKRUSDT": 4403895.79181, "VIDTUSDT": 17661352.8294, "LITUSDT": 5377918.5073, "PEOPLEUSDT": 142510201.76269, "STRKUSDT": 41724205.41092, "LQTYUSDT": 8400637.43708, "GRTUSDT": 19981532.31554, "MOVRUSDT": 5135671.30602, "ETHFIUSDT": 46208253.54672, "TRUUSDT": 8622246.72772, "FETUSDT": 153072505.338, "1000PEPEUSDT": 813487978.8742648, "1000XECUSDT": 4217289.51843, "SAGAUSDT": 119415386.33071, "LDOUSDT": 31289055.863, "NTRNUSDT": 3411951.1519, "BTCUSDT_250328": 17657839.1784, "MOODENGUSDT": 395113931.70888, "PORTALUSDT": 11210185.86331, "GRASSUSDT": 84331142.19656, "C98USDT": 5886398.3061, "FXSUSDT": 3718258.59377, "ZILUSDT": 6698300.39403, "ARPAUSDT": 9323180.41494, "NKNUSDT": 3308791.28436, "STGUSDT": 5434199.1899, "BEAMXUSDT": 15743777.214087, "DARUSDT": 12709766.37777, "CETUSUSDT": 41002872.35112, "NFPUSDT": 7993432.22972, "SEIUSDT": 126276339.2054, "GMTUSDT": 27514969.57733, "XTZUSDT": 6555235.3469, "KSMUSDT": 6110999.9334, "LOKAUSDT": 3742754.0369, "KOMAUSDT": 292569676.00292, "ENSUSDT": 28692389.1068, "BADGERUSDT": 3175912.8301, "UNIUSDT": 77178217.141, "ACTUSDT": 342572732.61877, "PYTHUSDT": 18788328.9038, "UXLINKUSDT": 39522085.0864, "SNXUSDT": 10902917.7366, "SUNUSDT": 22871714.450426, "BTCUSDT_241227": 23412276.8031, "API3USDT": 9679422.29522, "KAVAUSDT": 9523936.54843, "LPTUSDT": 10789196.2752, "ALTUSDT": 24681897.27723, "BATUSDT": 3477621.08013, "LSKUSDT": 2422132.4233, "ACHUSDT": 7613754.38717, "KDAUSDT": 6363460.7904, "GASUSDT": 8398654.6106, "APEUSDT": 57983751.5973, "TRBUSDT": 45490385.899, "OMGUSDT": 3884561.32817, "MANAUSDT": 14630691.3037, "BTCDOMUSDT": 2814709.7624, "LOOMUSDT": 6318820.10464, "MEWUSDT": 86796824.362364, "PNUTUSDT": 931658216.41691, "FIOUSDT": 9963621.99169, "BSWUSDT": 4031894.11568, "RSRUSDT": 11997306.1941, "JASMYUSDT": 32339098.975194, "DOTUSDT": 75510842.5659, "TLMUSDT": 5065272.31583, "LISTAUSDT": 18790296.8567, "EIGENUSDT": 131279991.8557, "FIDAUSDT": 26719176.7876, "CFXUSDT": 28663576.08566, "HIPPOUSDT": 62550965.66983, "DYMUSDT": 21111342.72308, "MAVUSDT": 5690664.01591, "HFTUSDT": 2435917.90222, "CTSIUSDT": 5427822.0147, "MASKUSDT": 18167620.6828, "XLMUSDT": 17304548.94173, "HIGHUSDT": 8971036.08026, "BRETTUSDT": 13970023.23841, "LEVERUSDT": 7188136.178938, "MINAUSDT": 14522730.274, "ARKUSDT": 19760727.9724, "XMRUSDT": 11978058.84109, "TURBOUSDT": 125545961.9880408, "NMRUSDT": 4647389.6788, "ARBUSDT": 77582513.99658, "ONDOUSDT": 54394762.93721, "OPUSDT": 80045149.45997, "ASTRUSDT": 6543451.88264, "BBUSDT": 22770703.9379, "FILUSDT": 87785080.4806, "AMBUSDT": 5570503.446766, "ICXUSDT": 3430334.7946, "RENDERUSDT": 40626676.609, "BSVUSDT": 6971617.588, "STEEMUSDT": 1774194.80005, "BICOUSDT": 3633002.6638, "TAOUSDT": 130019023.04058, "WAXPUSDT": 2755910.29867, "AXLUSDT": 15120182.11903, "SAFEUSDT": 17079291.5831, "GMXUSDT": 6220606.51497, "RDNTUSDT": 19398985.86373, "QTUMUSDT": 3834548.0789, "ENAUSDT": 160407789.0403, "BNXUSDT": 22446561.32607, "TWTUSDT": 5947686.0717, "EGLDUSDT": 7899223.6092, "HIFIUSDT": 6929742.1054, "METISUSDT": 7334432.7655, "FLMUSDT": 6258808.5565, "WOOUSDT": 10836153.89081, "BANUSDT": 119597678.8696, "JUPUSDT": 44175446.8938, "GLMUSDT": 5351019.48967, "TONUSDT": 94845683.20493, "GHSTUSDT": 5012131.45, "TIAUSDT": 241813950.7053, "CAKEUSDT": 8202899.2715, "BALUSDT": 3602591.0316, "FLOWUSDT": 9556080.8861, "APTUSDT": 184283012.7238, "1000SATSUSDT": 154322029.8034281, "VOXELUSDT": 6277279.6283, "BIGTIMEUSDT": 79321369.7869, "LINKUSDT": 127779349.05853, "1000SHIBUSDT": 193791774.660323, "DYDXUSDT": 58080897.7575, "BANANAUSDT": 23550690.1623, "VANRYUSDT": 10983473.24082, "CELOUSDT": 26983578.26, "NULSUSDT": 4352098.9347, "1000FLOKIUSDT": 106553058.11367, "ONEUSDT": 6117675.80383, "1INCHUSDT": 13574324.0449, "EOSUSDT": 40200002.8498, "ALPHAUSDT": 4145054.09218, "BAKEUSDT": 12626570.2774, "VIRTUALUSDT": 67208419.48932, "EDUUSDT": 7928528.8983, "ALPACAUSDT": 11069662.44337, "BCHUSDT": 84203085.4145, "MTLUSDT": 4820456.5613, "JTOUSDT": 39753246.9232, "SOLUSDT": 2161046261.375, "SXPUSDT": 14892583.23189, "BNTUSDT": 2221585.71728, "TOKENUSDT": 9224419.87353, "GTCUSDT": 6541915.1787, "DEFIUSDT": 992665.2378, "ETHUSDT_241227": 12336000.46436, "KEYUSDT": 5388975.0727324, "OXTUSDT": 2589629.87333, "BONDUSDT": 5667005.4397, "BTCUSDT": 14603341245.0131, "RPLUSDT": 5394403.8871, "QUICKUSDT": 4866193.27089, "IOTXUSDT": 5645342.85775, "CHRUSDT": 8026792.0072, "ROSEUSDT": 13686783.39652, "IOTAUSDT": 5998624.11552, "ETHUSDT_250328": 8259439.38933, "CHZUSDT": 23461771.37166,