{"JASMYUSDT": 31792570.241067, "XAIUSDT": 21215528.1558, "DUSKUSDT": 6673994.64873, "OMNIUSDT": 12401347.32831, "WUSDT": 19077798.71595, "GRASSUSDT": 70120433.58322, "QNTUSDT": 4809829.269, "XTZUSDT": 6132847.0752, "ATOMUSDT": 45184567.80887, "BTCUSDT_250328": 17281847.5285, "KEYUSDT": 6069573.8433414, "BRETTUSDT": 12953533.37288, "ETHUSDT": 5567024562.92928, "JOEUSDT": 2986490.4752, "KDAUSDT": 5302142.5367, "MOODENGUSDT": 607359621.36178, "PENDLEUSDT": 51487883.6852, "MYROUSDT": 18432162.00647, "EDUUSDT": 7715724.8436, "BNXUSDT": 24961180.39938, "JUPUSDT": 34242799.2355, "TROYUSDT": 102173745.263403, "CETUSUSDT": 42733444.54857, "ZRXUSDT": 5546259.9833, "NEOUSDT": 11764914.90684, "COSUSDT": 3947600.312266, "BANUSDT": 113815300.5312, "ORDIUSDT": 215666479.1473, "LINKUSDT": 112962206.68373, "MKRUSDT": 34924716.6045, "SFPUSDT": 3378957.1698, "POLUSDT": 31185821.3019, "ARBUSDT": 64705458.63196, "TRXUSDT": 54755986.54796, "LOKAUSDT": 3320540.4513, "ONDOUSDT": 49681996.28705, "AMBUSDT": 5570503.446766, "MEWUSDT": 79843546.756234, "BAKEUSDT": 12711333.9517, "GASUSDT": 5798970.4841, "RUNEUSDT": 52609258.524, "MAGICUSDT": 5459873.92922, "DRIFTUSDT": 64095023.0913, "1MBABYDOGEUSDT": 101217414.1368666, "ZILUSDT": 5904360.50748, "COWUSDT": 56175910.0108, "ACHUSDT": 6421021.098445, "BBUSDT": 22992023.1442, "WOOUSDT": 8539229.29607, "COTIUSDT": 10992065.4631, "BELUSDT": 7045365.6057, "STXUSDT": 53053922.0284, "1000PEPEUSDT": 720856072.8478328, "TOKENUSDT": 9191514.44576, "SCRUSDT": 44850405.2468, "MEMEUSDT": 22860113.037089, "LEVERUSDT": 7144790.2913133, "LDOUSDT": 30460334.5692, "TLMUSDT": 4949788.836569, "CKBUSDT": 16453226.890879, "GHSTUSDT": 4313188.202, "GLMUSDT": 5104807.83244, "POWRUSDT": 3611420.8462, "DARUSDT": 12515896.76536, "ZKUSDT": 26519524.08921, "LITUSDT": 5097301.623, "DIAUSDT": 29454412.1287, "TWTUSDT": 3876795.3298, "ZETAUSDT": 24921797.3832, "PYTHUSDT": 14815160.5639, "GTCUSDT": 6454157.5085, "STRKUSDT": 36095909.74008, "ONEUSDT": 5411459.92326, "1000SHIBUSDT": 117746960.381248, "RAREUSDT": 29672208.59084, "OGNUSDT": 4321229.1759, "STEEMUSDT": 1599673.15194, "PONKEUSDT": 34380403.06172, "XVSUSDT": 3122907.4997, "AVAXUSDT": 165513436.862, "CATIUSDT": 99294888.7403, "POLYXUSDT": 7073255.62021, "SAGAUSDT": 107441044.7106, "NMRUSDT": 4529277.0511, "YGGUSDT": 16179200.1791, "DOGSUSDT": 159549828.3836219, "NEIROETHUSDT": 171285361.7079, "SPELLUSDT": 5160312.4911196, "IDUSDT": 5730098.25745, "IOTAUSDT": 5511520.22342, "OXTUSDT": 2250971.6891, "RIFUSDT": 3842923.89127, "FLOWUSDT": 8879890.1155, "AIUSDT": 14959838.59696, "ACEUSDT": 11210264.350742, "FXSUSDT": 3524644.00185, "SSVUSDT": 11401715.18365, "SWELLUSDT": 34613518.37553, "MINAUSDT": 11611232.4526, "TUSDT": 4173401.06032, "OMGUSDT": 3130774.56239, "MASKUSDT": 14386510.4925, "1000SATSUSDT": 167732319.0270534, "UXLINKUSDT": 39522085.0864, "GOATUSDT": 430529102.0834, "XVGUSDT": 2728971.5052868, "MAVUSDT": 5549685.19487, "BNBUSDT": 320719265.098, "GRTUSDT": 17491519.54326, "EGLDUSDT": 7513389.5773, "ETHFIUSDT": 44085025.24942, "BOMEUSDT": 119084540.142783, "1000XECUSDT": 3475243.60013, "MANAUSDT": 13279288.5443, "FLMUSDT": 6258808.5565, "LINAUSDT": 9889528.99703, "USTCUSDT": 8637661.80737, "BSWUSDT": 3521093.83575, "USDCUSDT": 816740.408581, "HOTUSDT": 6391719.888773, "ALTUSDT": 22307763.45053, "UNIUSDT": 68541214.869, "SANTOSUSDT": 19117019.739, "ASTRUSDT": 6040596.740932, "PHBUSDT": 10324743.1377, "MBOXUSDT": 7656027.2258, "SXPUSDT": 7568828.49706, "ARKUSDT": 5436044.5259, "PEOPLEUSDT": 142510201.76269, "BADGERUSDT": 2821253.5315, "1000BONKUSDT": 80199529.719269, "CELOUSDT": 15229590.4801, "SUIUSDT": 586774231.67196, "DEFIUSDT": 952441.5043, "DOGEUSDT": 317397832.51219, "LOOMUSDT": 5038243.06103, "FETUSDT": 148310238.7637, "BCHUSDT": 78321790.31545, "AERGOUSDT": 4707128.0254, "ALPHAUSDT": 3948619.10885, "ALICEUSDT": 8078153.6137, "SYNUSDT": 8945542.9705, "RENDERUSDT": 38779508.1522, "ONGUSDT": 3080400.38933, "ETHUSDT_250328": 7058980.89265, "ARPAUSDT": 8346375.57464, "SUNUSDT": 24598384.3596, "IMXUSDT": 19397075.209, "ARKMUSDT": 38572899.1117, "WLDUSDT": 255176666.6069, "GALAUSDT": 64475955.25738, "COMBOUSDT": 2590352.0608, "GMTUSDT": 23639456.05114, "KNCUSDT": 3575189.951, "SEIUSDT": 102434436.5244, "DYMUSDT": 18729330.79841, "XEMUSDT": 4483521.1258, "HIPPOUSDT": 102896614.4775, "ILVUSDT": 5027458.078, "BANDUSDT": 4055618.0827, "SANDUSDT": 21401081.1061, "HFTUSDT": 2240499.3428, "BNTUSDT": 2112130.39875, "VIDTUSDT": 20465593.65161, "ZROUSDT": 49406634.2614, "SNXUSDT": 9937446.9674, "REIUSDT": 4983503.80355, "ANKRUSDT": 4112111.68462, "ADAUSDT": 115378154.098, "KSMUSDT": 5183504.8317, "APTUSDT": 139801521.8553, "ZENUSDT": 6502044.5115, "IOUSDT": 62158624.2026, "ETCUSDT": 43316237.3936, "QTUMUSDT": 3644645.3473, "AUCTIONUSDT": 9636331.39645, "SLERFUSDT": 18299404.4482, "FIOUSDT": 9030621.67742, "ROSEUSDT": 12091769.62054, "DYDXUSDT": 46760008.7228, "JTOUSDT": 35565235.1656, "XMRUSDT": 11597961.06962, "KAVAUSDT": 7016011.75299, "BICOUSDT": 3380628.3024, "BEAMXUSDT": 14907645.309102, "TRBUSDT": 43774735.6914, "XLMUSDT": 15972229.33597, "API3USDT": 8513324.74028, "OMUSDT": 21961429.382938, "ORBSUSDT": 4184121.87616, "CAKEUSDT": 7665479.3102, "NOTUSDT": 118281848.29204, "COMPUSDT": 8343808.51947, "BTCUSDT_241227": 19421035.8957, "WAXPUSDT": 2499539.26978, "THETAUSDT": 15906214.46421, "IOSTUSDT": 3895905.949693, "HMSTRUSDT": 66891049.494881, "UMAUSDT": 12258944.988, "1000RATSUSDT": 57599481.14276, "BLZUSDT": 4936705.88911, "NEARUSDT": 115366148.664, "HIFIUSDT": 5863244.3663, "FLUXUSDT": 4801563.3078, "LQTYUSDT": 8341059.05556, "SCRTUSDT": 16367990.305, "MANTAUSDT": 16208291.37442, "MOVRUSDT": 4827208.88505, "RLCUSDT": 3476320.71485, "CHRUSDT": 7899471.5473, "REZUSDT": 18155755.22366, "BTCUSDT": 13034447010.34392, "FTMUSDT": 158274560.7981, "REEFUSDT": 43327473.509032, "VETUSDT": 9312492.667427, "IOTXUSDT": 5188226.47327, "RSRUSDT": 11841579.75151, "1000000MOGUSDT": 33786769.49747, "FILUSDT": 85688425.3184, "PNUTUSDT": 1246797489.02594, "PERPUSDT": 3534435.60312, "NEIROUSDT": 833968010.9464473, "ZECUSDT": 14238842.99885, "AXLUSDT": 10016581.46209, "CTSIUSDT": 4726907.8132, "BSVUSDT": 5272129.185, "SAFEUSDT": 20142637.4851, "CHZUSDT": 13577176.13428, "BANANAUSDT": 25090831.0687, "ENSUSDT": 27465954.8787, "BATUSDT": 3378595.60859, "LUNA2USDT": 8828911.4698, "LPTUSDT": 10259763.5618, "1000LUNCUSDT": 19930444.06367, "PORTALUSDT": 10845320.25934, "BIGTIMEUSDT": 50445066.25259, "AEVOUSDT": 19011565.76194, "CHESSUSDT": 6501218.9191, "OPUSDT": 74702023.78573, "1000FLOKIUSDT": 98424870.14859, "DEGENUSDT": 55826345.278139, "UNFIUSDT": 6018364.0951, "EIGENUSDT": 115886889.92113, "ACTUSDT": 372242281.70868, "ICXUSDT": 3044449.1457, "TRUUSDT": 7722545.4516, "BONDUSDT": 5422196.2117, "RONINUSDT": 4334053.75173, "AGLDUSDT": 4255212.8549, "DENTUSDT": 3162362.411607, "HBARUSDT": 14534000.61902, "LTCUSDT": 89570366.06088, "1000CATUSDT": 65371972.59554, "XRPUSDT": 287185085.21189, "VOXELUSDT": 6490121.4069, "WIFUSDT": 548046549.69138, "TIAUSDT": 179446646.6617, "YFIUSDT": 4898590.899, "STORJUSDT": 11734226.9414, "SKLUSDT": 3989130.81872, "ALPACAUSDT": 11069662.44337, "TAOUSDT": 94053589.58865, "SUPERUSDT": 23434622.8919, "ARUSDT": 30936281.2696, "DASHUSDT": 3647298.02878, "TURBOUSDT": 68358747.0253155, "CFXUSDT": 23331995.86598, "ICPUSDT": 26399873.35, "SYSUSDT": 5681330.96752, "ENJUSDT": 5356853.61588, "LSKUSDT": 2227102.7729, "DOTUSDT": 69672560.4986, "NKNUSDT": 3129323.67885, "BALUSDT": 3194750.1993, "CRVUSDT": 68405620.0859, "HOOKUSDT": 7069393.20989, "EOSUSDT": 36769256.1474, "MAVIAUSDT": 7736045.37749, "CYBERUSDT": 7060829.7246, "ETHWUSDT": 2518014.7129, "ALGOUSDT": 10781013.08526, "AKTUSDT": 22743808.7702, "HIGHUSDT": 8955984.33684, "BTCDOMUSDT": 2344026.5556, "POPCATUSDT": 181828817.5685, "GUSDT": 4800598.46261, "ONTUSDT": 4679014.58635, "RPLUSDT": 4827170.6016, "SOLUSDT": 2127106502.045, "SUSHIUSDT": 12829662.9853, "NULSUSDT": 3999543.9962, "NTRNUSDT": 3135760.5098, "KASUSDT": 15207133.86239,