{"POLYXUSDT": 5726980.29619, "SONICUSDT": 13753479.04796, "AVAAIUSDT": 30418824.5652, "CRVUSDT": 106669822.1145, "ALPACAUSDT": 4154499.68279, "FIDAUSDT": 8312380.20705, "TIAUSDT": 108437141.7656, "BIDUSDT": 8692200.64212, "GUSDT": 3825464.28747, "DRIFTUSDT": 9890758.9837, "AIUSDT": 12602409.1797, "STEEMUSDT": 5023154.08905, "CHRUSDT": 5984647.869, "OMUSDT": 57798861.18987, "MAVIAUSDT": 12552027.6337, "WALUSDT": 168332699.773, "ALGOUSDT": 60373388.40676, "BIOUSDT": 25541352.1009, "ROSEUSDT": 8838817.75051, "RAREUSDT": 5925912.59954, "CYBERUSDT": 5273894.8738, "LUMIAUSDT": 9945060.1702, "VANAUSDT": 43106419.67789, "BOMEUSDT": 51539673.738279, "GPSUSDT": 21014837.6497, "QTUMUSDT": 8469600.7776, "REZUSDT": 8846183.26051, "AIXBTUSDT": 77932792.20538, "HOTUSDT": 6236595.737838, "TOKENUSDT": 3645208.86107, "AEROUSDT": 7488967.93698, "ALICEUSDT": 7417275.902, "DUSKUSDT": 3945816.55408, "TROYUSDT": 8853146.052311, "RIFUSDT": 3088628.88061, "FILUSDT": 114285186.1832, "LINKUSDT": 311166479.25449, "ARCUSDT": 156797282.85699, "TRXUSDT": 114345705.90227, "VIRTUALUSDT": 84218091.23463, "PENDLEUSDT": 34831742.3793, "UNIUSDT": 88594935.563, "1000WHYUSDT": 4551846.5911721, "BCHUSDT": 91072531.84131, "RAYSOLUSDT": 20467159.0138, "IOTAUSDT": 19516555.82909, "CAKEUSDT": 21384507.682, "OPUSDT": 81728285.68937, "BNTUSDT": 2677316.64002, "ZILUSDT": 8304767.88092, "SPXUSDT": 33586501.3963, "BIGTIMEUSDT": 13900673.73094, "MORPHOUSDT": 18514799.7719, "TRUUSDT": 5883124.69408, "SPELLUSDT": 10515525.2783885, "1000SATSUSDT": 50408004.6907096, "AVAUSDT": 7822369.63841, "DENTUSDT": 4401978.182441, "ASTRUSDT": 5314336.620135, "EIGENUSDT": 70302854.18494, "BANANAUSDT": 11455344.7799, "NEIROETHUSDT": 15902415.00403, "IOTXUSDT": 5808158.6399, "CFXUSDT": 18768428.35373, "DOGSUSDT": 34542344.0431493, "CGPTUSDT": 15342627.01494, "SKLUSDT": 6534171.12919, "FXSUSDT": 5731799.31311, "COOKIEUSDT": 25230246.9321, "MAGICUSDT": 6617904.57952, "SUSDT": 56535162.8934, "PHBUSDT": 5178979.0115, "WUSDT": 17063665.928362, "TRUMPUSDT": 704512035.98545, "ENSUSDT": 39476296.5326, "BALUSDT": 2849205.4188, "SHELLUSDT": 41266698.8073, "HOOKUSDT": 4122502.13749, "SAFEUSDT": 4335445.5847, "LINAUSDT": 7123581.29049, "LOKAUSDT": 2219376.8845, "MTLUSDT": 3851330.3117, "ARBUSDT": 76481326.2567, "SXPUSDT": 8879542.23557, "ONDOUSDT": 174430183.03803, "PEOPLEUSDT": 37848105.92735, "METISUSDT": 4320097.7508, "1000FLOKIUSDT": 46252953.8346, "KOMAUSDT": 8378259.19814, "KAVAUSDT": 11918644.55421, "NEIROUSDT": 176379206.0080056, "SWARMSUSDT": 95165197.1741, "ILVUSDT": 4554662.6074, "USDCUSDT": 3855540.21831, "PLUMEUSDT": 7349353.6562, "POLUSDT": 23870781.86502, "HEIUSDT": 11212773.90445, "CELRUSDT": 4551809.01283, "ETHFIUSDT": 52199017.09992, "AEVOUSDT": 10508804.9546, "STGUSDT": 6582308.5472, "ARPAUSDT": 4481508.62582, "API3USDT": 5081348.43083, "SSVUSDT": 12229846.58292, "DOTUSDT": 129179785.6158, "1000BONKUSDT": 80410225.741416, "TRBUSDT": 27129794.8467, "MELANIAUSDT": 39961669.88471, "CATIUSDT": 9480604.6377, "ETHUSDT_250627": 7524704.21821, "PIXELUSDT": 8406348.90647, "ALTUSDT": 10559076.22295, "NULSUSDT": 2220702.7691, "NTRNUSDT": 2456520.0398, "MEUSDT": 27778882.7122, "C98USDT": 7155295.4405, "RLCUSDT": 5139556.36944, "DEGOUSDT": 3552079.05893, "NKNUSDT": 2397569.78186, "IOSTUSDT": 5348112.971387, "SYSUSDT": 2852588.82927, "IPUSDT": 114780910.300299, "MANAUSDT": 18619041.8154, "IDUSDT": 9001405.91088, "STRKUSDT": 19169407.23992, "DUSDT": 7397249.32579, "BLURUSDT": 11449873.93303, "RENDERUSDT": 39067377.9152, "SOLVUSDT": 49342827.7269, "HIPPOUSDT": 5747621.47805, "DEFIUSDT": 1959790.1482, "ACEUSDT": 4582282.487589, "BBUSDT": 10993779.36334, "GASUSDT": 5347582.8504, "RUNEUSDT": 52342418.056, "MEWUSDT": 10222321.080282, "TLMUSDT": 3250259.335393, "SUNUSDT": 3838758.819895, "AUCTIONUSDT": 16927211.7188, "ARKMUSDT": 38481369.0403, "1000RATSUSDT": 15938983.01501, "ZECUSDT": 7325406.76634, "BANDUSDT": 4267770.93454, "POPCATUSDT": 102674842.2085, "LRCUSDT": 5681070.24882, "VANRYUSDT": 10136236.32677, "DYMUSDT": 8478738.06757, "ICPUSDT": 25329094.09, "MOVEUSDT": 81804140.3878, "WLDUSDT": 181067618.7489, "GHSTUSDT": 1882613.699, "GALAUSDT": 82588507.64048, "CHILLGUYUSDT": 35355449.9718, "WAXPUSDT": 3093355.28718, "BELUSDT": 6336018.9969, "SANDUSDT": 48303733.69468, "ATAUSDT": 5771061.6223, "MANTAUSDT": 11976352.05598, "DEGENUSDT": 9162737.927443, "BANANAS31USDT": 32886048.971763, "PAXGUSDT": 23259449.58501, "SANTOSUSDT": 3785610.5215, "LAYERUSDT": 106553481.71321, "LPTUSDT": 11571227.6708, "ATOMUSDT": 53594201.3962, "ONEUSDT": 9782489.13542, "XMRUSDT": 17631707.57743, "WOOUSDT": 5424444.28037, "BANUSDT": 26083556.1243, "DEXEUSDT": 13148099.7397, "SCRUSDT": 9463842.2489, "ETHWUSDT": 3497140.6154, "BTCDOMUSDT": 7446027.0178, "TAOUSDT": 107756263.76031, "BNBUSDT": 457248862.6754, "DASHUSDT": 6002382.56699, "BRETTUSDT": 13477303.94047, "KDAUSDT": 5690209.0209, "ORCAUSDT": 6020921.2036, "BAKEUSDT": 10379246.3593, "FORMUSDT": 66604319.63923, "ETCUSDT": 71207663.1113, "FLOWUSDT": 14614774.3262, "NEARUSDT": 106589732.394, "NOTUSDT": 41726669.047407, "COTIUSDT": 9263848.39239, "AI16ZUSDT": 121021646.89268, "MUBARAKUSDT": 191784015.7622, "BICOUSDT": 3221529.2598, "VVVUSDT": 14700869.42116, "AERGOUSDT": 6708111.3288, "IOUSDT": 34657030.90993, "SWELLUSDT": 4848573.7167, "CHESSUSDT": 3705135.0162, "INJUSDT": 66964684.4698, "UMAUSDT": 5878017.73, "BSWUSDT": 3376173.40143, "1000000MOGUSDT": 11180762.93876, "NFPUSDT": 5820322.7446, "TURBOUSDT": 36047398.5714241, "WIFUSDT": 312219075.11564, "1000PEPEUSDT": 760527705.6096278, "MOCAUSDT": 12006911.575, "MEMEUSDT": 21202338.370871, "AXLUSDT": 7379632.31207, "ALPHAUSDT": 4475085.53143, "SUSHIUSDT": 19751436.3837, "ZETAUSDT": 5653841.0896, "XTZUSDT": 11405175.4426, "COMBOUSDT": 2669792.40972, "BSVUSDT": 3740842.047, "XAIUSDT": 10673269.32902, "MBOXUSDT": 5137078.4028, "XRPUSDT": 1833480813.13023, "OXTUSDT": 2931662.21092, "1000CHEEMSUSDT": 20504636.2576729, "SUIUSDT": 628598685.11342, "ENJUSDT": 7305762.09704, "PERPUSDT": 2866357.68388, "JASMYUSDT": 24966541.26547, "RDNTUSDT": 5080523.62707, "DYDXUSDT": 40924114.4247, "YGGUSDT": 6343856.4353, "POWRUSDT": 5111936.3162, "USTCUSDT": 5506553.72945, "ZROUSDT": 26684294.38193, "BROCCOLIF3BUSDT": 14075963.143459, "GOATUSDT": 45591669.2722, "PIPPINUSDT": 20662047.40777, "LISTAUSDT": 7959010.7649, "BADGERUSDT": 4781812.0716, "CTSIUSDT": 4060328.6017, "SYNUSDT": 4097239.1922, "NEOUSDT": 15285342.72702, "BROCCOLI714USDT": 26792965.36145, "FETUSDT": 80122997.7706, "ZRXUSDT": 8170560.82703, "HBARUSDT": 168119373.5477, "GRIFFAINUSDT": 67586525.75864, "HIFIUSDT": 3458824.0234, "TNSRUSDT": 9984677.71998, "MINAUSDT": 7823005.7087, "REDUSDT": 100843827.839, "KMNOUSDT": 4147666.14341, "KSMUSDT": 6765065.5207, "PARTIUSDT": 97516953.1871, "MOVRUSDT": 4407114.18693, "KAIAUSDT": 5535817.8896, "JOEUSDT": 3632447.17678, "KAITOUSDT": 122731877.18455, "1000XUSDT": 4472404.12009, "AAVEUSDT": 197483565.57, "VOXELUSDT": 3871380.8513, "SLERFUSDT": 3226840.0301, "EPICUSDT": 21357749.67321, "CELOUSDT": 8456577.2882, "MKRUSDT": 33552200.7938, "FIOUSDT": 3024443.90922, "THETAUSDT": 19048369.18902, "ONGUSDT": 2924173.34852, "BTCUSDT_250328": 30289900.2715, "ENAUSDT": 359035063.5856, "JUPUSDT": 53965623.9965, "STORJUSDT": 7164876.3716, "1MBABYDOGEUSDT": 30243418.04671, "UXLINKUSDT": 27054141.5565, "ONTUSDT": 6971839.18587, "EGLDUSDT": 10706409.6983, "AXSUSDT": 16596594.069, "GRASSUSDT": 21851313.1729, "VETUSDT": 28997950.159328, "PONKEUSDT": 6637904.03691, "PENGUUSDT": 91472525.991356, "DOGEUSDT": 1054784597.18187, "VIDTUSDT": 5892812.75036, "SUPERUSDT": 9611658.2929, "SIRENUSDT": 31517992.19582, "PROMUSDT": 4232211.5715, "MYROUSDT": 5699793.70094, "STXUSDT": 26448627.4119, "EOSUSDT": 62043595.6213, "PHAUSDT": 6888372.39911, "SNXUSDT": 14381028.7547, "ETHUSDT_250328": 14922516.95222, "PORTALUSDT": 6570159.90154, "TUSDT": 3447423.75837, "PYTHUSDT": 16915328.35589, "BEAMXUSDT": 12095187.511803, "GLMUSDT": 8947520.59013, "APEUSDT": 48955616.0097, "COWUSDT": 23340036.0251,