{"SCRTUSDT": 3646181.8538, "COOKIEUSDT": 33957668.4087, "MOVEUSDT": 98963765.8088, "THETAUSDT": 24967574.82136, "PHAUSDT": 8288410.43953, "1000FLOKIUSDT": 62931152.34364, "AUCTIONUSDT": 16927211.7188, "VANAUSDT": 40503770.86873, "DYDXUSDT": 50539701.0993, "MOVRUSDT": 5607618.04791, "AMBUSDT": 3601605.165328, "KAVAUSDT": 13047186.96897, "MOCAUSDT": 16151162.8546, "EOSUSDT": 68635817.9265, "IOSTUSDT": 5834325.882338, "NEIROETHUSDT": 20874696.80807, "AAVEUSDT": 247665112.504, "PHBUSDT": 7158015.9744, "BICOUSDT": 3750562.1159, "BATUSDT": 10004203.93531, "AVAAIUSDT": 34917616.35504, "SLERFUSDT": 4700914.059, "JASMYUSDT": 34275272.801023, "XVSUSDT": 6708807.0417, "GALAUSDT": 114598439.65054, "AERGOUSDT": 8650339.6015, "MAVUSDT": 4727057.85986, "JUPUSDT": 70700488.4716, "CHESSUSDT": 4357398.714, "CFXUSDT": 22291732.28177, "NOTUSDT": 45829881.228388, "TUSDT": 3999113.40455, "ZECUSDT": 9108903.10576, "TURBOUSDT": 50159644.9029319, "XAIUSDT": 13171472.439, "PIPPINUSDT": 28636299.64821, "LDOUSDT": 96726795.2604, "SXPUSDT": 11812393.05778, "BAKEUSDT": 10527588.4192, "LQTYUSDT": 8332144.3119, "TROYUSDT": 11373964.104318, "FIDAUSDT": 10022725.51495, "DENTUSDT": 5711146.03012, "REDUSDT": 120928607.4659, "APTUSDT": 138492837.08789, "PERPUSDT": 3519762.09492, "MASKUSDT": 20719586.0043, "CHILLGUYUSDT": 49181918.1925, "ZENUSDT": 44008075.158, "CETUSUSDT": 16386954.73819, "IOTAUSDT": 26466475.34511, "TWTUSDT": 5921059.9085, "KSMUSDT": 8755946.0192, "SHELLUSDT": 86620897.4925, "1000BONKUSDT": 96737050.667796, "ASTRUSDT": 6743870.240079, "LTCUSDT": 336968815.34758, "FIOUSDT": 4794563.56871, "SONICUSDT": 15144917.2862, "YFIUSDT": 9767953.087, "BSWUSDT": 4049569.94928, "REZUSDT": 9230638.19468, "LINAUSDT": 7345972.72334, "BIOUSDT": 31846820.3193, "SAFEUSDT": 4345685.778, "ALTUSDT": 12630170.30835, "PROMUSDT": 6233317.4293, "BCHUSDT": 95301478.2501, "FARTCOINUSDT": 261647312.24125, "MTLUSDT": 4977154.8563, "SYSUSDT": 2923745.67229, "HIPPOUSDT": 9046576.25332, "ORDIUSDT": 121263374.3689, "CELRUSDT": 6202010.44165, "LRCUSDT": 6844544.18954, "SUIUSDT": 749132576.64195, "POLYXUSDT": 7080641.84503, "DUSDT": 9351575.92175, "TLMUSDT": 4241415.502803, "STORJUSDT": 9119280.9719, "STRKUSDT": 23434026.59153, "ONTUSDT": 8101119.14217, "SFPUSDT": 3901279.9664, "RAREUSDT": 5925912.59954, "LUNA2USDT": 12188290.5405, "GRIFFAINUSDT": 84695667.89123, "1000000MOGUSDT": 16374441.62151, "ALPACAUSDT": 4351789.6366, "1MBABYDOGEUSDT": 36879310.7782806, "CRVUSDT": 138326569.5108, "ATOMUSDT": 55631267.08261, "ILVUSDT": 5307256.4896, "GMTUSDT": 42312000.08557, "DUSKUSDT": 4791179.26124, "ONGUSDT": 3931971.64801, "B3USDT": 22585544.21402, "WIFUSDT": 374309546.37691, "RDNTUSDT": 7028791.21941, "MORPHOUSDT": 32679014.90165, "CYBERUSDT": 5807854.7603, "SUPERUSDT": 11776926.1063, "OMNIUSDT": 9170193.71488, "SUSHIUSDT": 24512088.3798, "LEVERUSDT": 5627823.3257128, "HOOKUSDT": 5356411.18895, "PIXELUSDT": 11479347.10067, "TAOUSDT": 129087964.36146, "NEIROUSDT": 237953093.3042888, "CATIUSDT": 10437220.3343, "ARPAUSDT": 5135540.03728, "DYMUSDT": 8832496.5931, "MINAUSDT": 9531851.2084, "UXLINKUSDT": 37298811.4378, "PORTALUSDT": 7931554.84632, "ETHUSDT_250328": 15384671.04532, "1000LUNCUSDT": 16223036.00432, "BTCUSDT_250627": 17467903.2659, "BNBUSDT": 475216542.7269, "COWUSDT": 29939391.0777, "TSTUSDT": 163436660.2347, "SANTOSUSDT": 4219579.8524, "CHZUSDT": 22346082.37591, "UNIUSDT": 109754575.123, "ENAUSDT": 414172586.1668, "ICXUSDT": 6054492.4062, "STXUSDT": 32640515.5946, "TIAUSDT": 117787930.2104, "EIGENUSDT": 88011576.92365, "GRASSUSDT": 26063844.0615, "RAYSOLUSDT": 20467159.0138, "TRUUSDT": 7128595.30153, "PNUTUSDT": 324931425.01191, "POWRUSDT": 7048176.2148, "USDCUSDT": 4619428.8255, "PYTHUSDT": 21337578.90053, "ENSUSDT": 57735149.745, "IDUSDT": 9310151.34566, "DEGENUSDT": 14050882.906881, "HBARUSDT": 213853455.02119, "1000PEPEUSDT": 833734828.4069622, "ZKUSDT": 20402115.15569, "SUSDT": 49652614.3228, "POLUSDT": 25641562.47304, "KAIAUSDT": 7399206.9168, "VOXELUSDT": 4819995.7816, "MEUSDT": 39553885.8541, "KMNOUSDT": 4929579.05157, "AIXBTUSDT": 89865760.60687, "AVAXUSDT": 248826571.785, "ICPUSDT": 31140551.485, "PEOPLEUSDT": 44752806.13289, "PENDLEUSDT": 37575617.5085, "SANDUSDT": 67278513.37453, "DEXEUSDT": 17082929.17582, "COMPUSDT": 17265962.90111, "AXLUSDT": 8512430.76172, "SWELLUSDT": 6216868.73634, "ETHUSDT": 8499351382.94312, "NEARUSDT": 119988618.363, "LAYERUSDT": 100486603.37716, "BTCUSDT": 14787603373.4395, "SAGAUSDT": 23259823.33295, "ADAUSDT": 530657017.5756, "NMRUSDT": 5594506.6794, "TOKENUSDT": 4472143.44397, "WAXPUSDT": 3720714.80323, "FILUSDT": 135490317.7108, "ACHUSDT": 12239698.870222, "GASUSDT": 6691414.0123, "BOMEUSDT": 56709307.565838, "AI16ZUSDT": 143986108.73024, "ETHFIUSDT": 60913621.48262, "XMRUSDT": 21742257.6147, "1000RATSUSDT": 18717673.41443, "QTUMUSDT": 10764371.3024, "ANKRUSDT": 5959516.38704, "ANIMEUSDT": 40570833.5955, "SCRUSDT": 12427564.9106, "BANDUSDT": 5211972.39643, "ARKUSDT": 8438012.8319, "KAITOUSDT": 492683549.21754, "RSRUSDT": 23688849.060149, "GLMUSDT": 10975118.77713, "USUALUSDT": 71023701.6689, "ALCHUSDT": 41606168.33203, "VIRTUALUSDT": 123265666.58513, "SNXUSDT": 17030520.0272, "QUICKUSDT": 2091945.82772, "RVNUSDT": 4694760.25329, "AGLDUSDT": 26180759.5077, "AEROUSDT": 9493098.11609, "DOGEUSDT": 1282316859.76117, "IPUSDT": 234779722.317094, "TRUMPUSDT": 870710912.56264, "IOUSDT": 43229243.14789, "STEEMUSDT": 7307793.61579, "EGLDUSDT": 13022150.2168, "CHRUSDT": 7029679.1312, "RENDERUSDT": 49294689.3954, "RLCUSDT": 5662528.26629, "BANANAUSDT": 11455344.7799, "GPSUSDT": 20489353.6366, "VELODROMEUSDT": 5615393.72583, "BALUSDT": 3468554.1145, "MBOXUSDT": 6114654.3089, "METISUSDT": 5077329.4822, "1000CHEEMSUSDT": 20860090.0953345, "1000SHIBUSDT": 164073694.657764, "TRBUSDT": 32477498.7233, "IMXUSDT": 14406853.5114, "ALPHAUSDT": 5670134.71983, "BSVUSDT": 4468444.78, "HOTUSDT": 8496902.993162, "ZROUSDT": 27119924.92584, "TNSRUSDT": 11340325.96627, "KASUSDT": 19672258.35508, "TRXUSDT": 129812108.96767, "HMSTRUSDT": 15470715.389013, "ALICEUSDT": 8123538.3426, "ZEREBROUSDT": 39092513.0358, "1INCHUSDT": 11501094.9229, "AIUSDT": 16782887.6681, "YGGUSDT": 8045844.4177, "C98USDT": 8741830.7832, "1000SATSUSDT": 57855636.8847824, "ACXUSDT": 5718729.7812, "BLURUSDT": 13610557.81785, "SSVUSDT": 16438515.04942, "INJUSDT": 75033355.9891, "MEWUSDT": 11733104.926669, "TONUSDT": 50935587.7925, "RUNEUSDT": 69457094.106, "BANUSDT": 59050976.2425, "ARUSDT": 34858365.0471, "RPLUSDT": 4094986.2007, "RONINUSDT": 6041759.82675, "API3USDT": 5823106.86119, "VVVUSDT": 28730451.8805, "MYROUSDT": 7834139.85515, "GUSDT": 5282850.25205, "AEVOUSDT": 13182440.18067, "JOEUSDT": 4283666.46301, "BTCDOMUSDT": 8794342.9595, "1000CATUSDT": 23894034.64713, "ZILUSDT": 10547458.56259, "VIDTUSDT": 6080563.22153, "SWARMSUSDT": 140133999.8003, "FXSUSDT": 5826735.43014, "VANRYUSDT": 10636669.22851, "1000WHYUSDT": 5633522.6055951, "STMXUSDT": 7510191.0462, "HIGHUSDT": 6115637.02731, "1000XECUSDT": 4629315.99269, "HIFIUSDT": 3925710.6155, "ACTUSDT": 135522294.5174, "IOTXUSDT": 7040725.03813, "ETHWUSDT": 4295326.1229, "ENJUSDT": 7919309.25562, "ZRXUSDT": 10598604.53117, "BIGTIMEUSDT": 16700293.02979, "ROSEUSDT": 11125095.20328, "BERAUSDT": 190601467.2849, "THEUSDT": 39830766.90685, "LPTUSDT": 13484574.4594, "SPXUSDT": 33943214.0071, "ETCUSDT": 93341248.8013, "ARBUSDT": 102993194.46571, "HEIUSDT": 15713934.33074, "GRTUSDT": 22871135.97555, "OMUSDT": 71658140.660998, "NKNUSDT": 3064897.42388, "ACEUSDT": 5695073.17984, "XRPUSDT": 2076669337.05105, "WUSDT": 20189772.498316, "USTCUSDT": 6525838.832408, "FETUSDT": 97228773.657, "WLDUSDT": 237888439.3446, "MKRUSDT": 36480973.7948, "MANTAUSDT": 13216032.23306, "ORCAUSDT": 6358037.3755, "SOLUSDT": 2827113414.112, "BBUSDT": 13012141.10884, "APEUSDT": 57199345.1754, "FLUXUSDT": 3463556.4357, "BEAMXUSDT": 12976385.723914, "ZETAUSDT": 6223833.1406, "DEGOUSDT": 3978415.34237, "FLMUSDT": 6816157.8561, "AXSUSDT": 22840916.14, "MANAUSDT": 22735344.1495, "LINKUSDT": 380456009.5284,