{"TAOUSDT": 134983447.63744, "DOGEUSDT": 673449896.67034, "MAVUSDT": 5972702.26914, "ORCAUSDT": 32957440.8544, "ASTRUSDT": 6681941.34494, "CTSIUSDT": 5648046.3999, "CFXUSDT": 30619905.37492, "INJUSDT": 90802481.9673, "HIPPOUSDT": 62550965.66983, "AEVOUSDT": 19668333.74136, "COMPUSDT": 8918148.36951, "XAIUSDT": 27231985.3806, "RAYSOLUSDT": 18153182.30227, "NULSUSDT": 4352098.9347, "PENDLEUSDT": 53832786.0585, "HBARUSDT": 19217346.40716, "CHRUSDT": 8026792.0072, "METISUSDT": 8679482.4399, "AMBUSDT": 5625853.092964, "ILVUSDT": 5970874.0953, "ZKUSDT": 29203710.92929, "WOOUSDT": 12382238.35882, "LUNA2USDT": 12699511.4979, "SSVUSDT": 12515992.88295, "RAREUSDT": 23977046.02099, "BONDUSDT": 5422196.2117, "IOSTUSDT": 4265096.280557, "FLMUSDT": 6258808.5565, "TRXUSDT": 56783389.6267, "OMGUSDT": 4801578.99307, "WIFUSDT": 577045587.65475, "FTMUSDT": 198864189.1787, "FILUSDT": 92451679.5711, "FLUXUSDT": 5104044.849, "FIOUSDT": 10458054.97453, "VIDTUSDT": 16421787.60626, "LTCUSDT": 92517121.93909, "NEOUSDT": 13023970.81054, "USTCUSDT": 11302896.36387, "HIFIUSDT": 7426224.2838, "ONEUSDT": 6678283.78686, "CELOUSDT": 28491973.8787, "LINKUSDT": 136173020.6355, "IDUSDT": 11837054.12314, "MOCAUSDT": 29066348.3437, "SFPUSDT": 3388138.753, "1INCHUSDT": 13574324.0449, "SOLUSDT": 2235550608.14, "PIXELUSDT": 23986421.90346, "DODOXUSDT": 5500351.904524, "RPLUSDT": 5544484.2916, "CATIUSDT": 74079355.9042, "OXTUSDT": 2636641.41875, "QTUMUSDT": 3880652.5828, "DYMUSDT": 22601458.45564, "DEGENUSDT": 40170000.498416, "BTCUSDT_250328": 18957503.7052, "RENDERUSDT": 43870457.2802, "GTCUSDT": 7414201.2974, "1000XUSDT": 25977567.32888, "LDOUSDT": 32752767.1703, "TWTUSDT": 7344804.14, "RLCUSDT": 4256052.40223, "FLOWUSDT": 9659310.154, "ARUSDT": 38768846.5713, "ARBUSDT": 83943954.67602, "STORJUSDT": 15664569.9781, "APEUSDT": 63468045.2006, "BICOUSDT": 4080724.3109, "BTCUSDT": 14702795800.1606, "VIRTUALUSDT": 84252652.78934, "BANUSDT": 103517210.2385, "XTZUSDT": 6752312.4259, "QUICKUSDT": 4938630.5062, "SXPUSDT": 17568616.88478, "FIDAUSDT": 25028773.08487, "TIAUSDT": 252061685.3336, "TUSDT": 4359758.04926, "APTUSDT": 205287876.15132, "VELODROMEUSDT": 101969605.77811, "TROYUSDT": 54515741.887671, "ZENUSDT": 6606800.4213, "STMXUSDT": 9046817.51749, "SNXUSDT": 11303452.4711, "BALUSDT": 3677652.5268, "UMAUSDT": 13026724.588, "NEARUSDT": 133525700.547, "OPUSDT": 82452633.89211, "MASKUSDT": 20189201.2363, "ENAUSDT": 197147762.2484, "TRUUSDT": 10263832.49924, "ALPHAUSDT": 4950881.02415, "1000CATUSDT": 39840874.01228, "XRPUSDT": 367209754.83751, "1MBABYDOGEUSDT": 91710974.4222436, "CAKEUSDT": 8897638.9316, "CKBUSDT": 22256765.847071, "POLUSDT": 33463682.2927, "RONINUSDT": 5856479.53222, "TNSRUSDT": 18302677.86113, "XEMUSDT": 3599088.2319, "ETHFIUSDT": 54145763.28604, "XLMUSDT": 18144881.40286, "LOOMUSDT": 6318820.10464, "MANAUSDT": 15124304.834, "JUPUSDT": 51895452.5164, "QNTUSDT": 5775301.431, "TRBUSDT": 45714363.8576, "SUIUSDT": 812893196.82442, "PONKEUSDT": 24029227.70178, "ZROUSDT": 51249076.45488, "ZRXUSDT": 7948008.87874, "BADGERUSDT": 3271310.9308, "ETHUSDT_250328": 8774080.59409, "DOGSUSDT": 140444433.8521373, "ETHUSDT": 6460692525.60421, "SWELLUSDT": 26117068.35234, "ETHWUSDT": 8227394.3143, "GUSDT": 5211054.01653, "EOSUSDT": 40985330.0121, "THETAUSDT": 19863682.34649, "BNBUSDT": 360940545.5334, "AEROUSDT": 19228938.40286, "ADAUSDT": 127831117.32, "XVGUSDT": 3427253.2306027, "RIFUSDT": 4378303.8176, "NMRUSDT": 4720650.138, "CHZUSDT": 28828015.57574, "ZILUSDT": 7355560.66534, "POPCATUSDT": 194456994.9374, "DEFIUSDT": 1027520.3933, "BBUSDT": 22770703.9379, "VANAUSDT": 373643037.16916, "ZECUSDT": 14993965.24833, "STEEMUSDT": 1882071.01952, "ARKMUSDT": 63952215.6238, "LISTAUSDT": 19366083.7667, "IOTAUSDT": 6779907.19407, "KASUSDT": 17150296.61227, "AVAXUSDT": 173723292.036, "ENJUSDT": 6050666.25794, "ROSEUSDT": 14629125.97076, "CHILLGUYUSDT": 118323855.5292, "SCRTUSDT": 13320052.3405, "COTIUSDT": 14121685.96481, "HMSTRUSDT": 53232246.54032, "MOVRUSDT": 5548032.98393, "1000SATSUSDT": 139716574.4515228, "GOATUSDT": 383088660.2219, "BLZUSDT": 7453962.09895, "PORTALUSDT": 13215194.67229, "GRTUSDT": 21142114.29787, "AERGOUSDT": 5902913.4975, "REEFUSDT": 32408455.58684, "KOMAUSDT": 37057519.11438, "OGNUSDT": 4673437.478, "SAFEUSDT": 14447228.6, "MINAUSDT": 16095456.0595, "XVSUSDT": 4554884.4388, "BATUSDT": 3526932.32952, "MEWUSDT": 86796824.362364, "POWRUSDT": 4958809.3916, "HOTUSDT": 6802029.940054, "YFIUSDT": 5585011.517, "OMUSDT": 33179468.48156, "IOUSDT": 62513548.4875, "JTOUSDT": 41881887.2991, "UXLINKUSDT": 39879976.4996, "1000PEPEUSDT": 953244226.9793777, "STRKUSDT": 41607217.949, "SEIUSDT": 135961258.0907, "GMTUSDT": 29943247.87453, "JASMYUSDT": 33094998.543441, "KAVAUSDT": 10816919.49041, "NEIROUSDT": 745099606.2708614, "ATOMUSDT": 51284178.62531, "STXUSDT": 67549511.2159, "ETHUSDT_241227": 12783167.26382, "1000CHEEMSUSDT": 23836426.4965306, "AXSUSDT": 19840537.8, "WAXPUSDT": 3003555.30385, "1000XECUSDT": 4539432.01799, "1000LUNCUSDT": 26010261.01926, "BLURUSDT": 28929755.21586, "MANTAUSDT": 19413554.39764, "HOOKUSDT": 7500999.45752, "BEAMXUSDT": 18411625.31112, "LINAUSDT": 10007134.30952, "1000WHYUSDT": 12655008.896206, "ICXUSDT": 3802165.6589, "SUSHIUSDT": 16061918.5207, "ACXUSDT": 65595308.82256, "BAKEUSDT": 13070559.5301, "RVNUSDT": 4815836.09037, "BOMEUSDT": 145928170.811038, "ORBSUSDT": 4769872.69954, "TLMUSDT": 5065272.31583, "ORDIUSDT": 224640130.0711, "PHBUSDT": 12351270.8428, "BNTUSDT": 2354206.07038, "SYNUSDT": 9284312.8372, "BELUSDT": 7566498.6735, "AUCTIONUSDT": 11367037.10579, "IOTXUSDT": 6383218.21478, "MEMEUSDT": 34872515.523521, "EIGENUSDT": 132734831.81669, "ALGOUSDT": 11992747.87751, "PERPUSDT": 4301725.58118, "PEOPLEUSDT": 140240904.90337, "HIGHUSDT": 9307563.76447, "BCHUSDT": 88089495.06087, "KNCUSDT": 4166682.927, "KDAUSDT": 6428869.6045, "ARKUSDT": 19799389.8114, "SUNUSDT": 21114908.408242, "AXLUSDT": 16860670.98597, "IMXUSDT": 21107412.4763, "GHSTUSDT": 5012131.45, "KAIAUSDT": 33451997.7009, "REZUSDT": 18089539.86123, "COWUSDT": 47940533.1133, "MBOXUSDT": 7748869.1359, "LPTUSDT": 12018135.5229, "ACTUSDT": 331912768.95858, "WUSDT": 35853127.70234, "CETUSUSDT": 41398153.49946, "DRIFTUSDT": 38777749.1287, "ONDOUSDT": 59811719.50945, "LQTYUSDT": 8728837.1976, "NKNUSDT": 3671085.96287, "EGLDUSDT": 8475607.1626, "RDNTUSDT": 18678142.1321, "ONGUSDT": 4945286.40863, "POLYXUSDT": 8992973.31195, "AAVEUSDT": 132130373.734, "BSVUSDT": 6971617.588, "ZETAUSDT": 33932205.5331, "CHESSUSDT": 6871523.8196, "ARPAUSDT": 9669983.17555, "BIGTIMEUSDT": 75887533.40126, "DARUSDT": 12756127.36631, "DYDXUSDT": 62231558.9972, "AGLDUSDT": 5547252.8722, "OMNIUSDT": 15546251.97597, "1000BONKUSDT": 121530589.360088, "HFTUSDT": 2792507.91236, "CRVUSDT": 69824914.2904, "JOEUSDT": 3502427.73795, "MOVEUSDT": 204524867.3022, "BTCDOMUSDT": 3244580.6393, "SLERFUSDT": 16435525.3066, "REIUSDT": 6702789.06665, "MAVIAUSDT": 9185746.64315, "PNUTUSDT": 831105873.51256, "USDCUSDT": 1031414.116188, "SCRUSDT": 48118503.8851, "ENSUSDT": 33072342.1395, "NEIROETHUSDT": 126890565.44851, "MYROUSDT": 25195249.99104, "GASUSDT": 10776156.0943, "SYSUSDT": 5651153.73509, "DASHUSDT": 3754079.70681, "KEYUSDT": 4852231.0185559, "DIAUSDT": 19560340.2929, "VANRYUSDT": 12377150.20596, "GALAUSDT": 73911372.44751, "API3USDT": 11473225.1013, "ANKRUSDT": 4710247.17069, "DEGOUSDT": 17666690.33575, "SKLUSDT": 5077311.53273, "SUPERUSDT": 25262447.197, "MTLUSDT": 5411975.8236, "GLMUSDT": 6248928.29288, "XMRUSDT": 12016168.15275, "DENTUSDT": 3789850.048504, "BANANAUSDT": 21714359.9174, "NTRNUSDT": 4117042.4361, "GRASSUSDT": 81445038.9898, "SAGAUSDT": 109212841.24536, "1000RATSUSDT": 58210747.04639, "ALICEUSDT": 8851911.4658, "KSMUSDT": 6400593.8254, "ATAUSDT": 4687885.3352, "C98USDT": 5971253.5863, "LOKAUSDT": 3854811.531, "ALPACAUSDT": 10412933.87175, "SPXUSDT": 23476184.6569, "1000FLOKIUSDT": 110181783.7718, "DUSKUSDT": 6688119.16116, "NOTUSDT": 111610834.317898, "TONUSDT": 91160432.38112, "BANDUSDT": 4383197.51415,