{"SNXUSDT": 10597167.0707, "BALUSDT": 3379959.3911, "HIFIUSDT": 5907787.7333, "MEWUSDT": 78896179.207292, "MOODENGUSDT": 410721358.57861, "XEMUSDT": 4483521.1258, "VETUSDT": 9916600.261927, "STEEMUSDT": 1689146.08608, "BBUSDT": 22770703.9379, "AERGOUSDT": 5130688.7375, "BAKEUSDT": 12626570.2774, "NMRUSDT": 4647389.6788, "BANUSDT": 122081681.2507, "ADAUSDT": 120874400.2442, "OMUSDT": 27717809.320979, "BTCUSDT_250328": 17657839.1784, "LRCUSDT": 4774827.95109, "VOXELUSDT": 6490121.4069, "BATUSDT": 3431137.22857, "MINAUSDT": 14080187.5369, "ARUSDT": 32786461.5756, "RVNUSDT": 4262534.20304, "MANAUSDT": 13704518.9537, "XLMUSDT": 16129269.13805, "1000CHEEMSUSDT": 14849372.698049, "XAIUSDT": 21920473.6676, "BIGTIMEUSDT": 73598684.68347, "RSRUSDT": 11841579.75151, "BADGERUSDT": 2968777.2809, "ARKMUSDT": 45904613.1629, "ARBUSDT": 70626501.43056, "JASMYUSDT": 31792570.241067, "CTSIUSDT": 4849533.1141, "ASTRUSDT": 6378894.856518, "GALAUSDT": 65704454.23607, "REZUSDT": 18089539.86123, "AEVOUSDT": 19011565.76194, "VIDTUSDT": 18433898.8245, "FLOWUSDT": 9508704.4933, "NEARUSDT": 121472448.875, "SEIUSDT": 109581911.1395, "ACHUSDT": 6954012.095513, "AAVEUSDT": 124032162.55, "IOTXUSDT": 5426430.8804, "ZKUSDT": 27374537.49768, "RPLUSDT": 5029106.3, "BLZUSDT": 5171462.61287, "1000XUSDT": 27076329.16402, "GMTUSDT": 25977917.71617, "C98USDT": 5666841.1814, "HBARUSDT": 15066127.16455, "ZRXUSDT": 5948381.74411, "INJUSDT": 85595733.2586, "PENDLEUSDT": 52767088.3505, "CELOUSDT": 23433185.724, "ROSEUSDT": 13111771.532, "NEIROUSDT": 773503518.6876149, "BLURUSDT": 26209369.3973, "ALPHAUSDT": 4006200.0567, "XRPUSDT": 297492932.21316, "FLUXUSDT": 5039891.476, "LTCUSDT": 90463214.98777, "TROYUSDT": 52316361.236472, "HIPPOUSDT": 64722235.13403, "BTCDOMUSDT": 2710633.5165, "GUSDT": 4800598.46261, "KNCUSDT": 3637119.6816, "CHILLGUYUSDT": 127128067.3819, "ENAUSDT": 157035388.6673, "GRTUSDT": 19332691.31699, "PYTHUSDT": 16612643.8613, "CELRUSDT": 3953754.50474, "SFPUSDT": 3378957.1698, "ZECUSDT": 14238842.99885, "MAGICUSDT": 5949281.19411, "RAREUSDT": 26189454.2971, "ORBSUSDT": 4712914.15086, "UNIUSDT": 71585016.815, "COWUSDT": 44337435.7071, "GRASSUSDT": 84331142.19656, "CFXUSDT": 26092284.27077, "MYROUSDT": 21678757.99094, "SUPERUSDT": 24041805.6805, "BRETTUSDT": 13396037.7029, "TRUUSDT": 8351238.53555, "EIGENUSDT": 126542440.4926, "TRXUSDT": 56783389.6267, "LSKUSDT": 2255018.9297, "MAVIAUSDT": 8218580.10187, "JUPUSDT": 40134653.8316, "DARUSDT": 12515896.76536, "POWRUSDT": 3845882.4127, "HOOKUSDT": 6923408.89755, "ATOMUSDT": 46000503.12057, "1MBABYDOGEUSDT": 88156731.0058944, "NEOUSDT": 12133844.97096, "DOGEUSDT": 377045443.88554, "ONTUSDT": 4778621.72009, "ALTUSDT": 22307763.45053, "ETHUSDT": 5872949301.92433, "PEOPLEUSDT": 147896445.76975, "AUCTIONUSDT": 9636331.39645, "STMXUSDT": 9663827.7948, "QNTUSDT": 5374916.11, "ETHUSDT_250328": 7642947.99962, "FIOUSDT": 9963621.99169, "EOSUSDT": 38063239.2865, "ATAUSDT": 4210910.5625, "LPTUSDT": 10698223.2278, "TLMUSDT": 4884385.447577, "USTCUSDT": 9892573.37295, "TIAUSDT": 213287850.8348, "DRIFTUSDT": 50418913.0216, "ONEUSDT": 5734634.64073, "SAGAUSDT": 115627471.00927, "NKNUSDT": 3140635.70137, "STORJUSDT": 12813175.1976, "DOTUSDT": 72039452.1283, "HFTUSDT": 2352499.25429, "GLMUSDT": 5104807.83244, "BANANAUSDT": 21923075.4779, "CHESSUSDT": 6831526.1361, "ETCUSDT": 46597503.9646, "ANKRUSDT": 4371177.23932, "REEFUSDT": 42390842.624474, "CHRUSDT": 8107467.5575, "DASHUSDT": 3647298.02878, "TONUSDT": 98655594.98329, "BTCUSDT": 14354067671.9537, "ICPUSDT": 28141581.756, "SUIUSDT": 693635365.61314, "TAOUSDT": 112883965.59827, "SYNUSDT": 8930609.5916, "IDUSDT": 7161955.13314, "CAKEUSDT": 7902096.3365, "DODOXUSDT": 3868967.955675, "POPCATUSDT": 192147237.7387, "COMBOUSDT": 2590352.0608, "POLYXUSDT": 7147425.22206, "TNSRUSDT": 14824311.24953, "LEVERUSDT": 7188136.178938, "ENJUSDT": 5539333.67491, "KEYUSDT": 5937844.3987728, "USDCUSDT": 910921.698104, "COSUSDT": 4900074.549024, "HMSTRUSDT": 62522162.318118, "ALPACAUSDT": 11069662.44337, "DEGENUSDT": 41410525.476496, "REIUSDT": 5697003.93732, "DYMUSDT": 19799622.16124, "CYBERUSDT": 7216359.1418, "SOLUSDT": 2161046261.375, "ZROUSDT": 51339832.49496, "1000BONKUSDT": 95826895.134306, "PHBUSDT": 10673236.4011, "LQTYUSDT": 8365766.96924, "ARPAUSDT": 8444532.18482, "BANDUSDT": 4147167.14963, "KSMUSDT": 5569287.997, "1000CATUSDT": 44968500.57869, "LDOUSDT": 30584975.6082, "QUICKUSDT": 4360612.04801, "1000WHYUSDT": 13382661.0421683, "ACTUSDT": 342572732.61877, "LINAUSDT": 10007134.30952, "MANTAUSDT": 17032914.87997, "1000LUNCUSDT": 20428345.10074, "RLCUSDT": 3607747.21716, "ETHFIUSDT": 43995536.46896, "FETUSDT": 154519594.455, "GMXUSDT": 6053315.98631, "FIDAUSDT": 25975190.8308, "BSWUSDT": 3843618.85468, "SPELLUSDT": 5221479.8791844, "OMNIUSDT": 13181127.65012, "HOTUSDT": 6536694.219739, "THEUSDT": 348614106.51788, "YFIUSDT": 5155840.357, "DENTUSDT": 3348995.081037, "IMXUSDT": 20529269.6758, "IOUSDT": 60723894.561, "FXSUSDT": 3524644.00185, "DIAUSDT": 25285513.5907, "YGGUSDT": 16381959.109, "XMRUSDT": 11978058.84109, "BOMEUSDT": 121641685.871773, "IOTAUSDT": 5915608.03651, "ONGUSDT": 3233991.06428, "ETHWUSDT": 5791109.1025, "KASUSDT": 16045918.25464, "XTZUSDT": 6460777.5311, "METISUSDT": 6357776.9343, "SKLUSDT": 4078167.02275, "ALICEUSDT": 8007554.4082, "WUSDT": 29907285.00342, "MOVRUSDT": 5014551.7512, "DUSKUSDT": 6688119.16116, "ZILUSDT": 6296671.93461, "LITUSDT": 5377918.5073, "SYSUSDT": 5681330.96752, "CRVUSDT": 68405620.0859, "ORDIUSDT": 226175220.855, "CHZUSDT": 21542832.20019, "ALGOUSDT": 10986628.12811, "LOOMUSDT": 5422477.49644, "DOGSUSDT": 161669449.3769017, "API3USDT": 9214012.05259, "BNXUSDT": 23143014.70201, "OPUSDT": 77435034.78002, "BTCUSDT_241227": 22585485.0748, "ENSUSDT": 27882112.4222, "POLUSDT": 32010644.0548, "NTRNUSDT": 3140154.5226, "STXUSDT": 59443453.0072, "BNTUSDT": 2190243.86633, "SUSHIUSDT": 13744513.7181, "CATIUSDT": 81810317.1829, "MASKUSDT": 17125675.6561, "SAFEUSDT": 17079291.5831, "1000000MOGUSDT": 33786769.49747, "NULSUSDT": 4352098.9347, "GOATUSDT": 383088660.2219, "1000XECUSDT": 3568022.81552, "NEIROETHUSDT": 151269454.58846, "LISTAUSDT": 18066532.1476, "RUNEUSDT": 56244192.56, "AGLDUSDT": 4732422.9171, "SCRUSDT": 46647998.7608, "SANTOSUSDT": 18890941.0347, "RONINUSDT": 4764690.09838, "AMBUSDT": 5499738.682195, "PONKEUSDT": 32037240.97271, "SANDUSDT": 23135941.3145, "SSVUSDT": 11401715.18365, "AKTUSDT": 19684598.6256, "LINKUSDT": 121060104.92834, "BICOUSDT": 3455431.5475, "EGLDUSDT": 7801587.3254, "DYDXUSDT": 53896366.8332, "TWTUSDT": 5343524.6651, "NOTUSDT": 115966794.027048, "NFPUSDT": 7575430.77547, "FLMUSDT": 6258808.5565, "OXTUSDT": 2444761.77483, "TOKENUSDT": 9184353.81652, "COMPUSDT": 8343808.51947, "PERPUSDT": 3691478.73288, "APEUSDT": 52393126.894, "BELUSDT": 7529309.0512, "UMAUSDT": 13266469.274, "ETHUSDT_241227": 11319911.49953, "CKBUSDT": 20113930.308348, "TUSDT": 4173401.06032, "WLDUSDT": 289158480.1218, "WAXPUSDT": 2559152.8622, "GHSTUSDT": 5012131.45, "RENUSDT": 4279623.24977, "STRKUSDT": 40484920.91267, "IOSTUSDT": 4041943.012145, "SUNUSDT": 23380337.384299, "LOKAUSDT": 3599251.8064, "AEROUSDT": 3531887.69624, "JOEUSDT": 3062739.6896, "OMGUSDT": 3548671.98373, "1000RATSUSDT": 58365551.75783, "PIXELUSDT": 21990321.6822, "JTOUSDT": 37297602.6591, "GTCUSDT": 6502693.7949, "MORPHOUSDT": 75094940.17006, "QTUMUSDT": 3704030.3511, "KAIAUSDT": 16237508.4577, "1000PEPEUSDT": 777883696.1077493, "BCHUSDT": 79280265.1563, "KAVAUSDT": 8820020.88722, "1000SATSUSDT": 161799291.9081796, "RDNTUSDT": 20511393.97722, "RIFUSDT": 3787267.14526, "WIFUSDT": 556637382.81436, "LUNA2USDT": 11120194.5837, "RENDERUSDT": 40626676.609, "FTMUSDT": 170853163.3002, "CETUSUSDT": 41398153.49946, "HIGHUSDT": 8933303.71749, "1000SHIBUSDT": 142186948.018618, "VANRYUSDT": 10570286.74747, "BEAMXUSDT": 15480798.540308, "AXSUSDT": 17403677.316, "WOOUSDT": 10033700.10341, "ARKUSDT": 17750623.2479, "ONDOUSDT": 49723066.39611, "SWELLUSDT": 29568930.56088, "AVAXUSDT": 167346552.018,