{"GHSTUSDT": 3390198.213, "KLAYUSDT": 4114464.41868, "OPUSDT": 73461705.87931, "TRBUSDT": 43571392.6648, "ZECUSDT": 14179591.65524, "APTUSDT": 94300433.6583, "SUNUSDT": 34597113.246741, "ALTUSDT": 22577601.75963, "1000PEPEUSDT": 677524362.2157319, "AUCTIONUSDT": 9517541.99622, "ALICEUSDT": 7580736.4473, "ONEUSDT": 4923121.14012, "SAFEUSDT": 37773209.6284, "XEMUSDT": 4922476.1896, "BELUSDT": 5342558.9688, "LUNA2USDT": 8206188.652, "IMXUSDT": 16507193.8577, "KEYUSDT": 4852231.0185559, "FTMUSDT": 131147972.2227, "1000BONKUSDT": 79515200.985029, "ILVUSDT": 4851754.2556, "HIFIUSDT": 5453644.3395, "RVNUSDT": 3768960.3632, "SKLUSDT": 4078167.02275, "REZUSDT": 20922933.8714, "CATIUSDT": 106294614.5043, "JTOUSDT": 35565235.1656, "TRUUSDT": 7399965.2637, "ARBUSDT": 63267586.63356, "KASUSDT": 15013157.12674, "LINAUSDT": 10007134.30952, "XAIUSDT": 20905485.094, "APEUSDT": 33165970.7045, "BICOUSDT": 3093441.6948, "ASTRUSDT": 5859152.26852, "TROYUSDT": 41490641.555862, "GMTUSDT": 21230526.99256, "STXUSDT": 53053922.0284, "ETCUSDT": 43316237.3936, "ZRXUSDT": 5540015.72944, "KDAUSDT": 5067135.8538, "INJUSDT": 80705063.3531, "MYROUSDT": 16231548.51102, "RDNTUSDT": 12836272.53463, "EGLDUSDT": 7185783.0405, "SNXUSDT": 9863273.9958, "TNSRUSDT": 13925513.78466, "EDUUSDT": 6886374.9124, "XLMUSDT": 16129269.13805, "ALPHAUSDT": 3579329.22485, "SFPUSDT": 3378957.1698, "UNFIUSDT": 8894488.5373, "EOSUSDT": 36595183.5764, "FILUSDT": 84356891.3427, "SCRUSDT": 38154138.215, "POPCATUSDT": 142968267.0155, "SYNUSDT": 9217412.7732, "MANTAUSDT": 16208291.37442, "1MBABYDOGEUSDT": 107959410.5581913, "COMBOUSDT": 2543482.44668, "MINAUSDT": 11070114.6732, "ETHWUSDT": 2243363.3125, "SUSHIUSDT": 11157894.2629, "SXPUSDT": 5340553.53861, "ZILUSDT": 5561972.5569, "STMXUSDT": 11393938.82606, "SSVUSDT": 10542294.9425, "YFIUSDT": 4752690.504, "ETHUSDT_250328": 6233911.27, "TUSDT": 4167927.53192, "BTCUSDT_241227": 17607618.386, "COMPUSDT": 7981179.26009, "DYMUSDT": 19459977.16706, "DUSKUSDT": 5653046.33798, "XMRUSDT": 10446731.58446, "ARUSDT": 29907197.7616, "ONTUSDT": 4603050.0036, "CAKEUSDT": 6553609.028, "BATUSDT": 3378595.60859, "UMAUSDT": 12024932.019, "1000XECUSDT": 3402509.11814, "BBUSDT": 25541089.7554, "PEOPLEUSDT": 135846241.23668, "SANTOSUSDT": 57716200.9275, "OXTUSDT": 2026422.72899, "VOXELUSDT": 6621444.8832, "1000CATUSDT": 64650695.406, "LDOUSDT": 30584975.6082, "SOLUSDT": 2072250884.037, "CHZUSDT": 12501499.06207, "BLZUSDT": 4793878.09828, "ONGUSDT": 3040708.53553, "ACHUSDT": 5807270.990499, "RIFUSDT": 4024785.11511, "FIOUSDT": 8753141.95093, "AXSUSDT": 16137392.546, "1000LUNCUSDT": 18884989.01276, "BRETTUSDT": 11317384.02442, "SPELLUSDT": 4479687.0441066, "PENDLEUSDT": 47234070.6809, "SUPERUSDT": 19774412.3603, "FXSUSDT": 3524644.00185, "GLMUSDT": 4764745.57353, "DASHUSDT": 3622019.89964, "KAVAUSDT": 6197935.03721, "REEFUSDT": 49649942.581508, "LTCUSDT": 85648058.76721, "LPTUSDT": 10228158.4869, "FETUSDT": 111588764.4509, "PIXELUSDT": 17658505.8138, "FLOWUSDT": 8710453.652, "OMUSDT": 23401226.826347, "ALGOUSDT": 9943727.04285, "KSMUSDT": 4992757.6981, "QTUMUSDT": 3661218.5188, "LISTAUSDT": 19665834.5704, "BCHUSDT": 78321790.31545, "ICXUSDT": 3044449.1457, "ZENUSDT": 6520762.5407, "WIFUSDT": 507243859.70153, "RENUSDT": 3980902.87644, "DYDXUSDT": 39210405.8429, "MANAUSDT": 13189809.53, "DOGSUSDT": 167287987.4520183, "BALUSDT": 3135968.6104, "RSRUSDT": 9750058.16042, "LSKUSDT": 2255018.9297, "SUIUSDT": 380056151.23173, "BANANAUSDT": 21714359.9174, "ATOMUSDT": 43182621.04268, "ETHFIUSDT": 44398259.8665, "CELOUSDT": 12448001.0907, "TLMUSDT": 4068515.946896, "VIDTUSDT": 28097889.00541, "ZETAUSDT": 21436172.9933, "MAGICUSDT": 5246923.81234, "MAVUSDT": 5141195.47522, "CHESSUSDT": 5643476.3344, "THETAUSDT": 15886956.67848, "JASMYUSDT": 32339098.975194, "NEIROETHUSDT": 173337429.4286, "ENJUSDT": 5208026.55528, "CRVUSDT": 72680842.1071, "SYSUSDT": 5664992.2547, "LITUSDT": 5003133.6829, "CHRUSDT": 7313960.589, "WOOUSDT": 6453738.24372, "MKRUSDT": 34223508.1207, "BTCDOMUSDT": 2281818.2452, "NEOUSDT": 11684562.34965, "API3USDT": 7937283.24225, "QNTUSDT": 4564970.105, "DARUSDT": 11363029.72259, "IDUSDT": 5577452.83509, "REIUSDT": 4669140.84705, "PYTHUSDT": 13874441.6898, "BTCUSDT": 13394677570.4442, "GASUSDT": 5451740.8808, "LINKUSDT": 110463264.55678, "COSUSDT": 3264089.822415, "VETUSDT": 8937087.754128, "HMSTRUSDT": 67019071.789232, "BADGERUSDT": 2725003.1705, "GALAUSDT": 59543048.131, "ENSUSDT": 27465954.8787, "DOTUSDT": 67310962.6234, "1000FLOKIUSDT": 94374592.04738, "ARPAUSDT": 5245129.44427, "BNBUSDT": 288307203.0388, "ORBSUSDT": 4047308.45184, "WUSDT": 16840365.77467, "MASKUSDT": 12638481.797, "QUICKUSDT": 3265786.18062, "USTCUSDT": 6996782.71021, "HFTUSDT": 2136058.36094, "AMBUSDT": 6075839.511721, "TURBOUSDT": 64239743.203197, "ONDOUSDT": 49723066.39611, "FLUXUSDT": 4637078.0658, "CKBUSDT": 13439341.395087, "1INCHUSDT": 9877262.2527, "FLMUSDT": 6023372.7697, "ARKUSDT": 4825208.0624, "ACEUSDT": 11710308.876394, "NEARUSDT": 107462673.812, "TOKENUSDT": 8668493.34659, "UXLINKUSDT": 39496142.4805, "NKNUSDT": 3073048.43416, "ETHUSDT_241227": 9988790.43506, "AXLUSDT": 7277855.33712, "BEAMXUSDT": 13829186.623742, "JUPUSDT": 34242799.2355, "OMNIUSDT": 12201660.55227, "CYBERUSDT": 6833095.9917, "BANDUSDT": 4154736.83386, "HIGHUSDT": 9307563.76447, "DOGEUSDT": 302130640.86198, "LOOMUSDT": 5173628.98617, "STRKUSDT": 35499650.52439, "ATAUSDT": 3783682.9298, "PHBUSDT": 7339976.2133, "BNTUSDT": 2032748.81993, "BSVUSDT": 5476350.827, "LEVERUSDT": 5662354.097705, "BNXUSDT": 28315013.52615, "IOUSDT": 68559448.1638, "TAOUSDT": 61567427.77288, "BAKEUSDT": 13239038.2428, "MEMEUSDT": 20064166.3307, "STORJUSDT": 13265418.104, "TRXUSDT": 53852381.99599, "RUNEUSDT": 46505389.607, "ZROUSDT": 60182049.94771, "HOOKUSDT": 6921736.06243, "HBARUSDT": 13247288.312, "NFPUSDT": 7575430.77547, "XRPUSDT": 287185085.21189, "MEWUSDT": 84351950.083057, "SEIUSDT": 67943455.1164, "NULSUSDT": 3820934.1465, "WAXPUSDT": 2530932.27154, "BONDUSDT": 6168684.2972, "YGGUSDT": 16179200.1791, "NTRNUSDT": 3016039.3821, "AGLDUSDT": 3508129.5135, "SAGAUSDT": 101630095.41532, "LQTYUSDT": 7158622.66102, "PORTALUSDT": 9990957.24642, "AAVEUSDT": 104653027.979, "METISUSDT": 4787899.3161, "IOTAUSDT": 5306643.25704, "RLCUSDT": 2933646.12156, "AIUSDT": 15142881.8061, "NOTUSDT": 134993736.477265, "BTCUSDT_250328": 12498055.6358, "PERPUSDT": 3191767.41175, "RPLUSDT": 3421658.7913, "AVAXUSDT": 156324301.443, "BLURUSDT": 20781950.9432, "NMRUSDT": 3799282.1951, "GMXUSDT": 5245901.47647, "1000SATSUSDT": 195456943.367653, "LOKAUSDT": 2647391.8354, "IOTXUSDT": 4780540.03736, "SANDUSDT": 21189777.1586, "MAVIAUSDT": 7876997.04551, "CELRUSDT": 3591923.32122, "EIGENUSDT": 126542440.4926, "XVGUSDT": 2611872.68051, "COTIUSDT": 9663920.16358, "STGUSDT": 4559952.5532, "ADAUSDT": 110582343.8458, "ARKMUSDT": 27037541.5702, "IOSTUSDT": 3698564.477697, "POWRUSDT": 3490943.2983, "ALPACAUSDT": 10286818.04906, "RAREUSDT": 33162140.7619, "POLUSDT": 24643611.7961, "CTSIUSDT": 3950187.2263, "POLYXUSDT": 7083674.54668, "BSWUSDT": 3076779.38291, "MTLUSDT": 4099633.6372, "JOEUSDT": 2804268.1254, "DENTUSDT": 3140682.445715, "DODOXUSDT": 2631062.929338, "KNCUSDT": 3344490.0625, "XVSUSDT": 3031816.3719, "RONINUSDT": 3981864.27189, "MOVRUSDT": 4323637.57127, "ICPUSDT": 25391962.974, "ANKRUSDT": 4112111.68462, "1000RATSUSDT": 58985863.24225, "XTZUSDT": 5715783.4271, "UNIUSDT": 59070425.511, "LRCUSDT": 4197135.80101, "ROSEUSDT": 10770011.34903, "MOODENGUSDT": 410721358.57861, "TONUSDT": 84132538.16277, "VANRYUSDT": 9336707.43269, "GUSDT": 4261952.80791, "CFXUSDT": 22193833.03394, "BOMEUSDT": 115273983.975852, "BIGTIMEUSDT": 28184553.1156, "AERGOUSDT": 4343042.6541, "TWTUSDT": 3341089.7487, "ORDIUSDT": 210111845.2081, "HOTUSDT": 4906185.609805, "OMGUSDT": 3130774.56239, "NEIROUSDT": 833968010.9464473, "GTCUSDT": 6541915.1787, "GOATUSDT": 344009282.9902, "RENDERUSDT": 33007717.0212, "FIDAUSDT": 20821753.0511, "TIAUSDT": 164634357.1855, "GRTUSDT": 17084834.08436,