{"FLUXUSDT": 5039891.476, "PIXELUSDT": 21990321.6822, "BANUSDT": 131178263.0244, "SCRUSDT": 44850405.2468, "SEIUSDT": 109010962.769, "QTUMUSDT": 3661218.5188, "OGNUSDT": 4673437.478, "ANKRUSDT": 4371177.23932, "GLMUSDT": 5104807.83244, "GMXUSDT": 6053315.98631, "UMAUSDT": 13026724.588, "RENUSDT": 4395173.78213, "REEFUSDT": 42390842.624474, "XMRUSDT": 12016168.15275, "HIGHUSDT": 8955984.33684, "1000LUNCUSDT": 21057421.63979, "USDCUSDT": 910921.698104, "FTMUSDT": 163087271.5909, "GMTUSDT": 25977917.71617, "PNUTUSDT": 1119377428.29552, "SANDUSDT": 23135941.3145, "MASKUSDT": 15329055.0762, "RUNEUSDT": 54127517.823, "JTOUSDT": 37297602.6591, "YFIUSDT": 5155840.357, "BONDUSDT": 5667005.4397, "OMNIUSDT": 13160271.95258, "AGLDUSDT": 4436204.7836, "LEVERUSDT": 7188136.178938, "OXTUSDT": 2326328.07912, "STEEMUSDT": 1678756.98023, "SKLUSDT": 4078167.02275, "NEOUSDT": 12093063.6097, "ROSEUSDT": 12827943.11772, "SPELLUSDT": 5221479.8791844, "API3USDT": 8829614.77349, "HOOKUSDT": 7069393.20989, "GTCUSDT": 6541915.1787, "CELRUSDT": 3944278.00604, "1000BONKUSDT": 93554242.842908, "BALUSDT": 3379263.5455, "SNXUSDT": 10369098.5591, "RONINUSDT": 4540539.8441, "STMXUSDT": 9663827.7948, "TAOUSDT": 102923231.96435, "BTCUSDT_241227": 21436680.6144, "MAGICUSDT": 5684371.20466, "IOTXUSDT": 5289737.44812, "METISUSDT": 6357776.9343, "NULSUSDT": 4352098.9347, "GUSDT": 4800598.46261, "MKRUSDT": 38361714.0014, "LUNA2USDT": 10774872.0926, "ONTUSDT": 4725858.81213, "BSWUSDT": 3787326.45918, "TOKENUSDT": 9191514.44576, "COMPUSDT": 8343808.51947, "DYDXUSDT": 51600567.8611, "JASMYUSDT": 31792570.241067, "REZUSDT": 18089539.86123, "DARUSDT": 12664105.80186, "ALGOUSDT": 10968112.8999, "BTCUSDT": 13998969371.3328, "TNSRUSDT": 14824311.24953, "LSKUSDT": 2229775.9304, "XVGUSDT": 2873329.2752, "RENDERUSDT": 40626676.609, "PONKEUSDT": 32037240.97271, "WUSDT": 25622195.87747, "IDUSDT": 7161955.13314, "MAVIAUSDT": 7736045.37749, "SAGAUSDT": 109212841.24536, "SYNUSDT": 8945542.9705, "BIGTIMEUSDT": 62256275.52193, "XVSUSDT": 3122907.4997, "JOEUSDT": 3062739.6896, "CATIUSDT": 83427766.5271, "TRXUSDT": 56783389.6267, "MOVRUSDT": 5014551.7512, "GRTUSDT": 19332691.31699, "OMUSDT": 24456880.279673, "ICPUSDT": 28141581.756, "XEMUSDT": 4483521.1258, "POWRUSDT": 3721471.1145, "EOSUSDT": 38063239.2865, "STRKUSDT": 39475294.73643, "LISTAUSDT": 18790296.8567, "STORJUSDT": 12813175.1976, "SOLUSDT": 2161046261.375, "VETUSDT": 9765151.391837, "COTIUSDT": 11873431.25332, "LITUSDT": 5497729.0073, "BSVUSDT": 5982729.975, "BLZUSDT": 5074361.90102, "AEVOUSDT": 19011565.76194, "INJUSDT": 83204851.1824, "NFPUSDT": 7575430.77547, "ARKUSDT": 16225674.0803, "BATUSDT": 3431137.22857, "BBUSDT": 22992023.1442, "PORTALUSDT": 10979576.38298, "ZENUSDT": 6502044.5115, "1000FLOKIUSDT": 106553058.11367, "1000XECUSDT": 3568022.81552, "DOTUSDT": 72039452.1283, "LRCUSDT": 4723323.99275, "ZILUSDT": 6296671.93461, "KEYUSDT": 6072333.99251, "POPCATUSDT": 181828817.5685, "MAVUSDT": 5690327.53903, "MEMEUSDT": 23585254.225025, "NEIROETHUSDT": 159201613.5788, "CRVUSDT": 68405620.0859, "CHZUSDT": 17728467.04715, "PYTHUSDT": 16524724.1624, "AVAXUSDT": 167652357.105, "BANANAUSDT": 22036084.0564, "WOOUSDT": 9364372.57972, "RSRUSDT": 11841579.75151, "CELOUSDT": 18964854.1502, "1000PEPEUSDT": 794404333.2654705, "DYMUSDT": 19820162.84787, "NTRNUSDT": 3178490.5613, "NOTUSDT": 116212996.703442, "ALPACAUSDT": 11111204.44988, "EGLDUSDT": 7801587.3254, "CAKEUSDT": 7902096.3365, "SWELLUSDT": 34613518.37553, "BRETTUSDT": 13184561.33174, "FIDAUSDT": 24706896.1923, "SLERFUSDT": 17127626.0978, "IOUSDT": 62413093.4345, "SFPUSDT": 3378957.1698, "ICXUSDT": 3213251.4878, "ATOMUSDT": 46000503.12057, "HIPPOUSDT": 60777038.4419, "ARUSDT": 32269719.3823, "TLMUSDT": 4949788.836569, "RPLUSDT": 5029106.3, "AAVEUSDT": 123582195.173, "APEUSDT": 46916686.29, "ETHUSDT_241227": 11247696.9545, "LINAUSDT": 10116418.51396, "FLMUSDT": 6351209.9305, "LDOUSDT": 30584975.6082, "LINKUSDT": 121060104.92834, "BEAMXUSDT": 15166571.981751, "1000CHEEMSUSDT": 14127044.2095662, "UNFIUSDT": 3985034.3315, "RLCUSDT": 3486475.37573, "SXPUSDT": 9143658.04686, "GALAUSDT": 64808744.46875, "ETHUSDT_250328": 7465209.36962, "SUIUSDT": 631889529.60914, "ZKUSDT": 27374537.49768, "KDAUSDT": 5961254.6318, "EIGENUSDT": 121426585.44903, "POLUSDT": 31718594.0564, "1000RATSUSDT": 58553753.27284, "RVNUSDT": 4262534.20304, "ONDOUSDT": 49723066.39611, "BNTUSDT": 2164171.5085, "LOOMUSDT": 5222915.18427, "ACEUSDT": 11210264.350742, "ALTUSDT": 23281130.93089, "ZRXUSDT": 5879853.94158, "NMRUSDT": 4647389.6788, "TWTUSDT": 4450442.7694, "HMSTRUSDT": 61263162.218704, "DASHUSDT": 3647298.02878, "ONGUSDT": 3105861.97869, "PHBUSDT": 11087746.1602, "BANDUSDT": 4154736.83386, "ETHUSDT": 5708121980.45667, "DODOXUSDT": 3811133.182467, "DEFIUSDT": 985077.2613, "ZECUSDT": 14238842.99885, "KSMUSDT": 5569287.997, "1000SHIBUSDT": 142045686.574164, "SCRTUSDT": 58677897.9076, "ADAUSDT": 119944529.3745, "JUPUSDT": 40134653.8316, "1000CATUSDT": 55469619.11436, "QNTUSDT": 5212996.545, "PENDLEUSDT": 52767088.3505, "ACHUSDT": 6851992.859834, "OMGUSDT": 3255822.24861, "TUSDT": 4173401.06032, "GASUSDT": 6063112.061, "UXLINKUSDT": 39879976.4996, "THETAUSDT": 16307943.40987, "WIFUSDT": 556637382.81436, "XLMUSDT": 16129269.13805, "POLYXUSDT": 7147425.22206, "TROYUSDT": 50219435.984757, "LPTUSDT": 10698223.2278, "RDNTUSDT": 18487938.34644, "DENTUSDT": 3348995.081037, "NKNUSDT": 3229800.74501, "PERPUSDT": 3534435.60312, "COMBOUSDT": 2590352.0608, "FLOWUSDT": 9451114.1124, "AERGOUSDT": 5066111.1178, "1000SATSUSDT": 162070647.9449098, "THEUSDT": 355245393.31553, "FETUSDT": 154519594.455, "IOSTUSDT": 4041943.012145, "REIUSDT": 5697003.93732, "APTUSDT": 166034611.21595, "BTCDOMUSDT": 2735694.5679, "FIOUSDT": 9212560.35908, "ETHFIUSDT": 44085025.24942, "CHILLGUYUSDT": 76139071.4444, "BNBUSDT": 323611826.144, "AXSUSDT": 17047634.144, "1000000MOGUSDT": 30245652.83701, "MOODENGUSDT": 400933287.05522, "KAVAUSDT": 8443451.07684, "COSUSDT": 4671418.656052, "GHSTUSDT": 4508436.552, "GOATUSDT": 406039695.2633, "ZROUSDT": 51339832.49496, "ENJUSDT": 5466685.4511, "SSVUSDT": 11401715.18365, "MTLUSDT": 4377281.562, "TIAUSDT": 194078625.682, "SUPERUSDT": 23600812.5705, "ENAUSDT": 150374906.6259, "XTZUSDT": 6432640.357, "CHRUSDT": 8107467.5575, "ACTUSDT": 356053961.54053, "KASUSDT": 16045918.25464, "C98USDT": 5666841.1814, "ETHWUSDT": 3732053.7899, "MBOXUSDT": 7748869.1359, "CTSIUSDT": 4929785.3834, "CHESSUSDT": 6698449.7943, "BCHUSDT": 79280265.1563, "TRBUSDT": 45714363.8576, "SANTOSUSDT": 17734204.2194, "ATAUSDT": 4223825.8364, "HIFIUSDT": 5906700.1116, "DUSKUSDT": 6688119.16116, "AUCTIONUSDT": 9636331.39645, "MANAUSDT": 13704518.9537, "MEWUSDT": 78896179.207292, "BTCUSDT_250328": 17487902.5639, "DOGEUSDT": 347673045.78876, "XRPUSDT": 297492932.21316, "FILUSDT": 87785080.4806, "STXUSDT": 58340486.0563, "IMXUSDT": 20272698.2259, "LOKAUSDT": 3599251.8064, "DRIFTUSDT": 52174015.6684, "ARKMUSDT": 43964432.8948, "AMBUSDT": 5570503.446766, "PEOPLEUSDT": 147896445.76975, "SUNUSDT": 24097982.327558, "AIUSDT": 14966313.64489, "TONUSDT": 99939650.90715, "VOXELUSDT": 6621444.8832, "YGGUSDT": 16525301.8349, "DEGENUSDT": 41410525.476496, "ONEUSDT": 5634202.90055, "CFXUSDT": 23836656.29846, "OPUSDT": 75615732.51572, "MANTAUSDT": 17032914.87997, "XAIUSDT": 22210054.661, "ALPHAUSDT": 4006200.0567, "MYROUSDT": 20235743.21001, "BADGERUSDT": 2968777.2809, "COWUSDT": 50382322.7437, "IOTAUSDT": 5881314.08357, "ARPAUSDT": 8640925.08463, "CKBUSDT": 18253964.92176, "USTCUSDT": 9817921.83837, "HBARUSDT": 15066127.16455, "WLDUSDT": 279187845.5663, "HFTUSDT": 2347737.35169, "BNXUSDT": 23143014.70201, "ILVUSDT": 5141143.721, "NEARUSDT": 121472448.875, "CYBERUSDT": 7592063.2952, "WAXPUSDT": 2530932.27154, "SUSHIUSDT": 13373029.0051, "ORBSUSDT": 4712914.15086, "SAFEUSDT": 15180487.9246, "TURBOUSDT": 95565255.2584047, "SYSUSDT": 5883824.0871, "1INCHUSDT": 11930795.1012, "1000WHYUSDT": 12951397.7527812, "BELUSDT": 7532425.7659, "NEIROUSDT": 777469583.9095976,