{"FETUSDT": 64454195.4483, "ACTUSDT": 19905309.70685, "ARCUSDT": 32293742.90637, "GASUSDT": 4424913.4815, "ONEUSDT": 5080145.2337, "RSRUSDT": 10047001.179862, "CGPTUSDT": 3762543.3272, "ARKMUSDT": 20193464.0887, "XTZUSDT": 9570034.7886, "AXSUSDT": 11239745.577, "APTUSDT": 59004641.41091, "BEAMXUSDT": 7050424.101278, "ZETAUSDT": 6147062.4174, "THEUSDT": 7145181.01602, "XVGUSDT": 3385795.8807347, "MEMEFIUSDT": 6030931.897046, "HYPEUSDT": 172513518.08056, "EPTUSDT": 6999238.844413, "MEUSDT": 9029352.2227, "WLDUSDT": 109135797.1368, "TRXUSDT": 90571945.04876, "AIUSDT": 5150857.82841, "FXSUSDT": 4754423.25577, "MKRUSDT": 34572035.1624, "1000SATSUSDT": 20554598.4061838, "CHESSUSDT": 2805956.27925, "CTSIUSDT": 2310981.3224, "LTCUSDT": 165636964.02149, "DOGSUSDT": 14547588.3156473, "XCNUSDT": 6169270.92999, "MUBARAKUSDT": 57097513.86001, "SXPUSDT": 4675375.271, "SPXUSDT": 25956885.8199, "BRUSDT": 3640854.6133, "INITUSDT": 65931968.9614, "HYPERUSDT": 11675868.1836, "SKYAIUSDT": 6758819.94084, "GPSUSDT": 5688752.87253, "DOTUSDT": 106175793.6863, "ETHFIUSDT": 23579151.48927, "AWEUSDT": 4030168.544168, "CELOUSDT": 6212910.7374, "DFUSDT": 2636606.59471, "CVCUSDT": 4433514.88134, "NFPUSDT": 3743239.8019, "RUNEUSDT": 17792171.019, "XMRUSDT": 13246174.34427, "CAKEUSDT": 29634535.5153, "BATUSDT": 4086182.34222, "C98USDT": 4565739.6539, "SOPHUSDT": 66029849.851807, "DYMUSDT": 4944122.7617, "ALPHAUSDT": 3614113.59932, "AAVEUSDT": 158160415.5, "NEARUSDT": 94957089.402, "1000FLOKIUSDT": 25645704.91946, "VOXELUSDT": 5837995.46273, "SUSHIUSDT": 12010112.8239, "ALTUSDT": 5577115.96926, "RESOLVUSDT": 130332531.75389, "BIDUSDT": 2945813.31254, "1000WHYUSDT": 2131461.8861411, "XLMUSDT": 53081678.84283, "BOMEUSDT": 25439145.67699, "MAVUSDT": 2494880.48576, "CTKUSDT": 1627537.3838, "GLMUSDT": 4123118.01801, "B2USDT": 6683988.0464, "ZRXUSDT": 5361163.81254, "SEIUSDT": 33091944.0062, "ALGOUSDT": 29116976.98475, "TRUUSDT": 2821281.04269, "FLOWUSDT": 8171292.9702, "JASMYUSDT": 13921823.547333, "DENTUSDT": 2572057.679997, "ZILUSDT": 5906599.68058, "SYNUSDT": 2609774.9941, "XRPUSDT": 1202992862.9387, "MOCAUSDT": 3366142.4847, "GRTUSDT": 12315556.43254, "LAYERUSDT": 69074354.5536, "BIGTIMEUSDT": 8863049.37003, "AUSDT": 12613835.21135, "NXPCUSDT": 118604872.26109, "JELLYJELLYUSDT": 13169148.34832, "MASKUSDT": 13999266.7661, "RLCUSDT": 2376050.69311, "PAXGUSDT": 27549810.13736, "EPICUSDT": 3307820.70907, "SUPERUSDT": 7136076.6589, "EDUUSDT": 4905799.7305, "BLURUSDT": 6697570.47536, "BDXNUSDT": 13628985.21688, "MYROUSDT": 3950381.96135, "MINAUSDT": 5589237.7812, "TAIKOUSDT": 5097075.1376, "SHELLUSDT": 10849789.5348, "BROCCOLIF3BUSDT": 13487568.302007, "NMRUSDT": 2785085.9671, "BMTUSDT": 19682760.53696, "BANANAS31USDT": 6854017.279254, "VVVUSDT": 5534237.50061, "ETCUSDT": 51578871.75537, "HOMEUSDT": 70368110.333786, "SUIUSDT": 631594799.28675, "BTCUSDT_250926": 13712717.78, "ORDIUSDT": 53073258.0752, "HOOKUSDT": 3154303.305, "TONUSDT": 52367890.82173, "PIXELUSDT": 6773749.00188, "1000000BOBUSDT": 49513586.11083, "LSKUSDT": 1792078.21, "AERGOUSDT": 13907599.49235, "WCTUSDT": 74476631.0907, "1000PEPEUSDT": 762260108.1549207, "HIFIUSDT": 5777306.0682, "BANANAUSDT": 10644373.9621, "POLUSDT": 19140079.52001, "AVAAIUSDT": 15558531.47677, "KAVAUSDT": 9390635.78199, "ATHUSDT": 6527440.32006, "MOODENGUSDT": 17872771.23444, "BIOUSDT": 12800230.7828, "1000XECUSDT": 2346984.11819, "JUPUSDT": 39375837.3577, "NKNUSDT": 2975792.13545, "MORPHOUSDT": 4272603.65618, "RAYSOLUSDT": 20607408.11319, "KDAUSDT": 3492017.1311, "NEOUSDT": 13930472.43948, "CELRUSDT": 2989230.5979, "JTOUSDT": 16372705.7274, "ZKUSDT": 10144644.86872, "HMSTRUSDT": 5995760.446954, "ATOMUSDT": 43298941.89094, "IOUSDT": 12732326.84602, "TAOUSDT": 97816895.83945, "XAIUSDT": 6720411.41934, "SOLVUSDT": 10190225.05181, "DOGEUSDT": 750609163.66539, "LINKUSDT": 210767334.0627, "WOOUSDT": 4074061.55586, "ZROUSDT": 23730319.4982, "BSVUSDT": 2853943.525, "CHRUSDT": 4036601.9655, "GMTUSDT": 14880512.07769, "JOEUSDT": 2426205.07588, "POLYXUSDT": 2798778.05598, "LQTYUSDT": 3933020.61848, "PENDLEUSDT": 34831742.3793, "REZUSDT": 13594670.31749, "USDCUSDT": 2852518.98113, "ACEUSDT": 3187801.302707, "IOTXUSDT": 4684969.19857, "RPLUSDT": 3551705.6602, "AI16ZUSDT": 53727392.37665, "BANDUSDT": 2692751.00022, "KERNELUSDT": 20260171.9662, "AUCTIONUSDT": 12970462.79319, "AXLUSDT": 4041425.96845, "ICPUSDT": 18716670.169, "TUTUSDT": 11509579.88149, "SWARMSUSDT": 15371084.33402, "SKATEUSDT": 46123635.67637, "FARTCOINUSDT": 420725115.59048, "GOATUSDT": 26019367.93899, "INJUSDT": 51324271.7186, "SPELLUSDT": 4760132.0743403, "BELUSDT": 4988231.258, "COMPUSDT": 10113201.53702, "GTCUSDT": 3133770.2295, "ONDOUSDT": 97568764.08284, "AIXBTUSDT": 40855653.20157, "KNCUSDT": 2535677.6649, "TRBUSDT": 14016502.1441, "PLUMEUSDT": 5216444.9595, "PEOPLEUSDT": 26892564.68598, "API3USDT": 10220406.51333, "UMAUSDT": 3789378.934, "MEMEUSDT": 13051661.289583, "LUMIAUSDT": 3602337.1307, "BTCUSDT": 14560229989.6632, "DASHUSDT": 3451211.12857, "AEROUSDT": 6126109.95014, "YGGUSDT": 4919873.4314, "VINEUSDT": 23636450.84578, "ALCHUSDT": 25581463.21826, "TIAUSDT": 80952067.2946, "IOSTUSDT": 3880180.42032, "ZECUSDT": 6354596.80148, "BTCDOMUSDT": 8463489.76, "BUSDT": 25021718.89895, "OBOLUSDT": 8095312.81771, "BNBUSDT": 285845661.4828, "HUMAUSDT": 81700113.281809, "COOKIEUSDT": 12082755.3336, "IDUSDT": 4837911.41456, "LISTAUSDT": 8097317.3051, "TUSDT": 3521602.86381, "MYXUSDT": 76599096.25993, "1000CATUSDT": 5628604.10134, "DOODUSDT": 7836809.4453399, "SXTUSDT": 16800933.59228, "HBARUSDT": 60245437.77644, "ANIMEUSDT": 16871386.59125, "BBUSDT": 5481431.35167, "VICUSDT": 1384130.4391, "VETUSDT": 15509203.704808, "KASUSDT": 12051777.0149, "ZEREBROUSDT": 19680479.3768, "OPUSDT": 69227038.3364, "UXLINKUSDT": 8962195.1259, "HIPPOUSDT": 6736767.259806, "PARTIUSDT": 24891313.3942, "ENAUSDT": 224030089.3447, "LDOUSDT": 45245685.6298, "MANAUSDT": 11953969.5327, "1000000MOGUSDT": 8398393.52373, "MTLUSDT": 2013429.0107, "STOUSDT": 9536489.03563, "SONICUSDT": 6249944.91398, "OGUSDT": 2721593.5802, "SWELLUSDT": 2527756.94737, "MELANIAUSDT": 15570020.616617, "ORCAUSDT": 11688174.5167, "HIGHUSDT": 3750582.01682, "DEGOUSDT": 3400294.32584, "OMNIUSDT": 5776769.03715, "SOONUSDT": 26468429.69277, "1000CHEEMSUSDT": 7304062.2287702, "SOLUSDT": 2670482399.895, "FIDAUSDT": 5336739.10132, "BTCUSDT_250627": 23795642.7183, "LAUSDT": 65378988.4693, "STORJUSDT": 4121758.6958, "ICXUSDT": 4244861.4594, "RONINUSDT": 2710802.37862, "ENJUSDT": 5974709.84991, "ADAUSDT": 381117870.17, "CFXUSDT": 8624825.34618, "QNTUSDT": 5499348.602, "CKBUSDT": 3743770.845987, "FLMUSDT": 9514348.245, "SANDUSDT": 25559068.72485, "PIPPINUSDT": 7181565.21876, "BANKUSDT": 6085334.46988, "TNSRUSDT": 3085984.0668, "IOTAUSDT": 8249707.76389, "AEVOUSDT": 6038394.84291, "DYDXUSDT": 21695677.9824, "CHILLGUYUSDT": 14636086.2061, "BAKEUSDT": 5462241.3901, "RVNUSDT": 3500654.31374, "QTUMUSDT": 4964876.9702, "PUNDIXUSDT": 7700476.0755, "GRIFFAINUSDT": 22114981.93714, "TURBOUSDT": 23604525.1659185, "PUMPUSDT": 3986407.32298, "BROCCOLI714USDT": 10475746.27579, "SUSDT": 46996765.4117, "VANAUSDT": 13811486.67008, "SIRENUSDT": 5211894.81838, "CHZUSDT": 9331240.1416, "PORT3USDT": 3909634.16015, "NEIROETHUSDT": 14091593.30701, "WUSDT": 14607558.961812, "MAGICUSDT": 7182495.02425, "ARBUSDT": 53006833.20027, "1INCHUSDT": 5841475.2222, "1000SHIBUSDT": 91343288.551286, "PYTHUSDT": 12001716.1401, "DRIFTUSDT": 3308901.7843, "ONTUSDT": 3441198.96355, "1000LUNCUSDT": 6341474.18681, "LPTUSDT": 7565109.9382, "FUSDT": 20879560.917393, "SQDUSDT": 13399014.5767, "WIFUSDT": 194615278.33359, "POPCATUSDT": 73345056.858, "ASRUSDT": 4506235.6238, "ETHUSDT_250627": 12847756.69306, "SPKUSDT": 238777568.73129, "NOTUSDT": 17728391.737274, "KAIAUSDT": 2946024.3428, "1000XUSDT": 3459452.8452, "LEVERUSDT": 3669115.5731079, "VANRYUSDT": 5960629.11027, "PHAUSDT": 4133340.48645, "ALICEUSDT": 5697956.4019, "VIRTUALUSDT": 58268544.78671, "GALAUSDT": 44902548.7961, "KAITOUSDT": 70587113.67353,