{"MASKUSDT": 18498949.6298, "BNXUSDT": 8441949.27659, "WLDUSDT": 218154179.9258, "1000WHYUSDT": 5257731.4865796, "THETAUSDT": 22916805.89626, "WIFUSDT": 353152816.39387, "VOXELUSDT": 4409823.3519, "PROMUSDT": 5271216.5316, "1000SATSUSDT": 51879418.472275, "DYMUSDT": 8626318.74723, "NULSUSDT": 2381839.7038, "SUSHIUSDT": 22430228.8341, "DFUSDT": 10637907.15079, "SWELLUSDT": 5276092.29507, "HOOKUSDT": 4549587.99074, "REZUSDT": 9174060.6442, "SNXUSDT": 16451445.6086, "RONINUSDT": 5759228.34369, "FLOWUSDT": 16142733.9942, "MOODENGUSDT": 43643696.46961, "TIAUSDT": 113911551.7874, "VELODROMEUSDT": 5615393.72583, "YGGUSDT": 6755174.2736, "AIUSDT": 15229033.12091, "TSTUSDT": 163000095.5283, "ANKRUSDT": 5053548.41747, "PHBUSDT": 6377130.0139, "PHAUSDT": 7438571.32391, "KASUSDT": 18693076.03192, "CETUSUSDT": 14666530.0927, "BTCUSDT": 14787603373.4395, "ENSUSDT": 50232736.2642, "AVAAIUSDT": 34917616.35504, "MANTAUSDT": 12701342.06429, "PORTALUSDT": 7209504.6549, "APTUSDT": 131438651.79512, "MORPHOUSDT": 25644864.27956, "DENTUSDT": 5143419.397906, "MELANIAUSDT": 44038766.45746, "AEVOUSDT": 12174428.14566, "BATUSDT": 8639311.69309, "REIUSDT": 2107200.28478, "USTCUSDT": 6148567.820523, "KDAUSDT": 6418954.1049, "PYTHUSDT": 18850665.9104, "CHZUSDT": 21445265.20532, "QUICKUSDT": 2062103.0871, "LSKUSDT": 3422117.0721, "BTCUSDT_250627": 17760108.6002, "BERAUSDT": 145788447.0437, "CHRUSDT": 6615555.3457, "SHELLUSDT": 71227923.5158, "MANAUSDT": 20265040.8937, "1000XUSDT": 4472404.12009, "JUPUSDT": 60451701.7683, "OMNIUSDT": 8927068.74911, "SANDUSDT": 59016086.73096, "ORCAUSDT": 6025289.6969, "STRKUSDT": 21412091.21139, "DEXEUSDT": 16136527.28436, "THEUSDT": 38665014.33849, "1000BONKUSDT": 86639350.42451, "MYROUSDT": 6888891.45691, "TNSRUSDT": 10538572.05451, "CELOUSDT": 10045042.3918, "WOOUSDT": 6086713.58351, "ALPACAUSDT": 4351789.6366, "FETUSDT": 87863128.4919, "GMTUSDT": 40570325.60597, "MOVEUSDT": 91979330.3269, "B3USDT": 17559709.07536, "NEIROETHUSDT": 17144402.40195, "SAFEUSDT": 4345685.778, "GMXUSDT": 7033775.74895, "INJUSDT": 69615087.6142, "PERPUSDT": 3246276.11899, "OGNUSDT": 5638330.6133, "IMXUSDT": 13185053.1701, "DEGOUSDT": 3991959.86197, "GOATUSDT": 50516836.3195, "EPICUSDT": 44168807.74062, "1000000MOGUSDT": 13820558.08383, "NTRNUSDT": 2716963.3672, "RUNEUSDT": 61426786.173, "JASMYUSDT": 31005498.120404, "HBARUSDT": 187054022.5763, "HIVEUSDT": 16110213.55903, "LPTUSDT": 12748211.1758, "YFIUSDT": 9144602.666, "ALGOUSDT": 66367867.65704, "CFXUSDT": 20982945.55278, "AVAXUSDT": 239620251.913, "SEIUSDT": 62759300.0497, "OMUSDT": 69637278.197907, "HFTUSDT": 3865521.11638, "ACXUSDT": 5610171.93514, "AGLDUSDT": 23344955.7546, "COWUSDT": 26783416.9814, "RSRUSDT": 20382944.269733, "BICOUSDT": 3436642.8654, "COMBOUSDT": 2771419.87572, "ENJUSDT": 7384846.85758, "ICXUSDT": 4982227.188, "XVGUSDT": 9565382.919893, "GRTUSDT": 21397086.20094, "EIGENUSDT": 84835556.93015, "CHESSUSDT": 4053267.2203, "GRIFFAINUSDT": 77157539.61839, "RLCUSDT": 5603560.58792, "FIOUSDT": 3739984.22624, "FARTCOINUSDT": 261093627.7396, "1INCHUSDT": 10742096.3654, "QTUMUSDT": 9895367.1132, "DYDXUSDT": 45770763.3032, "RDNTUSDT": 5826479.01436, "BTCDOMUSDT": 7917682.6791, "TAOUSDT": 119325250.57667, "STEEMUSDT": 5593920.49983, "IOTAUSDT": 22927486.54065, "BELUSDT": 7661554.8989, "BALUSDT": 3264169.2639, "AXLUSDT": 8035230.95754, "UMAUSDT": 5928296.042, "BMTUSDT": 105641597.9771, "KNCUSDT": 4315495.8872, "CTSIUSDT": 4621865.6828, "LAYERUSDT": 102025879.31446, "SFPUSDT": 3669915.8588, "MKRUSDT": 36225031.355, "CYBERUSDT": 5580778.2652, "DUSKUSDT": 4268825.0691, "ASTRUSDT": 5952543.330628, "1000RATSUSDT": 16892191.45097, "LQTYUSDT": 7519340.75471, "AIXBTUSDT": 83976308.84617, "ZRXUSDT": 8715984.98878, "GRASSUSDT": 24509594.04013, "BIOUSDT": 28780588.4794, "JOEUSDT": 4076916.24897, "BANUSDT": 38141244.7362, "NMRUSDT": 5291066.0333, "MOCAUSDT": 14354142.2839, "MEUSDT": 35233093.7744, "SPXUSDT": 33869952.1247, "BAKEUSDT": 10379246.3593, "FIDAUSDT": 9546734.08719, "SPELLUSDT": 10119052.3492497, "BOMEUSDT": 53622251.371131, "MEWUSDT": 10315027.292372, "HIPPOUSDT": 7736724.44056, "ZILUSDT": 9377475.32548, "ATAUSDT": 5958022.3644, "AKTUSDT": 3557299.0657, "BTCUSDT_250328": 31248471.197, "PEOPLEUSDT": 41841090.1605, "HIFIUSDT": 3780691.919, "GTCUSDT": 5216786.5288, "TRXUSDT": 124335542.73915, "KOMAUSDT": 9367079.5908, "MEMEUSDT": 23489581.129915, "1000CATUSDT": 21914313.4517, "KAVAUSDT": 12903480.80716, "WUSDT": 18154388.552741, "IPUSDT": 174144354.774095, "BIGTIMEUSDT": 13978790.50256, "ARKUSDT": 7854456.031, "1000LUNCUSDT": 15102545.20735, "SOLVUSDT": 54015018.337, "BNBUSDT": 468659968.2891, "1000SHIBUSDT": 84085968.732129, "ARCUSDT": 157264712.4913, "DOTUSDT": 141629185.7034, "AEROUSDT": 8434751.0121, "ROSEUSDT": 10648911.11171, "BANDUSDT": 4855396.42723, "COTIUSDT": 9530976.72352, "HMSTRUSDT": 15470715.389013, "VANRYUSDT": 10436990.22605, "RAYSOLUSDT": 20977670.52949, "XMRUSDT": 19942975.8074, "MUBARAKUSDT": 139564045.9189, "CGPTUSDT": 17869668.03804, "ACHUSDT": 12432902.860802, "1000XECUSDT": 4284443.12724, "MBOXUSDT": 5641329.3624, "SSVUSDT": 15075977.725, "AERGOUSDT": 7573110.1023, "PIPPINUSDT": 25212534.67963, "GPSUSDT": 24069120.9188, "KAITOUSDT": 298424909.55135, "ETCUSDT": 82672639.25978, "AXSUSDT": 19512733.669, "LTCUSDT": 312387292.08245, "STGUSDT": 7079032.7947, "SWARMSUSDT": 121774862.5029, "VIRTUALUSDT": 111527603.7417, "BRETTUSDT": 14999353.80758, "OPUSDT": 87201153.42239, "FXSUSDT": 5826735.43014, "1000FLOKIUSDT": 57562745.16605, "FLMUSDT": 6510747.0409, "ANIMEUSDT": 34749821.9599, "ALICEUSDT": 7731957.2902, "STORJUSDT": 8653755.1395, "DRIFTUSDT": 10192696.1407, "AAVEUSDT": 233573877.138, "ARBUSDT": 93077478.42558, "ARUSDT": 33400359.9223, "USUALUSDT": 61193548.8972, "KAIAUSDT": 6692385.8864, "MAGICUSDT": 7070399.41851, "AI16ZUSDT": 136821586.3204, "ONTUSDT": 7690321.44603, "ICPUSDT": 30191076.22, "XAIUSDT": 12295341.76636, "TRUUSDT": 6875485.92788, "BNTUSDT": 2880650.82591, "ETHUSDT_250328": 14953238.08778, "BADGERUSDT": 5407254.061, "LINAUSDT": 7270959.19595, "TRBUSDT": 30487825.5843, "UXLINKUSDT": 34907803.8536, "EGLDUSDT": 11639197.3772, "VTHOUSDT": 10871383.464594, "POPCATUSDT": 111620243.7583, "TRUMPUSDT": 755154646.77298, "ATOMUSDT": 55119700.24905, "ETHUSDT_250627": 7667737.01242, "NOTUSDT": 44357210.939594, "PENGUUSDT": 96527211.914051, "HEIUSDT": 15713934.33074, "BBUSDT": 11688965.41646, "VVVUSDT": 26966866.2187, "AUCTIONUSDT": 16927211.7188, "LEVERUSDT": 5076134.6094472, "POLYXUSDT": 6365585.80147, "LISTAUSDT": 9044772.2449, "XLMUSDT": 132144416.00847, "UNIUSDT": 99404730.838, "BCHUSDT": 92640030.64731, "CKBUSDT": 7645367.714327, "GLMUSDT": 10664391.67879, "SUSDT": 54020238.422, "XRPUSDT": 1972837757.71802, "VANAUSDT": 42255072.37623, "TUSDT": 3890042.03338, "AVAUSDT": 10107652.28598, "ZETAUSDT": 5697497.5321, "RIFUSDT": 3326966.35081, "SUNUSDT": 4346601.975837, "TWTUSDT": 5363910.1061, "ZECUSDT": 8164552.23168, "CELRUSDT": 5322723.1785, "CRVUSDT": 117092925.5475, "API3USDT": 5081348.43083, "REDUSDT": 183867060.5597, "ONDOUSDT": 213196074.55353, "CATIUSDT": 10292741.6827, "LUMIAUSDT": 10631232.92, "ALTUSDT": 11542170.06503, "LINKUSDT": 369191027.88352, "COOKIEUSDT": 28425311.4965, "JTOUSDT": 37743286.6312, "POLUSDT": 24387579.92836, "SAGAUSDT": 21616339.4135, "ARPAUSDT": 4739413.43688, "ORDIUSDT": 116563331.9937, "APEUSDT": 51988593.8681, "STMXUSDT": 3581650.44038, "ALCHUSDT": 43870978.14679, "NEARUSDT": 112600067.345, "SKLUSDT": 7249637.11737, "SCRTUSDT": 3338496.7794, "RPLUSDT": 3945336.4142, "LUNA2USDT": 12037755.7953, "VETUSDT": 33321015.647538, "PIXELUSDT": 10618458.28732, "SCRUSDT": 10938948.3153, "BSWUSDT": 3819779.65852, "1000CHEEMSUSDT": 20397446.9804214, "LDOUSDT": 87358306.9207, "LRCUSDT": 6635397.48566, "CAKEUSDT": 21384507.682, "STXUSDT": 30343646.2956, "HIGHUSDT": 5656563.12961, "SANTOSUSDT": 4040470.7175, "ACTUSDT": 105495304.9327, "MINAUSDT": 8756967.0673, "ILVUSDT": 5121150.9596, "XTZUSDT": 15400975.1525, "EOSUSDT": 66875643.3127, "POWRUSDT": 6009981.8607,