{"OPUSDT": 116985289.01688, "WIFUSDT": 480406973.8003, "DOGEUSDT": 2056002973.93879, "OMUSDT": 66732057.860243, "CHRUSDT": 9740238.2049, "TUSDT": 6266955.54, "LINKUSDT": 370853190.15251, "MELANIAUSDT": 142837530.19552, "LEVERUSDT": 7718992.3441262, "YGGUSDT": 10878394.7719, "TROYUSDT": 25492712.119459, "ZILUSDT": 13780201.55397, "PHBUSDT": 10017760.8893, "FLOWUSDT": 26663935.866, "EDUUSDT": 6817763.3429, "KOMAUSDT": 10030909.88565, "CELOUSDT": 16702684.6177, "DYMUSDT": 11568075.31592, "ONDOUSDT": 193649149.79887, "AXSUSDT": 31579243.062, "BCHUSDT": 125700708.9209, "STMXUSDT": 14088813.98272, "ALTUSDT": 18011591.88697, "RPLUSDT": 4921130.576, "ALPACAUSDT": 5340552.535, "GMXUSDT": 9302100.44824, "VTHOUSDT": 48473560.577928, "REIUSDT": 3439260.3136, "GRIFFAINUSDT": 109759955.1522, "FLMUSDT": 8527161.1906, "GHSTUSDT": 2916123.2467, "SKLUSDT": 8723149.75061, "AUCTIONUSDT": 13923015.49248, "AMBUSDT": 4914315.335502, "POLYXUSDT": 12119739.06395, "AIUSDT": 21277136.18656, "NEIROUSDT": 293430833.1712028, "CETUSUSDT": 25546203.58132, "BAKEUSDT": 11903357.0084, "PERPUSDT": 5044043.64242, "POLUSDT": 35119030.00539, "ONEUSDT": 17750740.40302, "REZUSDT": 10432247.15161, "ATOMUSDT": 67066306.68069, "IOTAUSDT": 33490659.29395, "REEFUSDT": 7747536.801257, "BTCUSDT_250627": 17760108.6002, "TIAUSDT": 141787791.0541, "XRPUSDT": 2433718389.2281, "THEUSDT": 50737631.07371, "LITUSDT": 8230465.7372, "C98USDT": 10618465.735, "ETHUSDT_250328": 16967294.23199, "ETCUSDT": 106363002.43959, "API3USDT": 8167984.37307, "BANUSDT": 82268389.8533, "XVGUSDT": 16720564.8540661, "WLDUSDT": 346806895.2074, "ACXUSDT": 12463758.19257, "EIGENUSDT": 107226933.4807, "ORCAUSDT": 10699235.9535, "1000SATSUSDT": 85398575.4346559, "YFIUSDT": 14163610.08, "ALPHAUSDT": 7279753.36834, "ALICEUSDT": 11045257.5228, "AXLUSDT": 10429482.82069, "MBOXUSDT": 8279919.4026, "ORDIUSDT": 133759738.666, "ACEUSDT": 8350675.200334, "XAIUSDT": 22171369.38061, "AERGOUSDT": 10659349.0067, "HIGHUSDT": 8246432.23365, "UXLINKUSDT": 55518216.8873, "ZENUSDT": 41957901.0526, "UNIUSDT": 153077526.261, "VANRYUSDT": 12507949.53209, "LISTAUSDT": 12255642.9778, "ACTUSDT": 229020921.26255, "AEVOUSDT": 18165830.71162, "RIFUSDT": 4137709.28506, "VVVUSDT": 219696465.16213, "CATIUSDT": 14763382.956, "SOLUSDT": 2950426162.605, "AKTUSDT": 5432101.2356, "BSVUSDT": 8419849.701, "1000CHEEMSUSDT": 25676731.6780617, "ETHUSDT_250627": 8175910.62193, "GLMUSDT": 10599577.3327, "SCRTUSDT": 6497146.3427, "PHAUSDT": 22361618.67479, "BRETTUSDT": 22438590.95574, "SYSUSDT": 3508959.11049, "SUNUSDT": 9393964.764386, "QTUMUSDT": 10866732.0283, "NMRUSDT": 6397906.5963, "BIOUSDT": 55829022.6576, "TRBUSDT": 37746025.7442, "MASKUSDT": 24742258.072, "GRASSUSDT": 36687307.73009, "1INCHUSDT": 15725743.1714, "RDNTUSDT": 8572513.86126, "ILVUSDT": 7720422.6019, "KMNOUSDT": 5812131.52487, "VOXELUSDT": 5530882.769, "TONUSDT": 64686115.23633, "ATAUSDT": 8946833.4668, "HBARUSDT": 228645280.87527, "DASHUSDT": 11725823.15367, "SAFEUSDT": 7067764.9736, "STXUSDT": 55684554.9966, "KNCUSDT": 6849835.1848, "DEFIUSDT": 2650436.0461, "ENAUSDT": 411196431.6093, "1000SHIBUSDT": 237091949.828937, "ICPUSDT": 50537946.501, "SUSDT": 34935380.4371, "NKNUSDT": 4283178.88989, "JTOUSDT": 47859962.9744, "SAGAUSDT": 32119585.17707, "COTIUSDT": 12019956.97542, "1000CATUSDT": 33374228.99947, "BNXUSDT": 8696835.52014, "1000PEPEUSDT": 1154379648.0960276, "APEUSDT": 82749266.3334, "1000XUSDT": 9993072.34194, "1000FLOKIUSDT": 107639625.02428, "USTCUSDT": 9103628.63213, "BLURUSDT": 17517789.0881, "DEXEUSDT": 29879210.18362, "GALAUSDT": 140874881.37646, "LAYERUSDT": 204302853.76721, "BELUSDT": 7866722.8963, "PIXELUSDT": 17498392.04428, "PORTALUSDT": 12255988.85069, "SPXUSDT": 40836343.3264, "COOKIEUSDT": 38813236.2163, "SXPUSDT": 19319713.97747, "KDAUSDT": 11774912.0843, "MEUSDT": 48150604.4135, "ZKUSDT": 29557945.38025, "BICOUSDT": 7683025.8731, "ZETAUSDT": 8704774.4353, "AVAUSDT": 12935388.78434, "DIAUSDT": 5543551.6759, "ONTUSDT": 12088952.31641, "HMSTRUSDT": 20703769.408267, "IDUSDT": 11651951.06018, "GUSDT": 7269364.86992, "QUICKUSDT": 3270642.76806, "BTCUSDT": 15758501543.9687, "AVAAIUSDT": 39400143.45223, "LUNA2USDT": 18942110.9342, "FIOUSDT": 6552751.01328, "ANIMEUSDT": 72354784.7091, "1000000MOGUSDT": 24443530.4499, "OGNUSDT": 9591711.9256, "HOTUSDT": 12054085.491881, "DRIFTUSDT": 22612566.4337, "TSTUSDT": 223791015.529, "BTCUSDT_250328": 32672727.7708, "ZECUSDT": 22061650.99204, "JOEUSDT": 5455230.08662, "CHZUSDT": 29564873.53058, "MINAUSDT": 15541943.0466, "XMRUSDT": 21424052.91998, "DFUSDT": 13542804.0928, "COSUSDT": 4954181.052292, "IOUSDT": 57798336.8499, "PENDLEUSDT": 52368825.9187, "AVAXUSDT": 299968415.968, "ARCUSDT": 161107725.9168, "TWTUSDT": 6632379.8647, "AAVEUSDT": 234933696.179, "LOKAUSDT": 3903053.541, "ETHWUSDT": 5617718.1305, "PNUTUSDT": 422365155.4041, "CHESSUSDT": 5796222.0092, "FLUXUSDT": 5040747.9684, "TAOUSDT": 126124633.36458, "COMPUSDT": 19530484.33319, "POWRUSDT": 10558499.3912, "GTCUSDT": 8949119.1406, "1000BONKUSDT": 174856094.828496, "IMXUSDT": 16801969.7346, "STEEMUSDT": 8730313.62206, "VINEUSDT": 316135316.27802, "SYNUSDT": 7172188.5587, "METISUSDT": 6755350.4054, "BIGTIMEUSDT": 25739387.54139, "WOOUSDT": 9358513.257, "BNBUSDT": 536334516.9492, "QNTUSDT": 13095028.015, "BATUSDT": 13737327.61978, "RONINUSDT": 9122935.66026, "CGPTUSDT": 27533418.68637, "SANDUSDT": 85764562.19314, "POPCATUSDT": 154305242.5423, "LQTYUSDT": 10277891.14134, "COMBOUSDT": 3838064.16676, "USDCUSDT": 5716600.600279, "XLMUSDT": 198457982.1857, "KAVAUSDT": 14994580.3414, "BNTUSDT": 3247678.82173, "BSWUSDT": 4426024.33695, "SNXUSDT": 18327069.2973, "ICXUSDT": 9231311.2112, "VANAUSDT": 65448133.36663, "EGLDUSDT": 16144539.8992, "ONGUSDT": 6071109.00572, "PYTHUSDT": 25987654.52804, "BOMEUSDT": 80893747.086002, "FIDAUSDT": 14335528.64352, "SUSHIUSDT": 34045642.3519, "OMGUSDT": 2806664.73044, "NTRNUSDT": 4171929.0483, "TOKENUSDT": 9544786.85993, "GMTUSDT": 47610682.37703, "MYROUSDT": 11372044.58717, "FILUSDT": 169877101.9784, "VELODROMEUSDT": 9074677.93022, "SUIUSDT": 882315230.11129, "ZEREBROUSDT": 49544498.5511, "SSVUSDT": 21455038.87696, "VIDTUSDT": 9538254.75659, "FARTCOINUSDT": 311023695.09969, "JUPUSDT": 71834881.5037, "JASMYUSDT": 49873119.932421, "ADAUSDT": 610139334.8692, "AGLDUSDT": 28186838.0249, "TURBOUSDT": 74801342.8289965, "LDOUSDT": 98009144.7641, "RVNUSDT": 6287929.72415, "ENSUSDT": 86847748.2968, "WUSDT": 33772987.350466, "1000XECUSDT": 7929999.03073, "MEMEUSDT": 29861460.799895, "CELRUSDT": 8779394.05817, "HIPPOUSDT": 19794146.97332, "MKRUSDT": 38020914.1302, "MOCAUSDT": 35157189.813, "AI16ZUSDT": 224050877.3135, "SFPUSDT": 5178720.738, "SPELLUSDT": 10008682.9292529, "ZROUSDT": 40072310.31291, "PENGUUSDT": 222310402.452754, "MAVUSDT": 6000175.20795, "APTUSDT": 167557495.28652, "ARPAUSDT": 6358606.52986, "DODOXUSDT": 4969302.286714, "SWARMSUSDT": 172308479.6384, "BBUSDT": 22874665.77718, "1000WHYUSDT": 9184357.2158899, "ASTRUSDT": 9683095.144686, "SEIUSDT": 84450536.493, "BALUSDT": 4428142.2419, "LINAUSDT": 10502511.1867, "COWUSDT": 47940533.1133, "DEGOUSDT": 3991959.86197, "RLCUSDT": 6093566.70795, "TRXUSDT": 128692762.80398, "ANKRUSDT": 8202858.32297, "CYBERUSDT": 7117353.5636, "HFTUSDT": 4975465.02486, "KAIAUSDT": 9788820.3113, "LUMIAUSDT": 11095250.438, "MAGICUSDT": 10067621.22139, "PEOPLEUSDT": 55306185.39587, "ARUSDT": 41255378.3133, "BANDUSDT": 5818736.95007, "IOTXUSDT": 9336862.54945, "ALCHUSDT": 43870978.14679, "SLERFUSDT": 5707129.6409, "TRUMPUSDT": 1626609971.01069, "RAYSOLUSDT": 18215990.50478, "THETAUSDT": 42348360.91511, "TNSRUSDT": 13412861.71924, "ARBUSDT": 139494536.90343, "TRUUSDT": 10156990.49346, "NEARUSDT": 145086865.884, "DUSKUSDT": 6898739.13941, "BEAMXUSDT": 17442744.318731, "SUPERUSDT": 15661889.3164, "ZRXUSDT": 16378745.93764, "CAKEUSDT": 18992335.5824, "1000LUNCUSDT": 26418935.19639, "ETHFIUSDT": 76932615.63551, "MOODENGUSDT": 104368125.21428, "VIRTUALUSDT": 188906876.65691, "FETUSDT": 141399237.8, "PROMUSDT": 7691538.1109,