{"BERAUSDT": 34073247.7682, "1000000BOBUSDT": 42862910.62437, "ETHUSDT": 9006633899.97699, "ENJUSDT": 6097165.18848, "SPELLUSDT": 4580035.3948029, "NMRUSDT": 2794103.5314, "MOCAUSDT": 3337407.9187, "UXLINKUSDT": 8756729.7911, "BANDUSDT": 2634854.38273, "GTCUSDT": 3133770.2295, "AWEUSDT": 3898300.826424, "PUMPBTCUSDT": 5909852.11946, "ADAUSDT": 373655673.1234, "CFXUSDT": 8371594.2829, "FUNUSDT": 11766861.063755, "KAITOUSDT": 67976840.28019, "SONICUSDT": 5985379.5928, "PORT3USDT": 3909634.16015, "SOPHUSDT": 59057087.36227, "MEUSDT": 9029352.2227, "1000BONKUSDT": 65784920.004632, "KAVAUSDT": 9390635.78199, "SQDUSDT": 10913925.11056, "1000000MOGUSDT": 8247153.18935, "KERNELUSDT": 18169959.1895, "RONINUSDT": 2694734.56179, "ARUSDT": 14777869.9293, "XLMUSDT": 52112956.61597, "XAIUSDT": 6796383.33999, "NEOUSDT": 14285209.73627, "USUALUSDT": 20741779.1583, "DEXEUSDT": 5447838.53373, "BRUSDT": 3640854.6133, "PUNDIXUSDT": 7156058.2897, "AI16ZUSDT": 52717891.32046, "KDAUSDT": 3509487.1318, "COWUSDT": 7033927.5872, "TOKENUSDT": 2359432.3342, "ALGOUSDT": 29116976.98475, "ACTUSDT": 18964856.41162, "SCRUSDT": 4479235.7633, "DENTUSDT": 2572057.679997, "MINAUSDT": 5890125.8354, "DUSKUSDT": 2114253.23266, "FUSDT": 13502687.062729, "REDUSDT": 7667232.4747, "MOODENGUSDT": 18214158.98342, "TIAUSDT": 79218814.9382, "BANKUSDT": 5840446.176957, "GALAUSDT": 45012444.76992, "AAVEUSDT": 158160415.5, "HOOKUSDT": 3154303.305, "MEWUSDT": 13056467.312085, "RUNEUSDT": 17757824.334, "EIGENUSDT": 28320486.76494, "PORTALUSDT": 5628914.88611, "BNBUSDT": 285845661.4828, "JTOUSDT": 16190885.5952, "BABYUSDT": 17246877.48004, "CHILLGUYUSDT": 14836766.57701, "OBOLUSDT": 8095312.81771, "PHBUSDT": 3419239.0478, "SYRUPUSDT": 69313252.73072, "GUNUSDT": 15878050.48916, "TRXUSDT": 92163848.36862, "LAUSDT": 55796504.1589, "ANKRUSDT": 3945463.26742, "SSVUSDT": 6497331.36112, "JOEUSDT": 2425740.40975, "IMXUSDT": 12829843.7517, "ICPUSDT": 19617428.559, "SEIUSDT": 33091944.0062, "BOMEUSDT": 25439145.67699, "POPCATUSDT": 72814687.687, "ALCHUSDT": 24664339.12562, "1000WHYUSDT": 2131461.8861411, "HAEDALUSDT": 27730828.792283, "SOLUSDT": 2670482399.895, "1MBABYDOGEUSDT": 8447827.9544736, "CAKEUSDT": 28824963.455, "SUSDT": 45336443.011, "APEUSDT": 19202508.315, "PHAUSDT": 4072181.1859, "SUPERUSDT": 7053591.7187, "MOVRUSDT": 2205823.65325, "VIRTUALUSDT": 58268544.78671, "RAYSOLUSDT": 20607408.11319, "CRVUSDT": 107157389.6388, "FLOWUSDT": 8513474.6704, "RLCUSDT": 2365837.44816, "BIDUSDT": 2963680.09008, "ZENUSDT": 8292597.4748, "TWTUSDT": 1937365.7619, "LQTYUSDT": 4068580.33109, "HYPEUSDT": 172513518.08056, "HOTUSDT": 3287801.476809, "HIFIUSDT": 5952430.6658, "ATOMUSDT": 42000071.36933, "1000XUSDT": 3459452.8452, "SUNUSDT": 2254414.73544, "ORDIUSDT": 52832846.1292, "AGLDUSDT": 6682338.2937, "CELOUSDT": 6505431.0158, "SXTUSDT": 15215473.35209, "SAFEUSDT": 4321991.2289, "PAXGUSDT": 29555036.6648, "SKYAIUSDT": 6758819.94084, "XVGUSDT": 3358276.282069, "SKATEUSDT": 22832292.07485, "SUSHIUSDT": 12132488.6468, "LEVERUSDT": 3469229.5651214, "PENGUUSDT": 46961810.695422, "MERLUSDT": 4812944.28298, "BLURUSDT": 6583147.08936, "ONDOUSDT": 97549811.6961, "DRIFTUSDT": 3285293.4553, "RENDERUSDT": 38352015.7115, "WLDUSDT": 109135797.1368, "SOONUSDT": 25417102.87163, "NEIROETHUSDT": 13749454.18706, "DOTUSDT": 106175793.6863, "LSKUSDT": 1802102.6855, "MYXUSDT": 81201496.44405, "PNUTUSDT": 103233003.85585, "OGUSDT": 2695357.0873, "1000SATSUSDT": 20554598.4061838, "SUIUSDT": 643135962.61044, "LTCUSDT": 163193124.66682, "RPLUSDT": 3604639.6713, "AXSUSDT": 11239745.577, "LUNA2USDT": 4613841.5407, "IOUSDT": 12295858.65695, "STORJUSDT": 4106889.9222, "ICXUSDT": 4244861.4594, "CVCUSDT": 4433514.88134, "MTLUSDT": 2013429.0107, "METISUSDT": 2599752.0459, "WCTUSDT": 73937219.5612, "FIDAUSDT": 5332588.96375, "VOXELUSDT": 5837995.46273, "TSTUSDT": 15146735.3668, "SIGNUSDT": 12899127.40674, "APTUSDT": 58180829.51659, "OPUSDT": 70512295.10779, "QTUMUSDT": 4964876.9702, "BRETTUSDT": 13348817.84109, "XCNUSDT": 6169270.92999, "BROCCOLIF3BUSDT": 12014936.496167, "NEIROUSDT": 72606569.3004844, "ACHUSDT": 12636457.659176, "BNTUSDT": 1758808.63795, "1000FLOKIUSDT": 26399982.81636, "BTCUSDT_250627": 23644555.1067, "WOOUSDT": 4062360.05432, "WIFUSDT": 194615278.33359, "VVVUSDT": 5534237.50061, "NOTUSDT": 17359222.500744, "MANTAUSDT": 8466344.46888, "GASUSDT": 4625835.2483, "MEMEFIUSDT": 5286833.52165, "NXPCUSDT": 100304020.19681, "BMTUSDT": 20094736.45031, "AIOTUSDT": 6469755.34987, "HUMAUSDT": 65260930.254107, "VANAUSDT": 12570349.94035, "WALUSDT": 11827165.9397, "GUSDT": 1798375.94493, "SWARMSUSDT": 15177873.0712, "WUSDT": 14682725.101295, "XVSUSDT": 2095665.1911, "BANANAS31USDT": 6872921.874226, "NFPUSDT": 3659401.06955, "ORCAUSDT": 11688174.5167, "ALPHAUSDT": 3803120.98195, "BANUSDT": 2751741.25984, "STXUSDT": 18293570.356, "QNTUSDT": 5499348.602, "1000CHEEMSUSDT": 6748079.080563, "BICOUSDT": 2602898.441, "CKBUSDT": 3760277.270479, "POWRUSDT": 1917535.1287, "AEROUSDT": 6126109.95014, "MEMEUSDT": 13124861.199358, "CATIUSDT": 6981609.2568, "AVAAIUSDT": 14782776.57988, "SPXUSDT": 25956885.8199, "MASKUSDT": 14243627.2167, "COOKIEUSDT": 12019402.2151, "KASUSDT": 12051777.0149, "1000RATSUSDT": 6035406.16168, "QUICKUSDT": 1855013.08992, "ILVUSDT": 2259134.6029, "BANANAUSDT": 9855435.6256, "INITUSDT": 59027904.2077, "BROCCOLI714USDT": 9309333.08841, "RAREUSDT": 10814582.55747, "PIXELUSDT": 6773749.00188, "CETUSUSDT": 7952760.89124, "NILUSDT": 14129121.66714, "TAOUSDT": 97992936.99779, "BBUSDT": 5448776.93812, "JSTUSDT": 2947680.668013, "B3USDT": 3693542.796915, "PYTHUSDT": 12214424.92343, "CHRUSDT": 4004401.6935, "POLYXUSDT": 2798778.05598, "AIUSDT": 5142302.51253, "ASTRUSDT": 2832916.269355, "DEGENUSDT": 3607027.000346, "SYNUSDT": 2772194.2501, "MYROUSDT": 3862628.28649, "INJUSDT": 51324271.7186, "C98USDT": 4560457.3212, "USTCUSDT": 3054557.880455, "PEOPLEUSDT": 27354848.39823, "BIGTIMEUSDT": 9075296.21379, "AERGOUSDT": 14811238.83942, "BELUSDT": 4988231.258, "SIRENUSDT": 5571971.34986, "MUBARAKUSDT": 56540355.26341, "VELODROMEUSDT": 2474128.66894, "ARBUSDT": 53006833.20027, "ACEUSDT": 3087607.297361, "HOMEUSDT": 69256327.581609, "DODOXUSDT": 1824913.038283, "USDCUSDT": 2852518.98113, "VETUSDT": 15509203.704808, "HFTUSDT": 2502099.41269, "1INCHUSDT": 5953361.0097, "AVAUSDT": 2218820.5996, "DOGEUSDT": 763377796.39683, "IOSTUSDT": 3880180.42032, "FORMUSDT": 8946612.01758, "JUPUSDT": 39288692.7241, "UMAUSDT": 3789378.934, "PLUMEUSDT": 5105114.1661, "CYBERUSDT": 3483076.9184, "HIGHUSDT": 3654790.39899, "IPUSDT": 16998484.007035, "ARKMUSDT": 19755107.0225, "SFPUSDT": 1890383.3568, "EPTUSDT": 6932362.412368, "ROSEUSDT": 5826358.33818, "NEWTUSDT": 20853471.2947, "HIPPOUSDT": 6736767.259806, "FETUSDT": 65141705.114, "SANDUSDT": 25559068.72485, "ENAUSDT": 226836990.6423, "ANIMEUSDT": 17189401.4256, "ONTUSDT": 3378850.85254, "STOUSDT": 9510147.54766, "VANRYUSDT": 5373130.50767, "UNIUSDT": 73722222.192, "BIOUSDT": 12493593.7482, "FHEUSDT": 4971041.283, "1000XECUSDT": 2346984.11819, "MELANIAUSDT": 15451096.031931, "SWELLUSDT": 2747231.48361, "SAGAUSDT": 11126198.69176, "PUFFERUSDT": 2979984.24242, "XTZUSDT": 10064442.5053, "ASRUSDT": 4338995.419, "BCHUSDT": 104627344.53839, "DOODUSDT": 6762081.8513717, "PROMUSDT": 1709375.8099, "LAYERUSDT": 65563202.59576, "GRTUSDT": 12315556.43254, "ZKJUSDT": 2374275.4874, "SOLVUSDT": 9941847.64828, "TAIKOUSDT": 4992199.6802, "ATHUSDT": 6527440.32006, "REZUSDT": 13041002.38853, "BAKEUSDT": 5366161.9956, "LUMIAUSDT": 3461912.3825, "PONKEUSDT": 3580830.05799, "ALICEUSDT": 5709949.3136, "BTCDOMUSDT": 9279642.8021, "ARPAUSDT": 2664953.3648, "GPSUSDT": 5688752.87253, "CHESSUSDT": 2827817.55866, "PROMPTUSDT": 8833204.933, "ALTUSDT": 5657163.02022, "ARKUSDT": 3498573.8395, "HEIUSDT": 2845976.83193, "SXPUSDT": 4675375.271, "DEEPUSDT": 10197654.2696, "PARTIUSDT": 23949782.2316, "DOGSUSDT": 14219055.4554596, "MORPHOUSDT": 4272603.65618, "ETCUSDT": 51578871.75537, "RSRUSDT": 10426584.454001, "LRCUSDT": 3484206.72822,