{"ROSEUSDT": 5920450.91121, "AGLDUSDT": 11595715.3239, "EIGENUSDT": 28412770.40553, "KERNELUSDT": 37564749.3434, "ZKUSDT": 12116504.93435, "PORTALUSDT": 5143398.64612, "DUSKUSDT": 2475450.04713, "SUIUSDT": 627547957.94404, "VINEUSDT": 54401247.79379, "OMNIUSDT": 6105424.50544, "ANKRUSDT": 4145811.39924, "GOATUSDT": 27711805.5249, "KAITOUSDT": 72444494.0898, "BCHUSDT": 93821009.89136, "PLUMEUSDT": 6873178.2086, "ONDOUSDT": 130335111.55053, "EDUUSDT": 4990637.6474, "AEROUSDT": 6542719.41658, "MLNUSDT": 4043444.372, "BOMEUSDT": 26876702.8671, "MKRUSDT": 34122336.9482, "YFIUSDT": 5521627.587, "SOLVUSDT": 15127625.63815, "VETUSDT": 17774627.257931, "BANKUSDT": 16522240.264613, "MANTAUSDT": 8466344.46888, "ALPHAUSDT": 3432862.13242, "ANIMEUSDT": 16871386.59125, "TOKENUSDT": 2330533.04861, "JSTUSDT": 4997534.069362, "APTUSDT": 67824625.1521, "STOUSDT": 13296231.31107, "NILUSDT": 23929845.3553, "NEIROUSDT": 72606569.3004844, "SIGNUSDT": 67294675.66635, "POLUSDT": 21336170.26105, "CELOUSDT": 6199406.8414, "B2USDT": 6983064.1469, "SUSHIUSDT": 12084813.0282, "LRCUSDT": 3981810.11258, "DOGSUSDT": 22462567.3274983, "XAIUSDT": 6720411.41934, "CTKUSDT": 5100459.7269, "SWARMSUSDT": 30711718.40771, "MOVRUSDT": 2764057.85406, "QTUMUSDT": 5954492.3986, "1000CATUSDT": 8059838.281708, "BROCCOLIF3BUSDT": 25241807.918054, "RENDERUSDT": 39067377.9152, "HEIUSDT": 5394763.05907, "NEARUSDT": 95650972.72, "IOTAUSDT": 10369778.12295, "BTCDOMUSDT": 7776723.4865, "GTCUSDT": 3617875.9786, "ALICEUSDT": 5793265.8541, "CYBERUSDT": 3750136.3086, "DEFIUSDT": 1351552.1238, "ATHUSDT": 4776732.73378, "DEGOUSDT": 2836778.21134, "FETUSDT": 60431847.1962, "KNCUSDT": 2968009.4282, "TIAUSDT": 81752375.9064, "NEOUSDT": 14148140.55761, "JUPUSDT": 45801766.9263, "ENJUSDT": 6300333.36672, "BIOUSDT": 16252326.6013, "CKBUSDT": 4667337.044751, "HMSTRUSDT": 8046606.795315, "MOODENGUSDT": 17371115.59399, "DODOXUSDT": 2022689.939134, "BRETTUSDT": 10309855.66835, "IMXUSDT": 12457069.998, "1000SHIBUSDT": 91922558.875065, "WAXPUSDT": 2350188.17187, "1000BONKUSDT": 61187528.021879, "ALCHUSDT": 42713704.12727, "TRUMPUSDT": 401135911.78685, "EGLDUSDT": 7462209.8178, "DFUSDT": 6711118.71345, "ACTUSDT": 37100296.43736, "BALUSDT": 1077684.048, "PEOPLEUSDT": 27354848.39823, "CETUSUSDT": 7719939.95769, "ETHWUSDT": 2439003.5375, "CGPTUSDT": 4775834.83186, "DYDXUSDT": 21695677.9824, "RAREUSDT": 12140720.75748, "MEMEUSDT": 14348993.069015, "MUBARAKUSDT": 86996131.97308, "ZKJUSDT": 1105443.1473, "LUNA2USDT": 5356717.9634, "SPXUSDT": 23802425.3364, "HOTUSDT": 4126205.717658, "TUSDT": 3166302.18061, "PENDLEUSDT": 34708556.2125, "SUSDT": 59495329.3786, "CHZUSDT": 10717101.73275, "PERPUSDT": 2830033.73193, "TSTUSDT": 33316263.359, "DYMUSDT": 6336274.08796, "AVAXUSDT": 217138259.115, "AAVEUSDT": 148285165.18, "AXLUSDT": 4981553.68626, "BROCCOLI714USDT": 18553485.89161, "DEXEUSDT": 7635615.63191, "KMNOUSDT": 2434950.1165, "STRKUSDT": 15026208.62094, "AKTUSDT": 3007883.7031, "GRTUSDT": 12621877.55193, "MBOXUSDT": 4560742.3192, "HIVEUSDT": 5457106.29903, "LOKAUSDT": 1931643.4575, "PENGUUSDT": 51762425.954063, "DUSDT": 3327783.0942, "HYPERUSDT": 29403116.4533, "ICXUSDT": 3518034.6968, "CHRUSDT": 4515548.6832, "ETHUSDT_250627": 8518355.79685, "REDUSDT": 18205887.5626, "JELLYJELLYUSDT": 15179366.30257, "OGUSDT": 1536516.7534, "ILVUSDT": 2922931.9636, "PHBUSDT": 3757816.1013, "ARPAUSDT": 3497140.00527, "SAFEUSDT": 4321991.2289, "ALPINEUSDT": 8905346.36288, "LSKUSDT": 2032955.0048, "HIPPOUSDT": 4991265.12092, "FXSUSDT": 3970743.89437, "JASMYUSDT": 18681027.630341, "FORMUSDT": 10699324.42647, "SUNUSDT": 2675872.074146, "AUCTIONUSDT": 21427334.16116, "IPUSDT": 39552711.555778, "BANANAUSDT": 10819436.7125, "REIUSDT": 1647256.31557, "ZILUSDT": 6256956.79084, "CELRUSDT": 3366240.9892, "CTSIUSDT": 2757877.6575, "GLMUSDT": 5225775.76394, "NULSUSDT": 728512.5903, "IOSTUSDT": 3854446.455125, "NKNUSDT": 2364548.29481, "FUNUSDT": 22588464.982752, "AEVOUSDT": 6671527.18297, "1000LUNCUSDT": 6823471.50748, "FLUXUSDT": 1992751.1348, "TROYUSDT": 2113549.690533, "MORPHOUSDT": 5218401.7401, "ENSUSDT": 26368152.9779, "INJUSDT": 50141110.6352, "COOKIEUSDT": 12590153.1112, "1000PEPEUSDT": 651429926.0745082, "FILUSDT": 94444439.8878, "PYTHUSDT": 11736962.30263, "ALGOUSDT": 34803038.77888, "LDOUSDT": 46791544.9573, "OPUSDT": 65057030.50591, "IOUSDT": 13926166.72018, "ONTUSDT": 3930134.0779, "KDAUSDT": 3836876.7232, "HFTUSDT": 2948038.51956, "HOOKUSDT": 3531043.49421, "SKYAIUSDT": 18176448.34035, "BNBUSDT": 349855437.2029, "ONEUSDT": 5616734.41132, "FHEUSDT": 11124515.56815, "C98USDT": 4584909.9772, "SONICUSDT": 9080434.50378, "FIOUSDT": 2089665.12051, "LTCUSDT": 210569935.32281, "FISUSDT": 14711929.37113, "TRBUSDT": 15257751.9219, "BEAMXUSDT": 9461690.843981, "ARKMUSDT": 23362077.0036, "LAYERUSDT": 127146333.9991, "STXUSDT": 19072503.1155, "TUTUSDT": 17861890.76573, "SSVUSDT": 6535694.80643, "ORDIUSDT": 59670684.5996, "SLERFUSDT": 2247560.1103, "GUNUSDT": 53623219.70606, "BANANAS31USDT": 7676849.897438, "TLMUSDT": 2537481.454526, "BICOUSDT": 2638159.68, "ZRXUSDT": 5251607.40588, "APEUSDT": 22098674.3751, "WUSDT": 15253116.581856, "MASKUSDT": 12495535.9022, "WLDUSDT": 111730207.1193, "WALUSDT": 24434613.1836, "HIFIUSDT": 3694019.0152, "CHILLGUYUSDT": 15002139.5308, "TAOUSDT": 104571891.84616, "XVSUSDT": 3654099.2972, "ONGUSDT": 2116700.32071, "NFPUSDT": 4317502.57974, "ZETAUSDT": 6152228.5613, "QUICKUSDT": 1861707.89106, "SYRUPUSDT": 60113646.5653, "UMAUSDT": 3911026.293, "HAEDALUSDT": 63663331.867153, "BERAUSDT": 63027696.9381, "THETAUSDT": 15360262.39769, "FIDAUSDT": 5725412.59924, "CATIUSDT": 7849970.8097, "WOOUSDT": 4496586.38136, "GRASSUSDT": 13234630.43661, "VANRYUSDT": 7293423.59568, "RPLUSDT": 3471631.6297, "STORJUSDT": 5511120.6275, "1000XUSDT": 3655100.08363, "API3USDT": 9306258.53163, "COWUSDT": 8558894.1022, "LPTUSDT": 7469901.8581, "SWELLUSDT": 3057733.63062, "1000FLOKIUSDT": 26702308.57247, "RIFUSDT": 2659735.20953, "MANAUSDT": 14177603.5904, "ALPACAUSDT": 4627860.19488, "GMXUSDT": 4485631.07524, "SFPUSDT": 2118461.5427, "RVNUSDT": 3271635.55434, "BSVUSDT": 2983705.05, "MINAUSDT": 5793281.8089, "OMUSDT": 70954840.403692, "MOVEUSDT": 61753323.7987, "POWRUSDT": 2848893.0424, "NOTUSDT": 28663628.648894, "BLURUSDT": 7341680.76914, "XMRUSDT": 12492656.86122, "SKLUSDT": 4614131.77412, "XRPUSDT": 1463081853.99306, "SYSUSDT": 2923745.67229, "RUNEUSDT": 21138395.71, "THEUSDT": 10079161.24111, "BTCUSDT_250627": 20314054.9049, "PHAUSDT": 4469890.43867, "PONKEUSDT": 3838622.75458, "DRIFTUSDT": 4317349.29, "ETHUSDT": 7867233863.14387, "METISUSDT": 2982837.7856, "BNTUSDT": 2021301.93565, "CFXUSDT": 10588801.3825, "SIRENUSDT": 7311653.91406, "GRIFFAINUSDT": 28286698.30018, "SOLUSDT": 2670482399.895, "TRXUSDT": 98643446.10813, "NEIROETHUSDT": 12416719.30551, "ETCUSDT": 52547978.90663, "MEWUSDT": 10237435.474183, "NMRUSDT": 3216729.1131, "ATAUSDT": 2688318.8434, "BANUSDT": 4453082.428, "FARTCOINUSDT": 329592716.75099, "XVGUSDT": 3995927.9741785, "COMPUSDT": 10113201.53702, "OBOLUSDT": 28598823.31247, "SANDUSDT": 29898582.83475, "SCRUSDT": 6231722.9372, "CHESSUSDT": 3184688.6951, "STEEMUSDT": 2992416.86125, "PIPPINUSDT": 8998818.5762, "BMTUSDT": 21248339.0476, "BSWUSDT": 5354246.24167, "TONUSDT": 49877267.94688, "BRUSDT": 11105121.6895, "GASUSDT": 5250704.6834, "PUMPUSDT": 9121442.25744, "STGUSDT": 3553503.2559, "VELODROMEUSDT": 3690299.44942, "YGGUSDT": 5354909.96, "DOODUSDT": 33962318.120455, "BTCUSDT": 13680787136.6768, "OXTUSDT": 1801470.17172, "ARKUSDT": 5122391.9422, "ICPUSDT": 17512433.953, "SUPERUSDT": 8447252.3972, "TURBOUSDT": 23506042.014067, "MTLUSDT": 2653870.1358, "1000CHEEMSUSDT": 14245166.8171052, "AVAUSDT": 3389504.2445, "B3USDT": 5194033.846342, "VIRTUALUSDT": 50900753.30155, "ACHUSDT": 17832407.759443, "AXSUSDT": 12216401.336, "SPELLUSDT": 7510876.7811355, "DOTUSDT": 106881713.9855, "LUMIAUSDT": 5787912.2238, "BBUSDT": 7293955.46433, "DEGENUSDT": 3519109.780888, "DIAUSDT": 2191855.6549, "GUSDT": 2391167.09909, "ALTUSDT": 6650585.80872,