{"COMBOUSDT": 2582766.31164, "1MBABYDOGEUSDT": 117235316.0644013, "KNCUSDT": 3417082.2038, "ALTUSDT": 21942904.9709, "BATUSDT": 3343066.01845, "GRTUSDT": 17084834.08436, "BSWUSDT": 3269588.60926, "ORBSUSDT": 4154640.993928, "ICPUSDT": 24702095.899, "APTUSDT": 110896069.3096, "ILVUSDT": 4656338.821, "RENUSDT": 4040834.42815, "AEVOUSDT": 18837069.48052, "SUIUSDT": 482067722.75927, "LINAUSDT": 9606604.60845, "CHZUSDT": 12501499.06207, "SANTOSUSDT": 38111194.3143, "BNXUSDT": 26264490.36289, "GMTUSDT": 22239746.65348, "DYMUSDT": 18874258.24533, "ORDIUSDT": 209402143.7036, "XTZUSDT": 5869701.7664, "THETAUSDT": 15814352.18701, "SPELLUSDT": 4620878.0487569, "CFXUSDT": 22193833.03394, "COTIUSDT": 9247006.85986, "QTUMUSDT": 3589992.5066, "RAREUSDT": 40488221.42951, "PHBUSDT": 8864468.0342, "BNTUSDT": 2093561.52035, "SNXUSDT": 9561048.6766, "ARKUSDT": 4825208.0624, "KAVAUSDT": 6326471.57904, "HFTUSDT": 2136058.36094, "MKRUSDT": 33973884.6301, "ACHUSDT": 5725978.161928, "ALPACAUSDT": 10819195.74223, "SUNUSDT": 30257824.177347, "LITUSDT": 5003133.6829, "KLAYUSDT": 3558469.61658, "AAVEUSDT": 106300805.509, "BONDUSDT": 5422196.2117, "MTLUSDT": 4050629.2358, "NEIROETHUSDT": 182288122.8214, "TIAUSDT": 174274970.2294, "API3USDT": 7911257.01735, "DEGENUSDT": 85049760.105617, "HOTUSDT": 5435617.410894, "STORJUSDT": 11637469.437, "SKLUSDT": 3975759.21992, "WOOUSDT": 7064418.57133, "ONDOUSDT": 49681996.28705, "RONINUSDT": 4019812.0293, "ALGOUSDT": 9972502.71164, "TWTUSDT": 3548227.4, "SWELLUSDT": 81655473.59311, "ZKUSDT": 26132491.83575, "QNTUSDT": 4634469.614, "TAOUSDT": 74235089.20596, "SOLUSDT": 2072250884.037, "PENDLEUSDT": 48608817.1974, "EDUUSDT": 7462143.0302, "IOUSDT": 62158624.2026, "AXSUSDT": 16137392.546, "MAVUSDT": 5282154.596, "MEMEUSDT": 20363142.678209, "LTCUSDT": 87833730.20333, "CELRUSDT": 3733581.68877, "UXLINKUSDT": 50749804.7208, "MINAUSDT": 11073501.2654, "BAKEUSDT": 12711333.9517, "COWUSDT": 134281745.5538, "ZENUSDT": 6432732.9221, "IOTXUSDT": 4745092.75736, "NTRNUSDT": 2982286.6849, "CAKEUSDT": 6659860.1, "SUSHIUSDT": 12059247.7454, "CATIUSDT": 97432402.6574, "EGLDUSDT": 7328461.9976, "STRKUSDT": 35130261.93602, "AGLDUSDT": 3864564.4829, "KDAUSDT": 5067135.8538, "PONKEUSDT": 33313854.14463, "GASUSDT": 5790014.7921, "PNUTUSDT": 572908582.06322, "MYROUSDT": 16231548.51102, "ONGUSDT": 3024084.77477, "OXTUSDT": 2026422.72899, "LRCUSDT": 4285691.74883, "BLZUSDT": 4714310.44429, "CYBERUSDT": 6913706.6697, "XVGUSDT": 2670528.6426414, "HMSTRUSDT": 62522162.318118, "ALPHAUSDT": 3597183.43376, "DUSKUSDT": 6013497.4313, "USTCUSDT": 7142108.90237, "ZRXUSDT": 5477113.0068, "DOGEUSDT": 305944574.54456, "BTCUSDT": 13034447010.34392, "MANAUSDT": 13189809.53, "NOTUSDT": 120905544.56098, "CHRUSDT": 7256081.517, "MOODENGUSDT": 622328938.50576, "YGGUSDT": 15967740.0928, "SAGAUSDT": 115627471.00927, "SUPERUSDT": 23669881.3852, "NEIROUSDT": 840951271.1818354, "ROSEUSDT": 10876740.04214, "MAGICUSDT": 5174099.08271, "CTSIUSDT": 4500572.7555, "POLUSDT": 29757156.4759, "ZECUSDT": 13621441.37262, "LUNA2USDT": 8349551.0553, "METISUSDT": 4993839.4874, "SYSUSDT": 5883824.0871, "EOSUSDT": 36769256.1474, "TUSDT": 4087135.12015, "IMXUSDT": 17700165.6683, "ARKMUSDT": 32312729.8623, "MOVRUSDT": 4100028.57529, "PEOPLEUSDT": 140932476.48825, "ONTUSDT": 4574458.98134, "TLMUSDT": 4314517.029445, "IDUSDT": 5460985.13197, "MBOXUSDT": 7470055.8513, "ZETAUSDT": 25042089.8913, "AVAXUSDT": 156324301.443, "MANTAUSDT": 16116609.38426, "TURBOUSDT": 63500660.4500639, "REEFUSDT": 52459150.230345, "GMXUSDT": 5305307.25411, "WLDUSDT": 234223246.2658, "OMGUSDT": 3026638.08544, "FXSUSDT": 3446260.84434, "ONEUSDT": 4970669.73156, "TRXUSDT": 53852381.99599, "PYTHUSDT": 13832504.3937, "LISTAUSDT": 19366083.7667, "GHSTUSDT": 4044856.286, "DOGSUSDT": 159549828.3836219, "1INCHUSDT": 9877262.2527, "SAFEUSDT": 24659634.4556, "QUICKUSDT": 3265786.18062, "ALICEUSDT": 7502086.4149, "ENSUSDT": 27420348.5672, "DRIFTUSDT": 137919676.7548, "1000SATSUSDT": 175157667.5841107, "XRPUSDT": 287185085.21189, "ICXUSDT": 3015221.5946, "FTMUSDT": 149391327.7716, "BADGERUSDT": 2653796.1537, "ETHUSDT_241227": 10429194.93669, "BTCDOMUSDT": 2340369.0826, "AUCTIONUSDT": 9304017.48418, "POLYXUSDT": 7073255.62021, "NKNUSDT": 3031671.82793, "IOTAUSDT": 5279840.96445, "JUPUSDT": 33514649.5451, "BOMEUSDT": 113057310.269872, "KASUSDT": 15013157.12674, "JTOUSDT": 35491979.13, "TRUUSDT": 7330163.96694, "PORTALUSDT": 9785851.73327, "LOOMUSDT": 5038243.06103, "CETUSUSDT": 127914198.45635, "YFIUSDT": 4856325.284, "1000SHIBUSDT": 114469623.826398, "ANKRUSDT": 4053739.4169, "REZUSDT": 19526425.32096, "CKBUSDT": 14044109.868853, "VETUSDT": 9044628.603275, "JOEUSDT": 2786393.7979, "KSMUSDT": 4985803.7897, "ENAUSDT": 127020671.1228, "VANRYUSDT": 9343571.34914, "DENTUSDT": 3147899.136479, "XMRUSDT": 10572215.99199, "HBARUSDT": 13765520.02523, "COMPUSDT": 7942205.55487, "UNIUSDT": 59251139.808, "TOKENUSDT": 9224419.87353, "ETHFIUSDT": 43175069.93835, "POWRUSDT": 3520411.7726, "LEVERUSDT": 5855071.3904896, "BICOUSDT": 3275568.0043, "DOTUSDT": 67310962.6234, "TNSRUSDT": 14208632.64192, "SANDUSDT": 21088555.14824, "FLOWUSDT": 8708735.2104, "LQTYUSDT": 7162266.26002, "UMAUSDT": 11892704.412, "NEOUSDT": 11486595.06684, "AIUSDT": 14959838.59696, "ARPAUSDT": 6273384.84744, "ACTUSDT": 740115969.3997, "SFPUSDT": 3153058.4994, "BTCUSDT_250328": 14624727.8286, "BEAMXUSDT": 13829186.623742, "BBUSDT": 24399171.1409, "HOOKUSDT": 6921736.06243, "1000FLOKIUSDT": 94374592.04738, "1000CATUSDT": 64650695.406, "BALUSDT": 3135968.6104, "RENDERUSDT": 34437963.4371, "LSKUSDT": 2190146.607, "RUNEUSDT": 50067311.969, "STGUSDT": 4739324.4534, "1000XUSDT": 13755735.45501, "XVSUSDT": 2981179.4699, "BNBUSDT": 296143950.7364, "FETUSDT": 125670190.8661, "OGNUSDT": 3864179.5965, "1000PEPEUSDT": 702100335.0387862, "WAXPUSDT": 2488203.62631, "BRETTUSDT": 12063540.04739, "NMRUSDT": 3931781.0708, "RLCUSDT": 3112584.36735, "RSRUSDT": 10991063.027377, "HIGHUSDT": 8933303.71749, "TROYUSDT": 102173745.263403, "ATOMUSDT": 43884181.93712, "GTCUSDT": 6419121.049, "LOKAUSDT": 2970177.9167, "CHESSUSDT": 5646932.1981, "VIDTUSDT": 23215954.14019, "PIXELUSDT": 19749283.0747, "AXLUSDT": 7689105.06538, "VOXELUSDT": 6003429.2959, "1000000MOGUSDT": 41843262.77193, "UNFIUSDT": 6977492.3742, "BLURUSDT": 22503575.7898, "1000BONKUSDT": 77197155.868586, "JASMYUSDT": 31741808.032929, "BTCUSDT_241227": 17607618.386, "RIFUSDT": 3787267.14526, "OMUSDT": 21961429.382938, "WIFUSDT": 511170274.46808, "FILUSDT": 82228014.5358, "BSVUSDT": 5217588.272, "ARBUSDT": 63267586.63356, "BIGTIMEUSDT": 40172141.1274, "1000LUNCUSDT": 19504356.1981, "OMNIUSDT": 12118048.77906, "AERGOUSDT": 4120458.6336, "MASKUSDT": 12991577.3884, "POPCATUSDT": 161267492.4798, "XAIUSDT": 20648841.7449, "RPLUSDT": 4009585.7816, "APEUSDT": 33829745.6394, "DASHUSDT": 3647298.02878, "MEWUSDT": 84351950.083057, "SSVUSDT": 10638525.3928, "ETHWUSDT": 2369599.3524, "ATAUSDT": 3945329.0989, "BANDUSDT": 4048337.60075, "REIUSDT": 4298914.07019, "1000XECUSDT": 3402509.11814, "NULSUSDT": 3731213.3523, "OPUSDT": 73527672.05308, "DIAUSDT": 36567734.7653, "DARUSDT": 10722451.56631, "RDNTUSDT": 13441841.67776, "SYNUSDT": 8945542.9705, "XEMUSDT": 4443698.6769, "FLMUSDT": 6046504.9368, "EIGENUSDT": 126542440.4926, "GUSDT": 4582936.57293, "LDOUSDT": 29923102.4302, "STXUSDT": 52351574.3133, "BELUSDT": 5829624.702, "TONUSDT": 94845683.20493, "KEYUSDT": 5726266.852692, "USDCUSDT": 806047.945464, "PERPUSDT": 3259510.04615, "ARUSDT": 28698698.3273, "ZROUSDT": 52119577.71148, "FIDAUSDT": 21295406.1953, "CELOUSDT": 13692577.2897, "NFPUSDT": 7464639.17479, "STMXUSDT": 9046817.51749, "STEEMUSDT": 1582354.78408, "BCHUSDT": 76978674.18335, "AMBUSDT": 5570503.446766, "C98USDT": 5079980.2689, "LPTUSDT": 10036810.897, "SXPUSDT": 6078385.24031, "ASTRUSDT": 5921666.82835, "LINKUSDT": 110463264.55678, "GRASSUSDT": 84331142.19656, "MAVIAUSDT": 7555473.91481, "WUSDT": 16840365.77467, "ENJUSDT": 5208026.55528, "FIOUSDT": 8753141.95093, "HIFIUSDT": 5514044.4623,