{"ICXUSDT": 4745773.3932, "ETHUSDT": 9300377779.3857, "HUMAUSDT": 42424269.8237, "ZILUSDT": 5888287.17369, "BSWUSDT": 4377096.89704, "BTCUSDT_251226": 1399520.1319, "NEARUSDT": 96344554.859, "LINKUSDT": 208370278.72776, "SKYAIUSDT": 6096916.56049, "FISUSDT": 2522309.72848, "STRKUSDT": 14808236.78782, "FARTCOINUSDT": 444252135.56662, "BROCCOLI714USDT": 10475746.27579, "ZROUSDT": 23187277.37968, "REDUSDT": 6728101.708, "CHZUSDT": 9440460.23797, "KAIAUSDT": 3207765.3137, "ATOMUSDT": 41099278.70944, "COWUSDT": 6084336.411, "RPLUSDT": 3643557.8445, "ATHUSDT": 6510842.62292, "INJUSDT": 52774111.0445, "MANAUSDT": 11238964.942, "HBARUSDT": 57076045.32622, "BANANAUSDT": 9051202.6446, "BTCDOMUSDT": 9460611.8662, "TUTUSDT": 11877457.49833, "GRIFFAINUSDT": 20519730.61148, "1MBABYDOGEUSDT": 7727919.6067143, "JTOUSDT": 16372705.7274, "CHILLGUYUSDT": 15696326.82341, "IOTXUSDT": 4684969.19857, "APTUSDT": 58180829.51659, "WLDUSDT": 107842888.4689, "ICPUSDT": 20347703.45, "NMRUSDT": 2690448.0481, "LOKAUSDT": 2051581.2431, "METISUSDT": 2499019.5881, "KASUSDT": 12014382.70866, "BDXNUSDT": 12231107.57001, "UMAUSDT": 3495756.463, "ADAUSDT": 365796578.9454, "CHRUSDT": 3782821.918, "AVAXUSDT": 217295112.154, "SPKUSDT": 94991360.45619, "HMSTRUSDT": 5688016.359765, "OMNIUSDT": 5502663.18641, "STORJUSDT": 3959765.1805, "VOXELUSDT": 5837995.46273, "EPTUSDT": 5689297.938075, "ACTUSDT": 17537318.05048, "CYBERUSDT": 3407786.6181, "SIGNUSDT": 12899127.40674, "MUBARAKUSDT": 50321414.41073, "TRUUSDT": 2732092.82698, "BIGTIMEUSDT": 8812236.93394, "BIDUSDT": 2994854.61938, "BAKEUSDT": 5218449.7038, "KAITOUSDT": 57362072.33954, "1000FLOKIUSDT": 28088333.67534, "GPSUSDT": 5491182.60116, "APEUSDT": 18314453.5221, "GUNUSDT": 15218150.56835, "JASMYUSDT": 13284230.224286, "USUALUSDT": 19654078.3585, "SSVUSDT": 6331972.43534, "USTCUSDT": 3022905.973383, "QNTUSDT": 5889465.253, "MASKUSDT": 18787371.8851, "TSTUSDT": 12570393.3953, "MILKUSDT": 2785877.75549, "VANRYUSDT": 5056162.99349, "1INCHUSDT": 5953361.0097, "AIUSDT": 5002960.77225, "TRXUSDT": 89028913.09282, "KNCUSDT": 2397008.6125, "ARCUSDT": 25312495.90852, "TAOUSDT": 104762425.35952, "PENGUUSDT": 47380161.662212, "BIOUSDT": 11211782.2856, "RVNUSDT": 3556411.02705, "PROMPTUSDT": 8106883.1268, "BRETTUSDT": 13965391.19198, "SOPHUSDT": 42421517.44013, "ETCUSDT": 51578871.75537, "JELLYJELLYUSDT": 13086561.92037, "LISTAUSDT": 8592027.7175, "NILUSDT": 13315491.52004, "SXPUSDT": 4808268.41156, "FXSUSDT": 4490697.03195, "ZEREBROUSDT": 18962375.52917, "STXUSDT": 19864360.712, "DYMUSDT": 4483203.37725, "SANDUSDT": 24839431.42998, "SPXUSDT": 26840950.1518, "SIRENUSDT": 5571971.34986, "OLUSDT": 1768205.02205, "NOTUSDT": 15581149.716867, "XAIUSDT": 6728609.54468, "SNXUSDT": 7493880.2355, "B2USDT": 5172957.8567, "KSMUSDT": 4067457.9731, "SEIUSDT": 33285919.4954, "NEWTUSDT": 49106833.2328, "MEMEUSDT": 13051661.289583, "NEOUSDT": 14285209.73627, "MEUSDT": 8324237.2156, "ROSEUSDT": 5826358.33818, "DOGSUSDT": 13229883.7087177, "NEIROUSDT": 74170046.1895759, "BNBUSDT": 275197495.7048, "BCHUSDT": 108368074.97448, "JUPUSDT": 39197780.1491, "CATIUSDT": 6766443.932, "AERGOUSDT": 16220093.25207, "WUSDT": 14682725.101295, "OGNUSDT": 2646711.4338, "NKNUSDT": 3397232.55764, "ONDOUSDT": 97549811.6961, "PNUTUSDT": 100812132.90304, "ZRXUSDT": 5551984.02221, "AUCTIONUSDT": 10387794.17053, "ARKMUSDT": 17429042.2374, "SOLVUSDT": 9532201.15415, "ORCAUSDT": 11598201.7798, "KAVAUSDT": 8839898.70208, "VANAUSDT": 11849315.02188, "GRTUSDT": 12107101.29579, "1000PEPEUSDT": 770453119.9071193, "DEEPUSDT": 9791043.81812, "HAEDALUSDT": 27714679.117895, "MYXUSDT": 81201496.44405, "SWARMSUSDT": 14138733.9089, "ORDIUSDT": 48316707.1819, "VETUSDT": 15154110.822702, "BRUSDT": 3775234.55335, "NXPCUSDT": 89174147.32444, "XCNUSDT": 6339970.82489, "MANTAUSDT": 8360771.77601, "PROMUSDT": 1709375.8099, "PAXGUSDT": 29555036.6648, "KERNELUSDT": 16613127.0737, "ALICEUSDT": 5560350.9364, "TONUSDT": 48209614.40865, "CELOUSDT": 7209602.0702, "C98USDT": 4557801.8209, "PENDLEUSDT": 34875031.2623, "BEAMXUSDT": 6767935.023944, "CAKEUSDT": 26970636.7501, "PLUMEUSDT": 4866248.6558, "OMUSDT": 49060780.670304, "UNIUSDT": 79980907.251, "1000000MOGUSDT": 8677954.84443, "COOKIEUSDT": 12082755.3336, "LAYERUSDT": 60704353.46217, "THETAUSDT": 14136787.57976, "FILUSDT": 98719711.8412, "TRUMPUSDT": 293857928.7416, "AGLDUSDT": 6072353.091, "OPUSDT": 72139800.62601, "VIRTUALUSDT": 99613613.67487, "ZECUSDT": 6129622.04178, "ONEUSDT": 5022941.08696, "DOGEUSDT": 792971126.88244, "1000RATSUSDT": 5825360.44839, "AVAAIUSDT": 12053130.41911, "1000000BOBUSDT": 32330245.03486, "ENAUSDT": 228125068.8617, "OBOLUSDT": 8439338.14998, "PONKEUSDT": 3859706.15194, "NEIROETHUSDT": 13625426.43516, "SPELLUSDT": 4089847.2390444, "TIAUSDT": 79218814.9382, "SAHARAUSDT": 442204425.09383, "HIPPOUSDT": 7558094.246254, "LDOUSDT": 46724914.3984, "HFTUSDT": 2502099.41269, "ENSUSDT": 26049419.7399, "MYROUSDT": 3823941.02202, "FLMUSDT": 10473862.8261, "API3USDT": 9419258.89895, "ALTUSDT": 5657163.02022, "PEOPLEUSDT": 26883344.17912, "XLMUSDT": 50428243.34559, "AEVOUSDT": 5735938.52832, "FUSDT": 6192767.98226, "IMXUSDT": 13771189.8026, "CETUSUSDT": 8814522.66292, "ACHUSDT": 11457246.551206, "POLUSDT": 19140079.52001, "ARUSDT": 14650913.9776, "FLOWUSDT": 8602812.4626, "ZKJUSDT": 2548834.7404, "MKRUSDT": 34572035.1624, "EIGENUSDT": 27183498.42137, "WCTUSDT": 68550467.2762, "BOMEUSDT": 23672261.966893, "BTCUSDT_250926": 13712717.78, "1000SATSUSDT": 21645890.885777, "BANKUSDT": 4814724.859418, "SUSHIUSDT": 12522749.0298, "HYPERUSDT": 8731294.1751, "CGPTUSDT": 3519974.8572, "ZKUSDT": 10695607.55785, "POLYXUSDT": 2780810.63345, "QTUMUSDT": 4642885.4606, "USDCUSDT": 2852518.98113, "CFXUSDT": 8290623.70814, "TUSDT": 4302255.88232, "FORMUSDT": 7697567.42269, "BMTUSDT": 17754183.0166, "ARBUSDT": 56867341.62645, "DMCUSDT": 67471781.928323, "MOCAUSDT": 3173633.44598, "DOODUSDT": 3951494.1237367, "UXLINKUSDT": 7921033.1992, "BATUSDT": 3734266.80196, "IOTAUSDT": 7727574.7842, "SYRUPUSDT": 72423614.72952, "MORPHOUSDT": 4150433.20043, "PUMPUSDT": 3055226.94917, "AEROUSDT": 6224045.7348, "GRASSUSDT": 13234635.40124, "KOMAUSDT": 3039098.44994, "ETHUSDT_251226": 1011770.105, "PIXELUSDT": 6740675.0778, "1000LUNCUSDT": 6288844.91486, "FIDAUSDT": 5336739.10132, "WIFUSDT": 211963318.35078, "XMRUSDT": 14354715.47081, "LAUSDT": 48334541.4513, "BTCUSDT": 14010734428.5148, "COMPUSDT": 11334845.87199, "AI16ZUSDT": 49512440.34006, "IOUSDT": 12287663.35061, "RESOLVUSDT": 118820326.61604, "BUSDT": 20094044.27932, "AIXBTUSDT": 40855653.20157, "ANIMEUSDT": 19278269.1229, "HEIUSDT": 2717380.8911, "THEUSDT": 6296812.67653, "IDUSDT": 4314488.2237, "ZENUSDT": 7934887.2803, "INITUSDT": 46488269.3891, "BANDUSDT": 2590970.22265, "SYNUSDT": 2965816.1063, "GALAUSDT": 45012444.76992, "KMNOUSDT": 2656381.09154, "AUSDT": 12613835.21135, "CRVUSDT": 111791609.4168, "LPTUSDT": 8463914.6626, "SHELLUSDT": 8668122.4382, "BROCCOLIF3BUSDT": 10673081.898821, "GMTUSDT": 13413781.55761, "1000SHIBUSDT": 91343288.551286, "BERAUSDT": 30288255.124, "WALUSDT": 11325608.938, "HOOKUSDT": 3058662.6919, "LTCUSDT": 148418618.54927, "HUSDT": 27119629.30331, "LQTYUSDT": 4068580.33109, "HOMEUSDT": 60024226.770858, "XRPUSDT": 1154256798.40224, "AXLUSDT": 4039496.77937, "PUMPBTCUSDT": 2813176.20602, "YGGUSDT": 4665112.7677, "RAYSOLUSDT": 20113710.08597, "PORTALUSDT": 5827704.83532, "MELANIAUSDT": 14414784.06392, "MEWUSDT": 13056467.312085, "AXSUSDT": 11903303.526, "BABYUSDT": 16214375.06873, "PARTIUSDT": 21583104.5567, "1000BONKUSDT": 65784920.004632, "ALPHAUSDT": 4623338.25879, "PIPPINUSDT": 6418840.06665, "PYTHUSDT": 12706137.22268, "DYDXUSDT": 21894227.5638, "HIFIUSDT": 7338289.9453, "COTIUSDT": 6146643.01983, "BLURUSDT": 6548550.81232, "AGTUSDT": 10020232.40211, "MBOXUSDT": 2791651.07868, "HYPEUSDT": 188956971.74026, "DFUSDT": 2633357.8893, "SOLUSDT": 2755692325.06035, "XTZUSDT": 11544334.9777, "FETUSDT": 67947404.5796, "GOATUSDT": 26226734.82666, "ALCHUSDT": 22098657.77446, "POPCATUSDT": 73345056.858,