{"DARUSDT": 10722451.56631, "BCHUSDT": 78321790.31545, "GALAUSDT": 61294791.14171, "SEIUSDT": 77129417.2072, "RAREUSDT": 40488221.42951, "ALPHAUSDT": 3712033.95094, "NKNUSDT": 3073048.43416, "TURBOUSDT": 64239743.203197, "PEOPLEUSDT": 137185362.30984, "MBOXUSDT": 7273691.7538, "CHZUSDT": 12678114.54754, "RVNUSDT": 3843549.48072, "ARUSDT": 29907197.7616, "STEEMUSDT": 1582354.78408, "UMAUSDT": 11892704.412, "UXLINKUSDT": 47834762.815, "BBUSDT": 24465907.0243, "XEMUSDT": 4483521.1258, "RPLUSDT": 3776829.0433, "AXLUSDT": 7815956.6219, "PIXELUSDT": 19659201.2059, "NEARUSDT": 109029064.154, "1000XECUSDT": 3402509.11814, "ATOMUSDT": 43979482.129, "BNBUSDT": 303360703.096, "HOTUSDT": 5435617.410894, "FTMUSDT": 147475387.0149, "XMRUSDT": 10572215.99199, "MANAUSDT": 13248584.4882, "BELUSDT": 5790006.6895, "LEVERUSDT": 5730308.9711283, "DUSKUSDT": 5813537.33189, "RSRUSDT": 10432493.071575, "BADGERUSDT": 2720403.995, "MEMEUSDT": 20363142.678209, "SWELLUSDT": 51241975.51809, "WUSDT": 16973607.19808, "KSMUSDT": 4985803.7897, "OMGUSDT": 2986427.51058, "AGLDUSDT": 3864564.4829, "TLMUSDT": 4212447.843616, "MYROUSDT": 16231548.51102, "LINKUSDT": 110613901.93349, "EOSUSDT": 36769256.1474, "NEIROUSDT": 833968010.9464473, "TNSRUSDT": 14208632.64192, "AMBUSDT": 5570503.446766, "UNIUSDT": 59566588.501, "WLDUSDT": 235608957.2822, "LOKAUSDT": 2787040.5888, "COTIUSDT": 9247006.85986, "AUCTIONUSDT": 9380781.93208, "KDAUSDT": 4999124.7194, "DOGSUSDT": 159000055.8046442, "ETHWUSDT": 2370460.2778, "TUSDT": 4167927.53192, "API3USDT": 7937283.24225, "QTUMUSDT": 3589992.5066, "MASKUSDT": 12991005.6139, "TRXUSDT": 53852381.99599, "SUPERUSDT": 22590795.6875, "CYBERUSDT": 6913706.6697, "COWUSDT": 143228244.1991, "ONGUSDT": 3040708.53553, "PHBUSDT": 8864468.0342, "XVSUSDT": 2965066.9763, "SPELLUSDT": 4620878.0487569, "ILVUSDT": 4674833.556, "ALTUSDT": 21942904.9709, "XLMUSDT": 15972229.33597, "BSWUSDT": 3267121.87274, "SYNUSDT": 8945542.9705, "TROYUSDT": 52316361.236472, "ACTUSDT": 597753413.53967, "LUNA2USDT": 8349551.0553, "NEIROETHUSDT": 182288122.8214, "IOUSDT": 62413093.4345, "ETCUSDT": 42681853.86941, "1000FLOKIUSDT": 94374592.04738, "HIGHUSDT": 8955984.33684, "1000PEPEUSDT": 702100335.0387862, "BNTUSDT": 2112130.39875, "MAVIAUSDT": 7555473.91481, "ETHFIUSDT": 43175069.93835, "ROSEUSDT": 11251493.41429, "HIFIUSDT": 5514044.4623, "SCRUSDT": 40953579.013, "MAGICUSDT": 5246923.81234, "LTCUSDT": 87833730.20333, "PORTALUSDT": 9831365.71189, "PERPUSDT": 3320997.04415, "STORJUSDT": 11734226.9414, "AEVOUSDT": 18837069.48052, "ENJUSDT": 5217220.17297, "1000SHIBUSDT": 114469623.826398, "GMTUSDT": 22239746.65348, "KEYUSDT": 5388975.0727324, "AERGOUSDT": 4120458.6336, "UNFIUSDT": 7182759.0651, "BIGTIMEUSDT": 39078883.89556, "IOTAUSDT": 5306643.25704, "OXTUSDT": 2038245.98882, "RUNEUSDT": 48741246.222, "CFXUSDT": 22334895.85748, "DYDXUSDT": 40821754.9029, "LOOMUSDT": 5038243.06103, "OMNIUSDT": 12118048.77906, "IOSTUSDT": 3664710.2533, "THETAUSDT": 15839861.20538, "ZENUSDT": 6502044.5115, "TAOUSDT": 76283471.95519, "VOXELUSDT": 5826831.8297, "OPUSDT": 73631355.97406, "METISUSDT": 5124163.3515, "ARKUSDT": 4825208.0624, "SANDUSDT": 21189777.1586, "PENDLEUSDT": 48608817.1974, "CETUSUSDT": 138426669.07743, "AXSUSDT": 16222787.3, "1000CATUSDT": 64136284.45196, "REZUSDT": 19641723.04757, "BONDUSDT": 5024726.55, "BANANAUSDT": 22036084.0564, "POWRUSDT": 3520411.7726, "LPTUSDT": 10051273.1702, "DOTUSDT": 67785968.9232, "ALPACAUSDT": 10819195.74223, "JASMYUSDT": 31741808.032929, "BRETTUSDT": 11916088.98373, "NOTUSDT": 120905544.56098, "COMPUSDT": 7942205.55487, "IMXUSDT": 17654184.8247, "FIDAUSDT": 20821753.0511, "MANTAUSDT": 16116609.38426, "TIAUSDT": 171882999.7555, "JOEUSDT": 2804268.1254, "ATAUSDT": 3965733.4527, "IOTXUSDT": 4747265.97199, "ZRXUSDT": 5540015.72944, "NULSUSDT": 3559869.205, "XTZUSDT": 5979221.3858, "GLMUSDT": 5088871.10031, "CHESSUSDT": 5646932.1981, "CRVUSDT": 67868698.441, "ONDOUSDT": 49681996.28705, "1000BONKUSDT": 77197155.868586, "NEOUSDT": 11570288.04901, "1000LUNCUSDT": 19304730.43664, "DOGEUSDT": 305944574.54456, "ZROUSDT": 54245586.69501, "XAIUSDT": 20905485.094, "PNUTUSDT": 207632118.25226, "CTSIUSDT": 4500572.7555, "1MBABYDOGEUSDT": 117235316.0644013, "ICPUSDT": 25242987.949, "BLURUSDT": 22349202.7529, "GOATUSDT": 392960156.473, "CHRUSDT": 7256081.517, "ARKMUSDT": 32587213.8027, "JTOUSDT": 35565235.1656, "AAVEUSDT": 106300805.509, "SXPUSDT": 5847867.29627, "INJUSDT": 80485803.0938, "BALUSDT": 3139430.4645, "LINAUSDT": 9606604.60845, "LDOUSDT": 30460334.5692, "GTCUSDT": 6419121.049, "ONEUSDT": 5153578.77359, "SNXUSDT": 9561048.6766, "VANRYUSDT": 9378954.70895, "BLZUSDT": 4714310.44429, "ENAUSDT": 128132843.7705, "ORBSUSDT": 4184121.87616, "IDUSDT": 5577452.83509, "BTCUSDT_241227": 18062912.2936, "RLCUSDT": 3116178.47689, "CELOUSDT": 13692577.2897, "DASHUSDT": 3647298.02878, "BEAMXUSDT": 13829186.623742, "ASTRUSDT": 5965560.511614, "OGNUSDT": 3961465.8666, "ETHUSDT_250328": 6581479.23847, "POLUSDT": 29757156.4759, "LRCUSDT": 4285691.74883, "COSUSDT": 3742196.863345, "1000000MOGUSDT": 28930241.16512, "REIUSDT": 4013291.43535, "XRPUSDT": 287185085.21189, "RDNTUSDT": 13136395.15784, "ARBUSDT": 64358112.43689, "WAXPUSDT": 2499539.26978, "GUSDT": 4582936.57293, "SFPUSDT": 3378957.1698, "KNCUSDT": 3427194.1287, "SSVUSDT": 10638525.3928, "ACHUSDT": 5725978.161928, "ZETAUSDT": 24340544.8791, "AVAXUSDT": 156771879.806, "SUIUSDT": 468381416.00163, "APEUSDT": 33829745.6394, "SUSHIUSDT": 12059247.7454, "FIOUSDT": 8345652.14721, "BOMEUSDT": 115273983.975852, "ANKRUSDT": 4107936.36582, "MINAUSDT": 11117462.0077, "YGGUSDT": 15992599.9199, "ETHUSDT_241227": 10972164.35174, "APTUSDT": 109579563.6021, "MAVUSDT": 5176441.39902, "DENTUSDT": 3162362.411607, "VETUSDT": 9044628.603275, "BANDUSDT": 4055618.0827, "KASUSDT": 15043648.86294, "ADAUSDT": 110582343.8458, "ETHUSDT": 5530067659.02683, "BICOUSDT": 3275568.0043, "MOODENGUSDT": 410721358.57861, "RENDERUSDT": 34437963.4371, "STMXUSDT": 9663827.7948, "FXSUSDT": 3446260.84434, "JUPUSDT": 34242799.2355, "POPCATUSDT": 161267492.4798, "CAKEUSDT": 6659860.1, "BSVUSDT": 5272129.185, "BNXUSDT": 26861383.25871, "ZECUSDT": 14238842.99885, "FLOWUSDT": 8710453.652, "MTLUSDT": 4064844.7949, "GASUSDT": 5790014.7921, "POLYXUSDT": 7073255.62021, "DODOXUSDT": 2732356.300304, "RENUSDT": 4102754.08363, "BTCUSDT_250328": 14624727.8286, "HFTUSDT": 2152412.31366, "KLAYUSDT": 3788554.46576, "BATUSDT": 3378595.60859, "MOVRUSDT": 4323637.57127, "TOKENUSDT": 9191514.44576, "BTCDOMUSDT": 2340369.0826, "NFPUSDT": 7496558.76484, "ONTUSDT": 4594319.88378, "KAVAUSDT": 6425301.41645, "WOOUSDT": 7035654.78272, "GHSTUSDT": 3712630.548, "STGUSDT": 4739324.4534, "SYSUSDT": 5883824.0871, "AIUSDT": 14959838.59696, "MEWUSDT": 84351950.083057, "QUICKUSDT": 3191710.66353, "HMSTRUSDT": 62522162.318118, "STRKUSDT": 35130261.93602, "EIGENUSDT": 129540058.3758, "SKLUSDT": 3989130.81872, "SANTOSUSDT": 38883418.0416, "LQTYUSDT": 7109673.56699, "GRASSUSDT": 70120433.58322, "LITUSDT": 5044577.0718, "COMBOUSDT": 2588360.64639, "ALGOUSDT": 9972502.71164, "HOOKUSDT": 6923408.89755, "LISTAUSDT": 19529144.2621, "ENSUSDT": 27465954.8787, "RONINUSDT": 4024184.89626, "OMUSDT": 21961429.382938, "SOLUSDT": 2072250884.037, "NTRNUSDT": 2994141.1654, "GRTUSDT": 17256659.01485, "FILUSDT": 84356891.3427, "EDUUSDT": 7462143.0302, "USTCUSDT": 7064442.57524, "C98USDT": 5174449.7372, "SAFEUSDT": 32194294.3361, "CATIUSDT": 90190996.1235, "TWTUSDT": 3582599.0012, "REEFUSDT": 51568165.281884, "ZILUSDT": 5565189.449, "WIFUSDT": 511350518.03662, "1000SATSUSDT": 175157667.5841107, "LSKUSDT": 2227102.7729, "ALICEUSDT": 7580736.4473, "1INCHUSDT": 9994500.8403, "SAGAUSDT": 115041827.33336, "ACEUSDT": 11210264.350742, "GMXUSDT": 5320310.03659, "CELRUSDT": 3781269.41375, "BAKEUSDT": 12711333.9517, "XVGUSDT": 2626391.806131, "TRBUSDT": 43774735.6914, "FLMUSDT": 6046504.9368, "HBARUSDT": 13765520.02523, "DYMUSDT": 18969937.70677, "USDCUSDT": 806047.945464, "DRIFTUSDT": 212054101.6253, "RIFUSDT": 3787267.14526,